Order_ID,Order_Date,Customer_ID,Country,Region,City,Category,Product,Gender,Size,Sales_Channel,Customer_Segment,Payment_Method,Campaign,Quantity,Unit_Price_USD,Discount_Rate,Revenue_USD,Cost_USD,Profit_USD,Customer_Rating,Returned,Order_Status,Customer_Age,Shipping_Days,Inventory_Available,Marketing_Spend_USD,Customer_Lifetime_Value_USD
ORD-100000,1970-01-01 05:00:45.428,CUST-10769,India,South Asia,Mumbai,Running,Solarboost,Male,38,Wholesale,Consumer,Bank Transfer,Eid Campaign,1.0,212.61,20.0,170.09,125.94,44.15,5,Yes,Returned,40,2,770,82617.09,831.82
ORD-100001,1970-01-01 05:00:45.374,CUST-10189,Pakistan,South Asia,Karachi,Running,Ultraboost,Unisex,36,Wholesale,Consumer,Bank Transfer,Eid Campaign,2.0,101.85,5.0,193.52,121.36,72.16,3,No,Completed,64,14,670,55593.68,764.12
ORD-100002,1970-01-01 05:00:44.940,CUST-10897,Saudi Arabia,Middle East,Riyadh,Training,Everyday,Male,43,Marketplace,Premium Consumer,Debit Card,Summer Sale,1.0,134.59,0.0,134.59,94.42,40.17,4,No,Completed,37,5,728,8972.69,698.27
ORD-100003,1970-01-01 05:00:45.705,CUST-10401,Germany,Europe,Berlin,Running,Ultraboost,Female,42,Wholesale,Premium Consumer,Credit Card,Sports Event,1.0,172.49,15.0,146.62,92.46,54.16,3,No,Completed,43,2,302,36755.72,1860.62
ORD-100004,1970-01-01 05:00:45.702,CUST-10216,Australia,Oceania,Sydney,Lifestyle,Samba,Unisex,44,Wholesale,Premium Consumer,Bank Transfer,Summer Sale,1.0,112.75,30.0,78.92,75.57,3.35,5,No,Completed,62,5,427,9099.36,2498.12
ORD-100005,1970-01-01 05:00:45.519,CUST-10230,India,South Asia,Delhi,Running,Adizero,Male,38,Mobile App,Premium Consumer,Digital Wallet,Sports Event,1.0,190.33,20.0,152.26,119.18,33.08,5,No,Completed,58,4,16,31472.5,2361.89
ORD-100006,1970-01-01 05:00:45.654,CUST-10642,Germany,Europe,Munich,Football,Copa,Unisex,44,Online Store,Business,Debit Card,New Year Sale,2.0,108.43,12.59,195.17,105.81,89.36,4,No,Pending,18,3,985,26249.81,1359.54
ORD-100007,1970-01-01 05:00:45.704,CUST-10484,Saudi Arabia,Middle East,Jeddah,Football,F50,Unisex,45,Retail Store,Business,Cash on Delivery,No Campaign,1.0,83.29,0.0,83.29,57.19,26.1,4,No,Completed,40,3,80,39161.25,3147.7
ORD-100008,1970-01-01 05:00:45.748,CUST-10339,Saudi Arabia,Middle East,Jeddah,Running,Solarboost,Male,42,Wholesale,Business,Cash on Delivery,Summer Sale,1.0,150.98,15.0,128.33,74.68,53.65,3,No,Completed,47,4,183,83809.02,1757.54
ORD-100009,1970-01-01 05:00:45.219,CUST-10317,Australia,Oceania,Melbourne,Training,Rapidmove,Male,42,Wholesale,Business,Cash on Delivery,Sports Event,2.0,139.75,0.0,279.5,143.33,136.17,4,No,Completed,54,4,466,15462.48,1893.81
ORD-100010,1970-01-01 05:00:45.668,CUST-10612,Usa,North America,Los Angeles,Lifestyle,Superstar,Male,45,Mobile App,Consumer,Credit Card,No Campaign,1.0,111.39,0.0,111.39,53.61,57.78,3,No,Completed,34,3,282,30953.36,617.1
ORD-100011,1970-01-01 05:00:45.791,CUST-10183,Uae,Middle East,Sharjah,Outdoor,Ridgewalker,Male,43,Mobile App,Business,Digital Wallet,New Year Sale,1.0,195.72,10.0,176.15,106.33,69.82,4,No,Completed,34,3,70,26481.17,3001.93
ORD-100012,1970-01-01 05:00:45.161,CUST-10402,Uk,Europe,Birmingham,Lifestyle,Samba,Unisex,44,Marketplace,Consumer,Cash on Delivery,Eid Campaign,1.0,59.93,5.0,56.93,27.55,29.38,2,No,Completed,43,4,89,29966.09,3310.87
ORD-100013,1970-01-01 05:00:45.466,CUST-10610,Uae,Middle East,Sharjah,Training,Dropset,Male,45,Online Store,Business,Cash on Delivery,No Campaign,1.0,116.0,0.0,116.0,59.06,56.94,3,No,Completed,24,4,708,55519.32202743332,3813.96
ORD-100014,1970-01-01 05:00:45.257,CUST-10130,Saudi Arabia,Middle East,Dammam,Football,Copa,Unisex,36,Wholesale,Premium Consumer,Digital Wallet,No Campaign,1.0,122.18,30.0,85.53,73.62,11.91,4,No,Completed,37,4,641,24809.02,4529.65
ORD-100015,1970-01-01 05:00:45.417,CUST-10895,India,South Asia,Delhi,Basketball,Dame,Male,38,Online Store,Business,Digital Wallet,No Campaign,2.0,70.1,0.0,140.2,60.63,79.57,5,Yes,Returned,63,5,591,94286.84,3853.42
ORD-100016,1970-01-01 05:00:45.265,CUST-10459,Uae,Middle East,Abu Dhabi,Football,F50,Unisex,43,Retail Store,Business,Debit Card,Sports Event,99.0,134.75,15.0,114.54,81.91,32.63,5,No,Completed,39,1,957,42300.12,1255.14
ORD-100017,1970-01-01 05:00:45.824,CUST-10658,Uk,Europe,Birmingham,Training,Everyday,Female,38,Retail Store,Consumer,Credit Card,Black Friday,1.0,138.13,10.0,124.32,80.75,43.57,4,No,Completed,21,3,364,11854.27,1254.71
ORD-100018,1970-01-01 05:00:45.378,CUST-10115,Pakistan,South Asia,Lahore,Lifestyle,Gazelle,Male,36,Retail Store,Consumer,Credit Card,Black Friday,1.0,150.64,0.0,150.64,105.01,45.63,4,No,Pending,38,5,202,47032.03,4583.93
ORD-100019,1970-01-01 05:00:45.497,CUST-10489,India,South Asia,Chennai,Lifestyle,Gazelle,Male,45,Retail Store,Business,Bank Transfer,New Year Sale,1.0,142.86,0.0,142.86,66.69,76.17,5,No,Completed,19,4,230,18850.97,3971.65
ORD-100020,1970-01-01 05:00:45.760,CUST-10035,Australia,Oceania,Sydney,Football,F50,Male,38,Mobile App,Premium Consumer,Digital Wallet,Eid Campaign,1.0,67.76,5.0,64.37,40.36,24.01,2,Yes,Returned,62,7,598,22005.0,3933.01
ORD-100021,1970-01-01 05:00:45.128,CUST-10149,Australia,Oceania,Sydney,Outdoor,Terrex,Female,38,Online Store,Consumer,Debit Card,Summer Sale,1.0,178.41,10.0,160.57,109.73,50.84,4,No,Pending,39,4,738,28861.62,3626.6
ORD-100022,1970-01-01 05:00:45.302,CUST-10866,Australia,Oceania,Melbourne,Football,F50,Female,42,Online Store,Premium Consumer,Bank Transfer,No Campaign,1.0,89.42,30.0,62.59,48.85,13.74,5,No,Completed,57,4,5,12913.61,1409.29
ORD-100023,1970-01-01 05:00:45.118,CUST-10640,Pakistan,South Asia,Karachi,Outdoor,Terrex,Male,43,Mobile App,Premium Consumer,Debit Card,Eid Campaign,1.0,154.63,0.0,154.63,63.11,91.52,5,No,Completed,42,4,356,72251.33,4252.31
ORD-100024,1970-01-01 05:00:44.931,CUST-10153,Pakistan,South Asia,Faisalabad,Football,F50,Female,44,Marketplace,Premium Consumer,Bank Transfer,No Campaign,1.0,62.2,15.0,52.87,33.55,19.32,5,Yes,Returned,33,2,448,79298.67,800.13
ORD-100025,1970-01-01 05:00:45.534,CUST-10253,Australia,Oceania,Sydney,Football,X Crazyfast,Male,45,Online Store,Business,Cash on Delivery,No Campaign,1.0,94.44,0.0,94.44,38.29,56.15,5,No,Completed,47,5,736,39731.35,1815.09
ORD-100026,1970-01-01 05:00:45.956,CUST-10257,Pakistan,South Asia,Rawalpindi,Lifestyle,Superstar,Male,36,Wholesale,Consumer,Debit Card,No Campaign,1.0,51.68,10.0,46.51,29.59,16.92,5,No,Cancelled,45,3,145,69054.76,1797.73
ORD-100027,1970-01-01 05:00:45.753,CUST-10396,India,South Asia,Delhi,Outdoor,Ridgewalker,Unisex,42,Wholesale,Business,Credit Card,New Year Sale,1.0,172.75,30.0,120.92,90.44,30.48,5,No,Completed,29,3,54,39200.95,2844.65
ORD-100028,1970-01-01 05:00:45.461,CUST-10492,India,South Asia,Mumbai,Training,Everyday,Unisex,42,Retail Store,Premium Consumer,Digital Wallet,Summer Sale,1.0,47.83,0.0,47.83,31.6,16.23,4,No,Completed,28,1,66,16825.69,2370.87
ORD-100029,1970-01-01 05:00:45.075,CUST-10189,Uk,Europe,London,Training,Everyday,Female,38,Online Store,Business,Debit Card,New Year Sale,2.0,59.52,50.0,59.52,63.33,-3.81,4,No,Completed,46,5,696,40018.22,2353.06
ORD-100030,1970-01-01 05:00:45.067,CUST-10232,Uk,Europe,London,Football,Copa,Female,44,Retail Store,Premium Consumer,Bank Transfer,No Campaign,2.0,147.61,20.0,236.18,148.32,87.86,5,No,Completed,36,10,146,55920.25,2812.5
ORD-100031,1970-01-01 05:00:45.540,CUST-10568,Uk,Europe,London,Lifestyle,Samba,Male,40,Marketplace,Consumer,Credit Card,Sports Event,1.0,119.5,5.0,113.52,60.37,53.15,5,No,Completed,56,1,585,4578.93,2135.55
ORD-100032,1970-01-01 05:00:45.358,CUST-10518,Uae,Middle East,Sharjah,Basketball,Dame,Female,42,Marketplace,Business,Digital Wallet,Black Friday,1.0,125.94,3.91,125.94,56.14,69.8,5,No,Completed,63,4,979,65621.2,1324.92
ORD-100033,1970-01-01 05:00:45.493,CUST-10131,Pakistan,South Asia,Lahore,Running,Duramo,Male,42,Retail Store,Business,Cash on Delivery,Summer Sale,1.0,80.91,5.0,76.86,41.96,34.9,3,No,Pending,53,2,650,74389.49,3354.19
ORD-100034,1970-01-01 05:00:44.946,CUST-10475,Australia,Oceania,Sydney,Lifestyle,Superstar,Male,40,Wholesale,Consumer,Cash on Delivery,New Year Sale,1.0,149.7,10.0,134.73,60.42,74.31,4,Yes,Returned,25,4,735,64766.8508456879,3974.1
ORD-100035,1970-01-01 05:00:45.012,CUST-10671,Uae,Middle East,Abu Dhabi,Training,Powerlift,Female,36,Marketplace,Consumer,Debit Card,Sports Event,1.0,145.84,20.0,116.67,68.77,47.9,5,Yes,Returned,62,5,231,10725.67,2447.08
ORD-100036,1970-01-01 05:00:45.243,CUST-10885,India,South Asia,Mumbai,Basketball,Own The Game,Male,40,Mobile App,Consumer,Debit Card,Sports Event,1.0,179.16,10.0,161.24,107.75,53.49,5,No,Completed,20,3,467,509.31,3282.47
ORD-100037,1970-01-01 05:00:45.473,CUST-10731,Germany,Europe,Berlin,Training,Powerlift,Unisex,38,Mobile App,Consumer,Digital Wallet,Summer Sale,2.0,137.93,5.0,262.07,126.95,135.12,4,No,Completed,54,2,694,7790.0,2723.28
ORD-100038,1970-01-01 05:00:45.552,CUST-10814,Saudi Arabia,Middle East,Riyadh,Training,Everyday,Male,38,Retail Store,Premium Consumer,Cash on Delivery,No Campaign,3.0,74.05,0.0,222.15,153.62,68.53,5,No,Completed,42,3,95,92449.62,389.08
ORD-100039,1970-01-01 05:00:45.970,CUST-10794,India,South Asia,Chennai,Basketball,Dame,Unisex,38,Marketplace,Consumer,Credit Card,Black Friday,1.0,65.43,50.0,32.72,29.32,3.4,4,No,Pending,30,14,490,76672.79,2173.11
ORD-100040,1970-01-01 05:00:45.005,CUST-10082,Uae,Middle East,Dubai,Lifestyle,Campus,Unisex,38,Marketplace,Business,Cash on Delivery,Eid Campaign,1.0,126.09,15.0,107.18,87.28,19.9,4,No,Completed,34,5,932,83625.85,148.28
ORD-100041,1970-01-01 05:00:45.448,CUST-10770,India,South Asia,Delhi,Training,Powerlift,Unisex,43,Online Store,Business,Bank Transfer,Sports Event,1.0,62.8,0.0,62.8,30.52,32.28,4,No,Completed,29,6,853,51942.87,3343.21
ORD-100042,1970-01-01 05:00:45.070,CUST-10737,Saudi Arabia,Middle East,Dammam,Basketball,Own The Game,Female,42,Online Store,Business,Cash on Delivery,New Year Sale,2.0,155.02,20.0,248.03,187.45,60.58,5,No,Completed,55,3,247,52908.63,2589.99
ORD-100043,1970-01-01 05:00:45.595,CUST-10137,Uk,Europe,Manchester,Outdoor,Five Ten,Unisex,44,Wholesale,Consumer,Debit Card,Eid Campaign,1.0,156.65,22.43,109.66,77.6,32.06,4,No,Completed,34,5,131,30201.31,721.47
ORD-100044,1970-01-01 05:00:45.543,CUST-10373,Usa,North America,Houston,Outdoor,Ridgewalker,Unisex,36,Marketplace,Premium Consumer,Debit Card,Eid Campaign,1.0,187.68,0.0,187.68,79.63,108.05,3,No,Completed,33,5,524,84353.93,2756.74
ORD-100045,1970-01-01 05:00:45.832,CUST-10404,Germany,Europe,Hamburg,Training,Rapidmove,Male,45,Mobile App,Business,Debit Card,Sports Event,1.0,92.14,0.0,92.14,38.06,54.08,3,No,Completed,23,4,69,83062.07,4502.29
ORD-100046,1970-01-01 05:00:45.118,CUST-10572,India,South Asia,Mumbai,Basketball,Dame,Unisex,44,Retail Store,Consumer,Debit Card,No Campaign,1.0,103.71,20.0,82.97,62.32,20.65,2,No,Cancelled,48,6,348,39521.05,1768.4
ORD-100047,1970-01-01 05:00:45.076,CUST-10311,Pakistan,South Asia,Rawalpindi,Football,F50,Female,42,Mobile App,Premium Consumer,Digital Wallet,No Campaign,1.0,147.27,15.0,125.18,76.29,48.89,4,No,Completed,24,2,441,33262.07,4913.61
ORD-100048,1970-01-01 05:00:45.145,CUST-10085,Uae,Middle East,Abu Dhabi,Outdoor,Terrex,Male,40,Wholesale,Premium Consumer,Credit Card,New Year Sale,1.0,147.52,0.0,147.52,93.82,53.7,3,No,Completed,43,1,255,73968.14,4800.96
ORD-100049,1970-01-01 05:00:45.200,CUST-10553,Saudi Arabia,Middle East,Jeddah,Running,Duramo,Unisex,45,Wholesale,Business,Cash on Delivery,Eid Campaign,1.0,104.98,10.0,94.48,66.74,27.74,4,No,Completed,58,3,385,53838.29627921691,3948.02
ORD-100050,1970-01-01 05:00:45.252,CUST-10445,Usa,North America,Houston,Lifestyle,Superstar,Female,44,Retail Store,Business,Cash on Delivery,New Year Sale,1.0,86.34,0.0,86.34,40.76,45.58,4,No,Completed,47,3,504,86064.92,4087.62
ORD-100051,1970-01-01 05:00:45.489,CUST-10503,Australia,Oceania,Melbourne,Outdoor,Ridgewalker,Male,44,Retail Store,Premium Consumer,Cash on Delivery,No Campaign,1.0,99.05,5.0,94.1,70.35,23.75,5,No,Completed,55,1,699,44901.67,2111.67
ORD-100052,1970-01-01 05:00:45.400,CUST-10089,India,South Asia,Chennai,Football,X Crazyfast,Unisex,40,Retail Store,Consumer,Digital Wallet,Eid Campaign,1.0,122.38,5.0,116.26,65.61,50.65,4,No,Completed,31,3,600,44413.75,2072.45
ORD-100053,1970-01-01 05:00:45.778,CUST-10320,Germany,Europe,Berlin,Lifestyle,Superstar,Male,38,Mobile App,Business,Credit Card,New Year Sale,1.0,55.7,0.0,55.7,23.41,32.29,3,No,Completed,54,2,415,67073.25,4776.55
ORD-100054,1970-01-01 05:00:45.647,CUST-10546,Usa,North America,Chicago,Training,Dropset,Female,43,Wholesale,Business,Bank Transfer,New Year Sale,1.0,127.37,6.88,108.26,67.6,40.66,5,No,Completed,18,5,318,64752.06,1894.36
ORD-100055,1970-01-01 05:00:45.485,CUST-10748,Saudi Arabia,Middle East,Jeddah,Training,Powerlift,Male,36,Mobile App,Premium Consumer,Digital Wallet,Sports Event,1.0,127.48,0.0,127.48,84.22,43.26,5,No,Completed,59,4,315,26964.42,574.68
ORD-100056,1970-01-01 05:00:46.020,CUST-10615,Uae,Middle East,Dubai,Training,Powerlift,Male,36,Online Store,Business,Digital Wallet,Summer Sale,1.0,90.89,10.0,81.8,43.11,38.69,5,No,Completed,57,2,665,94356.22,848.24
ORD-100057,1970-01-01 05:00:45.459,CUST-10096,Australia,Oceania,Melbourne,Football,Predator,Female,42,Mobile App,Premium Consumer,Cash on Delivery,Eid Campaign,1.0,172.18,11.08,146.35,98.26,48.09,5,No,Completed,54,3,985,98639.83,3580.95
ORD-100058,1970-01-01 05:00:45.094,CUST-10647,Uk,Europe,Manchester,Training,Everyday,Male,45,Online Store,Premium Consumer,Debit Card,No Campaign,2.0,94.34,10.0,169.81,98.34,71.47,4,No,Completed,22,4,997,52835.91,1976.61
ORD-100059,1970-01-01 05:00:44.990,CUST-10022,India,South Asia,Mumbai,Outdoor,Terrex,Male,36,Wholesale,Consumer,Debit Card,Summer Sale,1.0,201.75,10.0,181.58,134.08,47.5,5,No,Completed,64,3,661,47212.733968286244,1076.78
ORD-100060,1970-01-01 05:00:45.373,CUST-10126,Australia,Oceania,Melbourne,Outdoor,Terrex,Unisex,44,Marketplace,Consumer,Bank Transfer,New Year Sale,1.0,203.44,10.0,183.1,88.03,95.07,5,No,Completed,59,1,329,55654.64,4087.55
ORD-100061,1970-01-01 05:00:45.148,CUST-10000,India,South Asia,Kolkata,Football,Copa,Male,44,Wholesale,Business,Digital Wallet,Eid Campaign,2.0,58.96,0.0,117.92,56.07,61.85,3,No,Completed,57,4,982,48835.85,2494.5
ORD-100062,1970-01-01 05:00:45.135,CUST-10346,Saudi Arabia,Middle East,Dammam,Running,Adizero,Female,38,Wholesale,Consumer,Cash on Delivery,New Year Sale,1.0,126.9,10.0,114.21,85.83,28.38,5,No,Completed,34,3,131,94546.11,2881.44
ORD-100063,1970-01-01 05:00:45.068,CUST-10048,Usa,North America,Houston,Outdoor,Agravic,Male,43,Mobile App,Consumer,Digital Wallet,Black Friday,1.0,85.76,5.0,81.47,55.72,25.75,4,No,Completed,24,3,143,24852.87,854.35
ORD-100064,1970-01-01 05:00:45.818,CUST-10669,Australia,Oceania,Sydney,Outdoor,Ridgewalker,Unisex,45,Marketplace,Business,Bank Transfer,Eid Campaign,3.0,130.93,5.0,373.15,207.06,166.09,4,No,Completed,46,3,246,11241.84,1044.5
ORD-100065,1970-01-01 05:00:45.587,CUST-10263,Australia,Oceania,Sydney,Training,Everyday,Male,44,Mobile App,Consumer,Digital Wallet,New Year Sale,1.0,72.34,10.0,65.11,40.07,25.04,4,No,Completed,46,3,62,92989.95,716.69
ORD-100066,1970-01-01 05:00:45.939,CUST-10442,Usa,North America,Chicago,Basketball,D.O.N. Issue,Male,44,Retail Store,Premium Consumer,Cash on Delivery,Black Friday,1.0,167.69,20.0,134.15,113.6,20.55,4,No,Completed,25,5,681,46132.521950063434,2621.26
ORD-100067,1970-01-01 05:00:44.947,CUST-10468,Uk,Europe,Birmingham,Lifestyle,Campus,Male,38,Retail Store,Business,Digital Wallet,Eid Campaign,1.0,60.94,15.0,51.8,41.06,10.74,5,No,Completed,31,3,928,75040.96,3900.72
ORD-100068,1970-01-01 05:00:45.932,CUST-10745,Saudi Arabia,Middle East,Jeddah,Outdoor,Five Ten,Male,38,Marketplace,Consumer,Digital Wallet,Sports Event,1.0,110.84,10.0,99.76,59.28,40.48,5,No,Completed,19,5,908,20785.39,3688.2
ORD-100069,1970-01-01 05:00:45.896,CUST-10058,Saudi Arabia,Middle East,Dammam,Basketball,Dame,Unisex,38,Mobile App,Business,Bank Transfer,Black Friday,1.0,101.42,0.0,101.42,72.2,29.22,5,No,Completed,63,3,813,96038.51,1380.03
ORD-100070,1970-01-01 05:00:45.481,CUST-10609,Germany,Europe,Munich,Outdoor,Five Ten,Female,42,Online Store,Business,Debit Card,Black Friday,1.0,148.43,5.82,148.43,90.01,58.42,4,No,Cancelled,40,5,502,79216.62,4272.6
ORD-100071,1970-01-01 05:00:45.319,CUST-10286,India,South Asia,Mumbai,Outdoor,Ridgewalker,Unisex,44,Marketplace,Business,Bank Transfer,New Year Sale,1.0,148.89,10.0,134.0,93.87,40.13,3,No,Completed,23,7,235,36309.68215088142,617.74
ORD-100072,1970-01-01 05:00:45.533,CUST-10692,Uk,Europe,London,Running,Adizero,Female,40,Marketplace,Consumer,Bank Transfer,Summer Sale,1.0,107.61,15.0,91.47,57.58,33.89,4,No,Completed,53,1,396,62924.64241295152,658.84
ORD-100073,1970-01-01 05:00:45.525,CUST-10761,Uk,Europe,Birmingham,Running,Ultraboost,Male,38,Online Store,Consumer,Bank Transfer,Black Friday,2.0,80.24,30.0,112.34,84.56,27.78,5,No,Completed,53,1,800,8900.23,4261.59
ORD-100074,1970-01-01 05:00:45.624,CUST-10615,Australia,Oceania,Sydney,Training,Rapidmove,Male,44,Mobile App,Consumer,Credit Card,Eid Campaign,1.0,145.08,10.0,130.57,74.02,56.55,4,No,Completed,59,2,122,43622.19,1297.66
ORD-100075,1970-01-01 05:00:45.237,CUST-10496,Australia,Oceania,Sydney,Running,Ultraboost,Unisex,44,Online Store,Consumer,Credit Card,New Year Sale,1.0,81.39,5.0,77.32,53.59,23.73,5,No,Completed,64,2,269,64985.98,3569.77
ORD-100076,1970-01-01 05:00:45.997,CUST-10537,Usa,North America,Houston,Lifestyle,Gazelle,Female,44,Marketplace,Business,Digital Wallet,Black Friday,1.0,129.65,50.0,64.82,89.34,-24.52,5,No,Completed,64,3,7,80344.38,144.49
ORD-100077,1970-01-01 05:00:45.352,CUST-10222,Pakistan,South Asia,Karachi,Lifestyle,Samba,Female,38,Retail Store,Consumer,Debit Card,New Year Sale,1.0,84.41,15.0,71.75,38.97,32.78,3,No,Completed,47,5,729,24526.44,558.65
ORD-100078,1970-01-01 05:00:45.763,CUST-10038,India,South Asia,Chennai,Football,Predator,Unisex,44,Marketplace,Consumer,Debit Card,Black Friday,1.0,117.92,10.0,106.13,80.56,25.57,4,No,Completed,32,10,341,91503.18,3085.51
ORD-100079,1970-01-01 05:00:45.072,CUST-10780,Uk,Europe,Birmingham,Outdoor,Five Ten,Male,38,Wholesale,Business,Debit Card,Eid Campaign,2.0,229.03,10.0,412.25,250.94,161.31,5,Yes,Returned,30,3,685,22487.14,993.84
ORD-100080,1970-01-01 05:00:45.232,CUST-10358,India,South Asia,Bangalore,Lifestyle,Gazelle,Male,38,Online Store,Consumer,Cash on Delivery,New Year Sale,1.0,59.74,10.0,53.77,35.0,18.77,3,No,Completed,37,4,637,86684.55,238.25
ORD-100081,1970-01-01 05:00:45.886,CUST-10343,Uk,Europe,Birmingham,Training,Dropset,Female,43,Marketplace,Business,Bank Transfer,Eid Campaign,1.0,71.6,0.0,71.6,29.05,42.55,5,No,Completed,21,4,896,51514.9,2388.04
ORD-100082,1970-01-01 05:00:45.811,CUST-10659,Australia,Oceania,Brisbane,Running,Ultraboost,Female,44,Online Store,Consumer,Debit Card,Sports Event,1.0,212.49,10.0,191.24,126.71,64.53,3,No,Completed,46,3,314,51784.51,1719.55
ORD-100083,1970-01-01 05:00:45.009,CUST-10098,Pakistan,South Asia,Karachi,Outdoor,Agravic,Female,45,Mobile App,Premium Consumer,Debit Card,New Year Sale,1.0,111.69,15.0,94.94,57.19,37.75,2,No,Cancelled,37,5,827,37713.56,4031.06
ORD-100084,1970-01-01 05:00:45.113,CUST-10609,Usa,North America,Houston,Outdoor,Five Ten,Female,43,Marketplace,Premium Consumer,Credit Card,Summer Sale,4.0,218.69,0.0,874.76,412.56,462.2,4,No,Completed,29,4,560,10798.77,4112.26
ORD-100085,1970-01-01 05:00:45.517,CUST-10327,Germany,Europe,Hamburg,Training,Rapidmove,Female,45,Online Store,Premium Consumer,Credit Card,Black Friday,2.0,145.12,15.0,246.7,167.26,79.44,2,No,Completed,22,5,335,35035.46,3110.67
ORD-100086,1970-01-01 05:00:45.754,CUST-10039,Uk,Europe,Birmingham,Basketball,D.O.N. Issue,Male,45,Mobile App,Premium Consumer,Credit Card,Summer Sale,1.0,73.14,20.0,58.51,41.33,17.18,5,No,Completed,44,2,747,21724.64694033362,1535.87
ORD-100087,1970-01-01 05:00:45.832,CUST-10699,Germany,Europe,Berlin,Lifestyle,Superstar,Male,44,Wholesale,Consumer,Cash on Delivery,Eid Campaign,2.0,67.31,5.0,127.89,64.13,63.76,5,No,Completed,24,3,860,48162.6,2361.97
ORD-100088,1970-01-01 05:00:45.417,CUST-10223,Australia,Oceania,Brisbane,Running,Ultraboost,Male,44,Wholesale,Consumer,Bank Transfer,Eid Campaign,2.0,214.2,30.0,299.88,171.51,128.37,4,No,Completed,30,4,828,74039.98,3541.05
ORD-100089,1970-01-01 05:00:45.872,CUST-10571,India,South Asia,Delhi,Football,Predator,Unisex,40,Mobile App,Business,Cash on Delivery,New Year Sale,1.0,132.14,0.0,132.14,85.04,47.1,4,No,Completed,32,2,255,35530.98,439.61
ORD-100090,1970-01-01 05:00:45.894,CUST-10305,Uk,Europe,London,Training,Rapidmove,Female,45,Retail Store,Premium Consumer,Debit Card,New Year Sale,2.0,47.46,0.0,94.92,55.65,39.27,4,No,Completed,31,5,115,40955.99,1729.24
ORD-100091,1970-01-01 05:00:45.776,CUST-10429,Uae,Middle East,Dubai,Running,Solarboost,Unisex,44,Online Store,Premium Consumer,Cash on Delivery,New Year Sale,3.0,215.33,5.0,613.69,359.41,254.28,5,No,Completed,51,2,790,90656.81,4129.61
ORD-100092,1970-01-01 05:00:45.918,CUST-10747,Australia,Oceania,Melbourne,Football,F50,Female,45,Wholesale,Premium Consumer,Digital Wallet,Black Friday,4.0,108.68,0.0,434.72,268.55,166.17,5,No,Pending,45,3,388,75380.45,2089.54
ORD-100093,1970-01-01 05:00:45.711,CUST-10791,Saudi Arabia,Middle East,Riyadh,Outdoor,Ridgewalker,Female,36,Marketplace,Business,Digital Wallet,Sports Event,1.0,133.03,5.0,126.38,84.05,42.33,5,No,Completed,29,2,84,52420.416388845864,3160.87
ORD-100094,1970-01-01 05:00:45.941,CUST-10535,Usa,North America,New York,Training,Powerlift,Male,45,Wholesale,Premium Consumer,Credit Card,Eid Campaign,1.0,62.41,10.0,56.17,35.56,20.61,1,No,Completed,37,1,631,81302.83,572.04
ORD-100095,1970-01-01 05:00:44.958,CUST-10583,India,South Asia,Mumbai,Lifestyle,Superstar,Female,40,Online Store,Premium Consumer,Cash on Delivery,Black Friday,1.0,77.23,0.0,77.23,34.87,42.36,5,No,Completed,28,3,895,98999.42,3907.53
ORD-100096,1970-01-01 05:00:45.599,CUST-10690,Usa,North America,Houston,Outdoor,Terrex,Female,44,Wholesale,Consumer,Bank Transfer,No Campaign,3.0,202.72,15.0,516.94,390.6,126.34,5,No,Completed,41,7,49,94006.89,592.28
ORD-100097,1970-01-01 05:00:45.392,CUST-10588,Saudi Arabia,Middle East,Dammam,Outdoor,Agravic,Male,43,Online Store,Business,Credit Card,No Campaign,1.0,138.82,15.0,118.0,97.34,20.66,2,No,Cancelled,43,1,163,83677.61,4321.47
ORD-100098,1970-01-01 05:00:44.986,CUST-10773,Uae,Middle East,Dubai,Outdoor,Agravic,Female,36,Marketplace,Premium Consumer,Cash on Delivery,Eid Campaign,1.0,108.47,0.0,108.47,65.48,42.99,5,Yes,Returned,26,1,147,63102.79,622.35
ORD-100099,1970-01-01 05:00:45.295,CUST-10409,Uae,Middle East,Dubai,Football,F50,Male,38,Wholesale,Premium Consumer,Bank Transfer,Sports Event,1.0,142.18,20.0,113.74,60.52,53.22,5,No,Completed,20,4,554,28180.12,4465.37
ORD-100100,1970-01-01 05:00:45.402,CUST-10308,Saudi Arabia,Middle East,Dammam,Training,Powerlift,Unisex,44,Mobile App,Premium Consumer,Credit Card,Eid Campaign,1.0,105.26,15.0,89.47,53.19,36.28,4,No,Completed,49,3,135,65615.85,1882.47
ORD-100101,1970-01-01 05:00:45.078,CUST-10352,Uk,Europe,Manchester,Outdoor,Ridgewalker,Female,44,Mobile App,Business,Cash on Delivery,Eid Campaign,1.0,190.56,0.0,190.56,117.7,72.86,2,Yes,Returned,24,2,757,69711.45,3160.2
ORD-100102,1970-01-01 05:00:45.916,CUST-10116,Uk,Europe,London,Football,F50,Male,43,Wholesale,Premium Consumer,Bank Transfer,Black Friday,1.0,144.53,50.0,72.26,59.67,12.59,5,No,Completed,51,3,217,28515.04,4248.1
ORD-100103,1970-01-01 05:00:45.489,CUST-10519,Uk,Europe,London,Running,Duramo,Male,36,Wholesale,Business,Digital Wallet,Black Friday,1.0,201.01,0.0,201.01,120.48,80.53,5,No,Completed,53,3,936,25905.3,150.18
ORD-100104,1970-01-01 05:00:45.375,CUST-10129,Saudi Arabia,Middle East,Dammam,Lifestyle,Campus,Male,44,Retail Store,Business,Credit Card,Sports Event,2.0,143.98,0.0,287.96,195.42,92.54,4,No,Completed,56,3,505,39993.92,1401.9
ORD-100105,1970-01-01 05:00:44.995,CUST-10269,Pakistan,South Asia,Rawalpindi,Basketball,Own The Game,Female,40,Online Store,Premium Consumer,Cash on Delivery,Sports Event,1.0,90.98,0.0,90.98,64.63,26.35,4,No,Completed,33,5,792,64294.12,4550.86
ORD-100106,1970-01-01 05:00:45.197,CUST-10164,Usa,North America,Chicago,Football,X Crazyfast,Unisex,45,Marketplace,Consumer,Cash on Delivery,Eid Campaign,1.0,157.75,0.0,157.75,71.56,86.19,4,No,Completed,61,2,371,29659.7,2002.06
ORD-100107,1970-01-01 05:00:45.162,CUST-10058,Uk,Europe,Manchester,Outdoor,Agravic,Male,40,Retail Store,Business,Digital Wallet,New Year Sale,1.0,100.91,0.0,100.91,42.03,58.88,5,No,Completed,22,10,233,55788.82,3561.24
ORD-100108,1970-01-01 05:00:44.955,CUST-10427,Germany,Europe,Munich,Running,Duramo,Unisex,38,Mobile App,Premium Consumer,Cash on Delivery,New Year Sale,1.0,157.7,5.0,149.81,112.19,37.62,4,No,Completed,55,1,774,89974.12,786.06
ORD-100109,1970-01-01 05:00:45.148,CUST-10801,Usa,North America,Los Angeles,Outdoor,Agravic,Female,36,Wholesale,Business,Cash on Delivery,New Year Sale,1.0,244.89,0.0,244.89,150.66,94.23,4,No,Completed,18,5,114,29862.48,3424.02
ORD-100110,1970-01-01 05:00:45.877,CUST-10653,Saudi Arabia,Middle East,Dammam,Outdoor,Terrex,Female,43,Online Store,Consumer,Credit Card,No Campaign,2.0,177.0,0.0,354.0,247.06,106.94,5,No,Completed,22,5,853,96614.39,458.49
ORD-100111,1970-01-01 05:00:45.126,CUST-10101,Uk,Europe,London,Training,Dropset,Unisex,40,Mobile App,Premium Consumer,Cash on Delivery,Sports Event,1.0,74.99,15.0,63.74,32.17,31.57,4,No,Completed,63,3,188,47598.12,3614.89
ORD-100112,1970-01-01 05:00:45.776,CUST-10142,Usa,North America,New York,Lifestyle,Gazelle,Female,43,Marketplace,Consumer,Cash on Delivery,Summer Sale,2.0,145.58,5.0,276.6,176.94,99.66,4,No,Completed,38,2,416,45969.16816271648,1686.64
ORD-100113,1970-01-01 05:00:45.669,CUST-10327,Australia,Oceania,Sydney,Training,Powerlift,Unisex,42,Wholesale,Business,Cash on Delivery,No Campaign,1.0,88.89,0.0,88.89,53.83,35.06,5,No,Completed,19,6,196,5976.42,2382.65
ORD-100114,1970-01-01 05:00:45.177,CUST-10020,Usa,North America,Houston,Basketball,Harden,Male,42,Wholesale,Consumer,Credit Card,Black Friday,1.0,105.62,15.0,89.78,68.1,21.68,5,No,Pending,40,4,549,34198.11,914.67
ORD-100115,1970-01-01 05:00:45.067,CUST-10493,Saudi Arabia,Middle East,Dammam,Football,X Crazyfast,Male,38,Retail Store,Premium Consumer,Debit Card,New Year Sale,1.0,59.27,10.0,53.34,27.4,25.94,4,No,Completed,44,3,523,26246.52,3176.46
ORD-100116,1970-01-01 05:00:45.193,CUST-10158,Pakistan,South Asia,Rawalpindi,Basketball,Harden,Female,40,Online Store,Business,Credit Card,No Campaign,2.0,70.76,20.0,113.22,80.27,32.95,3,No,Completed,24,1,635,84449.48,1754.08
ORD-100117,1970-01-01 05:00:45.590,CUST-10117,Pakistan,South Asia,Lahore,Basketball,Harden,Male,44,Online Store,Consumer,Digital Wallet,New Year Sale,1.0,170.13,5.0,161.62,96.72,64.9,3,Yes,Returned,38,7,555,73895.02,1978.54
ORD-100118,1970-01-01 05:00:45.902,CUST-10059,India,South Asia,Chennai,Outdoor,Terrex,Female,45,Wholesale,Consumer,Digital Wallet,New Year Sale,2.0,233.0,5.0,442.7,221.72,220.98,5,No,Completed,56,3,820,88512.36,3295.75
ORD-100119,1970-01-01 05:00:45.994,CUST-10654,Saudi Arabia,Middle East,Jeddah,Lifestyle,Samba,Female,36,Online Store,Premium Consumer,Digital Wallet,Eid Campaign,1.0,68.48,20.0,54.78,32.14,22.64,2,Yes,Returned,52,2,13,59130.72,976.42
ORD-100120,1970-01-01 05:00:45.077,CUST-10752,India,South Asia,Delhi,Training,Rapidmove,Female,40,Online Store,Consumer,Cash on Delivery,New Year Sale,1.0,105.39,6.28,105.39,65.6,39.79,4,No,Completed,28,7,966,43828.0,4274.84
ORD-100121,1970-01-01 05:00:45.856,CUST-10424,Germany,Europe,Munich,Training,Everyday,Unisex,43,Online Store,Business,Credit Card,Sports Event,4.0,103.62,0.0,414.48,284.39,130.09,3,No,Completed,56,3,859,27421.51,3722.5
ORD-100122,1970-01-01 05:00:45.394,CUST-10726,Saudi Arabia,Middle East,Jeddah,Training,Rapidmove,Female,44,Mobile App,Premium Consumer,Credit Card,Black Friday,1.0,65.71,15.0,55.85,37.49,18.36,4,No,Completed,61,3,563,58519.33,2930.88
ORD-100123,1970-01-01 05:00:45.693,CUST-10632,Usa,North America,Los Angeles,Basketball,Dame,Unisex,44,Online Store,Consumer,Credit Card,No Campaign,1.0,115.82,0.0,115.82,71.9,43.92,3,No,Completed,42,4,244,61993.47,728.83
ORD-100124,1970-01-01 05:00:45.193,CUST-10083,Usa,North America,New York,Running,Solarboost,Male,45,Wholesale,Premium Consumer,Credit Card,Eid Campaign,1.0,115.13,0.0,115.13,73.21,41.92,5,No,Completed,23,5,691,39598.28,3466.84
ORD-100125,1970-01-01 05:00:45.032,CUST-10760,Germany,Europe,Munich,Outdoor,Five Ten,Unisex,44,Marketplace,Consumer,Bank Transfer,New Year Sale,1.0,90.73,0.0,90.73,42.89,47.84,4,No,Completed,26,2,301,93691.24,188.69
ORD-100126,1970-01-01 05:00:45.386,CUST-10677,Saudi Arabia,Middle East,Riyadh,Football,F50,Female,45,Marketplace,Consumer,Cash on Delivery,New Year Sale,1.0,86.36,7.32,77.72,50.2,27.52,4,No,Completed,35,6,463,64175.48,4041.54
ORD-100127,1970-01-01 05:00:45.474,CUST-10767,Saudi Arabia,Middle East,Dammam,Training,Dropset,Male,44,Marketplace,Premium Consumer,Cash on Delivery,No Campaign,1.0,55.54,5.0,52.76,22.62,30.14,3,No,Pending,27,7,936,83829.38,1588.61
ORD-100128,1970-01-01 05:00:45.069,CUST-10391,Uae,Middle East,Dubai,Football,F50,Unisex,36,Online Store,Business,Bank Transfer,Summer Sale,2.0,162.06,0.0,324.12,181.77,142.35,4,No,Completed,38,2,641,62228.88,674.34
ORD-100129,1970-01-01 05:00:45.625,CUST-10253,Usa,North America,Los Angeles,Training,Rapidmove,Female,44,Marketplace,Business,Bank Transfer,No Campaign,1.0,146.24,10.0,131.62,79.06,52.56,3,No,Completed,35,3,432,31995.41,906.0
ORD-100130,1970-01-01 05:00:45.028,CUST-10328,Pakistan,South Asia,Lahore,Football,X Crazyfast,Female,44,Mobile App,Premium Consumer,Bank Transfer,Eid Campaign,1.0,57.98,0.0,57.98,36.09,21.89,5,No,Completed,45,6,990,73793.61,4819.36
ORD-100131,1970-01-01 05:00:45.976,CUST-10062,Usa,North America,New York,Basketball,Harden,Female,43,Online Store,Premium Consumer,Bank Transfer,Eid Campaign,1.0,67.48,15.0,57.36,33.61,23.75,4,No,Completed,54,3,611,23410.33,3891.77
ORD-100132,1970-01-01 05:00:45.736,CUST-10590,Uk,Europe,Birmingham,Running,Adizero,Male,36,Retail Store,Premium Consumer,Debit Card,Summer Sale,2.0,137.47,15.0,233.7,110.95,122.75,4,No,Completed,38,3,461,59862.63,1265.57
ORD-100133,1970-01-01 05:00:45.172,CUST-10702,Uk,Europe,London,Basketball,Dame,Male,43,Retail Store,Consumer,Digital Wallet,New Year Sale,2.0,85.82,20.0,137.31,121.36,15.95,4,No,Completed,38,4,877,40535.45,4820.98
ORD-100134,1970-01-01 05:00:45.074,CUST-10104,Saudi Arabia,Middle East,Jeddah,Lifestyle,Campus,Unisex,36,Mobile App,Consumer,Digital Wallet,No Campaign,2.0,131.11,5.0,249.11,137.99,111.12,4,No,Cancelled,34,5,283,15413.54,786.58
ORD-100135,1970-01-01 05:00:45.755,CUST-10078,Germany,Europe,Hamburg,Lifestyle,Superstar,Unisex,43,Marketplace,Consumer,Digital Wallet,No Campaign,1.0,152.34,20.0,121.87,101.16,20.71,4,No,Completed,34,4,622,41617.44,3694.28
ORD-100136,1970-01-01 05:00:45.668,CUST-10663,Germany,Europe,Berlin,Football,F50,Female,38,Retail Store,Premium Consumer,Bank Transfer,Eid Campaign,1.0,69.52,0.0,69.52,43.74,25.78,2,Yes,Returned,34,4,799,31372.94,3318.02
ORD-100137,1970-01-01 05:00:45.622,CUST-10319,India,South Asia,Mumbai,Training,Everyday,Female,40,Online Store,Business,Credit Card,New Year Sale,3.0,78.47,0.0,235.41,107.28,128.13,2,No,Completed,27,3,603,11666.1,4125.24
ORD-100138,1970-01-01 05:00:45.229,CUST-10377,Saudi Arabia,Middle East,Riyadh,Basketball,Dame,Male,40,Marketplace,Consumer,Debit Card,New Year Sale,1.0,95.45,0.0,95.45,41.89,53.56,4,No,Completed,27,4,587,82470.91,1970.32
ORD-100139,1970-01-01 05:00:45.289,CUST-10664,Uae,Middle East,Sharjah,Outdoor,Terrex,Male,44,Wholesale,Business,Digital Wallet,Sports Event,2.0,218.0,15.0,370.6,192.27,178.33,4,No,Completed,29,2,716,50108.96,2068.99
ORD-100140,1970-01-01 05:00:45.236,CUST-10496,Germany,Europe,Munich,Outdoor,Agravic,Male,44,Mobile App,Business,Cash on Delivery,Black Friday,1.0,113.57,20.0,90.86,68.9,21.96,4,No,Completed,29,3,533,34962.45,3160.38
ORD-100141,1970-01-01 05:00:45.562,CUST-10796,Pakistan,South Asia,Faisalabad,Basketball,D.O.N. Issue,Female,36,Online Store,Premium Consumer,Cash on Delivery,No Campaign,2.0,115.26,15.0,195.94,105.3,90.64,4,No,Cancelled,30,2,681,52407.63388924385,2051.21
ORD-100142,1970-01-01 05:00:45.874,CUST-10018,India,South Asia,Kolkata,Lifestyle,Superstar,Unisex,36,Mobile App,Business,Debit Card,Black Friday,1.0,105.64,15.0,89.79,60.59,29.2,4,No,Completed,53,4,367,75581.02,302.62
ORD-100143,1970-01-01 05:00:45.053,CUST-10873,Australia,Oceania,Melbourne,Lifestyle,Gazelle,Male,42,Online Store,Business,Debit Card,No Campaign,1.0,100.77,0.0,100.77,63.73,37.04,5,No,Completed,51,3,156,2320.39,3675.57
ORD-100144,1970-01-01 05:00:45.826,CUST-10208,Saudi Arabia,Middle East,Dammam,Outdoor,Five Ten,Unisex,40,Marketplace,Premium Consumer,Cash on Delivery,Eid Campaign,1.0,213.24,10.0,191.92,85.65,106.27,3,Yes,Returned,31,3,733,54901.8,3240.64
ORD-100145,1970-01-01 05:00:45.612,CUST-10226,Usa,North America,New York,Basketball,D.O.N. Issue,Female,38,Wholesale,Business,Digital Wallet,Black Friday,1.0,99.23,50.0,49.62,51.39,-1.77,4,No,Cancelled,43,5,462,48175.5,2176.19
ORD-100146,1970-01-01 05:00:45.609,CUST-10335,Uk,Europe,London,Outdoor,Ridgewalker,Unisex,40,Marketplace,Premium Consumer,Digital Wallet,Summer Sale,1.0,215.01,0.0,215.01,126.47,88.54,4,No,Completed,21,3,871,89360.48,1583.86
ORD-100147,1970-01-01 05:00:45.599,CUST-10867,India,South Asia,Mumbai,Basketball,Own The Game,Unisex,45,Online Store,Business,Digital Wallet,New Year Sale,1.0,132.26,0.0,132.26,82.34,49.92,5,No,Completed,30,2,579,55819.18,1671.56
ORD-100148,1970-01-01 05:00:45.559,CUST-10259,Germany,Europe,Berlin,Running,Solarboost,Male,42,Mobile App,Consumer,Debit Card,Summer Sale,1.0,92.12,15.0,78.3,66.28,12.02,5,No,Completed,37,2,160,14163.62,3731.04
ORD-100149,1970-01-01 05:00:45.134,CUST-10624,Uae,Middle East,Sharjah,Running,Solarboost,Unisex,45,Online Store,Business,Cash on Delivery,No Campaign,2.0,87.75,0.0,175.5,90.54,84.96,4,Yes,Returned,47,6,173,39173.98,3672.89
ORD-100150,1970-01-01 05:00:45.242,CUST-10260,Uae,Middle East,Dubai,Lifestyle,Superstar,Male,40,Mobile App,Consumer,Digital Wallet,Black Friday,2.0,78.52,20.0,125.63,105.13,20.5,3,No,Completed,53,5,904,62296.4,4112.7
ORD-100151,1970-01-01 05:00:45.846,CUST-10547,Saudi Arabia,Middle East,Riyadh,Training,Everyday,Unisex,42,Marketplace,Premium Consumer,Debit Card,Black Friday,1.0,88.05,0.0,88.05,52.41,35.64,3,No,Completed,38,1,498,5070.41,3834.68
ORD-100152,1970-01-01 05:00:45.709,CUST-10812,Australia,Oceania,Brisbane,Training,Everyday,Unisex,43,Retail Store,Consumer,Bank Transfer,Summer Sale,1.0,67.17,5.0,63.81,43.19,20.62,4,No,Completed,53,7,549,88522.59,3813.93
ORD-100153,1970-01-01 05:00:45.687,CUST-10198,Uk,Europe,Birmingham,Running,Duramo,Male,45,Online Store,Premium Consumer,Credit Card,Summer Sale,1.0,79.4,20.0,63.52,32.31,31.21,5,No,Completed,38,2,335,7244.34,1333.69
ORD-100154,1970-01-01 05:00:45.822,CUST-10444,Uk,Europe,London,Training,Powerlift,Male,44,Marketplace,Consumer,Digital Wallet,No Campaign,1.0,147.94,0.0,147.94,85.94,62.0,4,No,Completed,58,4,25,3543.82,597.9
ORD-100155,1970-01-01 05:00:45.409,CUST-10609,Usa,North America,Houston,Lifestyle,Campus,Male,42,Retail Store,Consumer,Cash on Delivery,No Campaign,1.0,109.96,0.0,109.96,58.2,51.76,4,No,Completed,23,4,765,59876.41922218398,3832.59
ORD-100156,1970-01-01 05:00:45.005,CUST-10293,Germany,Europe,Munich,Football,X Crazyfast,Female,40,Mobile App,Premium Consumer,Bank Transfer,No Campaign,1.0,105.72,20.0,84.58,57.86,26.72,5,No,Completed,27,1,503,68532.58,583.23
ORD-100157,1970-01-01 05:00:45.368,CUST-10781,India,South Asia,Mumbai,Running,Solarboost,Unisex,45,Mobile App,Consumer,Cash on Delivery,Summer Sale,3.0,189.1,15.0,482.2,230.18,252.02,3,No,Completed,44,3,298,45864.05,4912.35
ORD-100158,1970-01-01 05:00:45.415,CUST-10378,Uk,Europe,Manchester,Running,Ultraboost,Unisex,44,Online Store,Consumer,Digital Wallet,New Year Sale,2.0,154.03,5.0,292.66,161.74,130.92,5,No,Completed,60,5,436,10730.36,4387.94
ORD-100159,1970-01-01 05:00:45.221,CUST-10553,Pakistan,South Asia,Islamabad,Outdoor,Ridgewalker,Female,36,Wholesale,Premium Consumer,Debit Card,New Year Sale,2.0,178.19,15.0,302.92,233.55,69.37,4,No,Completed,37,3,794,85692.75,2713.96
ORD-100160,1970-01-01 05:00:45.999,CUST-10612,Usa,North America,Chicago,Football,Predator,Male,45,Wholesale,Business,Bank Transfer,New Year Sale,1.0,129.75,10.0,116.78,53.29,63.49,4,No,Completed,42,3,758,20670.67,1825.7
ORD-100161,1970-01-01 05:00:45.016,CUST-10505,Pakistan,South Asia,Faisalabad,Training,Rapidmove,Female,44,Online Store,Premium Consumer,Credit Card,Black Friday,2.0,121.37,10.0,218.47,106.61,111.86,5,No,Pending,48,4,10,32969.25,2681.53
ORD-100162,1970-01-01 05:00:45.607,CUST-10645,Saudi Arabia,Middle East,Riyadh,Outdoor,Terrex,Male,42,Wholesale,Premium Consumer,Debit Card,Sports Event,1.0,115.66,5.0,109.88,82.29,27.59,4,No,Cancelled,36,3,237,18183.29,3698.08
ORD-100163,1970-01-01 05:00:45.300,CUST-10416,Australia,Oceania,Sydney,Outdoor,Five Ten,Male,44,Online Store,Premium Consumer,Debit Card,No Campaign,2.0,219.27,20.0,350.83,249.15,101.68,3,No,Completed,38,5,618,92712.25,3806.02
ORD-100164,1970-01-01 05:00:45.562,CUST-10892,Saudi Arabia,Middle East,Dammam,Running,Solarboost,Male,45,Mobile App,Premium Consumer,Credit Card,Sports Event,1.0,205.8,15.0,174.93,135.41,39.52,5,No,Completed,33,1,409,58148.740389124396,460.96
ORD-100165,1970-01-01 05:00:45.024,CUST-10142,Saudi Arabia,Middle East,Dammam,Basketball,Dame,Male,44,Online Store,Premium Consumer,Digital Wallet,Eid Campaign,1.0,141.8,8.15,141.8,60.22,81.58,3,No,Completed,38,3,333,72533.36,4043.79
ORD-100166,1970-01-01 05:00:45.309,CUST-10602,Australia,Oceania,Melbourne,Training,Everyday,Unisex,44,Marketplace,Business,Cash on Delivery,No Campaign,1.0,135.83,15.0,115.46,65.65,49.81,5,No,Completed,51,2,312,4877.6,3243.34
ORD-100167,1970-01-01 05:00:45.296,CUST-10082,Usa,North America,Chicago,Running,Duramo,Female,38,Online Store,Premium Consumer,Cash on Delivery,Black Friday,1.0,139.05,10.0,125.15,57.49,67.66,5,No,Completed,63,7,0,52508.82,298.84
ORD-100168,1970-01-01 05:00:45.268,CUST-10828,Australia,Oceania,Brisbane,Lifestyle,Superstar,Female,42,Mobile App,Consumer,Cash on Delivery,New Year Sale,2.0,129.93,20.0,207.89,127.35,80.54,5,No,Completed,53,5,522,57757.52,1634.49
ORD-100169,1970-01-01 05:00:45.080,CUST-10872,Usa,North America,Houston,Basketball,D.O.N. Issue,Female,45,Retail Store,Consumer,Debit Card,New Year Sale,1.0,116.25,5.0,110.44,74.15,36.29,2,No,Completed,63,2,669,38560.82,2602.14
ORD-100170,1970-01-01 05:00:45.064,CUST-10868,Australia,Oceania,Sydney,Running,Adizero,Unisex,42,Marketplace,Premium Consumer,Bank Transfer,No Campaign,1.0,218.35,5.0,207.43,142.48,64.95,4,No,Completed,20,14,87,32514.75,1023.41
ORD-100171,1970-01-01 05:00:45.686,CUST-10526,Uae,Middle East,Abu Dhabi,Outdoor,Five Ten,Female,38,Wholesale,Consumer,Bank Transfer,Black Friday,1.0,242.49,0.0,242.49,150.88,91.61,2,No,Completed,58,3,241,85268.31,860.68
ORD-100172,1970-01-01 05:00:45.438,CUST-10491,Usa,North America,New York,Basketball,Dame,Male,40,Mobile App,Business,Digital Wallet,New Year Sale,1.0,173.77,15.0,147.7,76.83,70.87,3,No,Pending,19,3,131,2790.15,169.98
ORD-100173,1970-01-01 05:00:45.840,CUST-10440,India,South Asia,Mumbai,Basketball,Dame,Unisex,44,Mobile App,Consumer,Credit Card,Summer Sale,1.0,92.28,0.0,92.28,54.75,37.53,5,No,Completed,46,6,597,62722.81,4566.6
ORD-100174,1970-01-01 05:00:45.838,CUST-10806,India,South Asia,Delhi,Training,Powerlift,Unisex,42,Marketplace,Business,Credit Card,New Year Sale,1.0,92.17,20.0,73.74,38.33,35.41,5,No,Completed,38,1,621,39727.57,374.93
ORD-100175,1970-01-01 05:00:45.283,CUST-10703,Uk,Europe,Manchester,Basketball,Harden,Unisex,42,Online Store,Consumer,Debit Card,No Campaign,1.0,65.33,20.0,52.26,37.25,15.01,5,No,Completed,28,4,327,66762.09,1893.46
ORD-100176,1970-01-01 05:00:45.682,CUST-10249,Australia,Oceania,Melbourne,Running,Solarboost,Unisex,40,Wholesale,Consumer,Credit Card,Black Friday,1.0,137.59,15.0,116.95,66.4,50.55,5,No,Completed,22,3,110,20192.8,1108.28
ORD-100177,1970-01-01 05:00:46.003,CUST-10411,Usa,North America,Houston,Outdoor,Five Ten,Female,38,Retail Store,Premium Consumer,Credit Card,Eid Campaign,1.0,196.72,0.0,196.72,102.85,93.87,4,No,Completed,57,2,719,24246.61,3731.06
ORD-100178,1970-01-01 05:00:45.189,CUST-10376,Australia,Oceania,Brisbane,Outdoor,Agravic,Unisex,40,Retail Store,Premium Consumer,Bank Transfer,No Campaign,2.0,195.37,5.0,371.2,230.53,140.67,1,No,Cancelled,56,4,288,58891.95,3565.2
ORD-100179,1970-01-01 05:00:45.549,CUST-10356,India,South Asia,Mumbai,Lifestyle,Gazelle,Male,42,Retail Store,Premium Consumer,Bank Transfer,Black Friday,2.0,108.74,0.0,217.48,116.36,101.12,4,No,Completed,38,2,416,98003.89,4050.49
ORD-100180,1970-01-01 05:00:45.489,CUST-10363,India,South Asia,Mumbai,Basketball,Harden,Unisex,44,Wholesale,Business,Credit Card,No Campaign,2.0,158.01,10.0,284.42,134.26,150.16,4,No,Completed,51,6,73,97481.02,3122.36
ORD-100181,1970-01-01 05:00:45.277,CUST-10667,Uae,Middle East,Sharjah,Lifestyle,Gazelle,Unisex,42,Wholesale,Consumer,Credit Card,No Campaign,1.0,147.86,5.0,140.47,60.44,80.03,4,No,Completed,54,4,833,25273.61,2999.1
ORD-100182,1970-01-01 05:00:45.358,CUST-10575,Pakistan,South Asia,Rawalpindi,Outdoor,Agravic,Female,36,Mobile App,Business,Bank Transfer,No Campaign,1.0,144.41,0.0,144.41,75.6,68.81,5,No,Completed,22,3,760,10683.93,2094.84
ORD-100183,1970-01-01 05:00:45.758,CUST-10429,Uk,Europe,Manchester,Training,Powerlift,Female,38,Online Store,Consumer,Digital Wallet,Eid Campaign,1.0,51.58,0.0,51.58,36.77,14.81,4,No,Completed,60,3,107,59239.15,3218.16
ORD-100184,1970-01-01 05:00:45.623,CUST-10200,Australia,Oceania,Brisbane,Training,Powerlift,Male,42,Marketplace,Business,Cash on Delivery,Eid Campaign,1.0,90.44,0.0,90.44,63.84,26.6,4,No,Completed,46,4,515,42288.27,664.51
ORD-100185,1970-01-01 05:00:45.580,CUST-10553,Uae,Middle East,Dubai,Basketball,D.O.N. Issue,Female,38,Marketplace,Premium Consumer,Debit Card,Summer Sale,1.0,106.26,10.0,95.63,60.92,34.71,5,No,Completed,51,5,726,50578.85107756583,3454.11
ORD-100186,1970-01-01 05:00:45.713,CUST-10138,India,South Asia,Kolkata,Running,Solarboost,Female,38,Retail Store,Premium Consumer,Bank Transfer,Sports Event,1.0,99.19,5.0,94.23,58.1,36.13,3,No,Completed,53,3,690,51590.49331390785,609.1
ORD-100187,1970-01-01 05:00:45.947,CUST-10063,Germany,Europe,Hamburg,Football,X Crazyfast,Female,44,Marketplace,Premium Consumer,Credit Card,No Campaign,1.0,164.44,5.0,156.22,67.85,88.37,4,No,Completed,43,2,666,51303.39,4322.53
ORD-100188,1970-01-01 05:00:45.420,CUST-10146,Usa,North America,Los Angeles,Lifestyle,Superstar,Unisex,42,Online Store,Consumer,Cash on Delivery,Eid Campaign,2.0,136.96,20.0,219.14,133.74,85.4,5,No,Completed,43,4,800,64822.76,2577.85
ORD-100189,1970-01-01 05:00:45.147,CUST-10690,Australia,Oceania,Melbourne,Basketball,D.O.N. Issue,Male,38,Marketplace,Premium Consumer,Cash on Delivery,No Campaign,3.0,130.65,15.0,333.16,205.26,127.9,4,No,Completed,31,2,736,51151.300089116085,2698.75
ORD-100190,1970-01-01 05:00:45.669,CUST-10574,Usa,North America,Chicago,Running,Adizero,Male,43,Wholesale,Premium Consumer,Bank Transfer,No Campaign,1.0,136.52,6.06,136.52,54.75,81.77,5,No,Completed,55,5,104,67877.59,2965.8
ORD-100191,1970-01-01 05:00:45.733,CUST-10203,India,South Asia,Bangalore,Football,Predator,Female,45,Marketplace,Consumer,Debit Card,No Campaign,1.0,176.3,0.0,176.3,119.72,56.58,4,No,Completed,19,3,381,49107.71,3902.66
ORD-100192,1970-01-01 05:00:45.019,CUST-10548,Usa,North America,New York,Lifestyle,Samba,Male,42,Mobile App,Business,Digital Wallet,Summer Sale,1.0,72.07,0.0,72.07,28.88,43.19,2,No,Completed,30,4,595,82104.63,2444.51
ORD-100193,1970-01-01 05:00:45.259,CUST-10354,Uae,Middle East,Abu Dhabi,Basketball,Dame,Unisex,38,Wholesale,Premium Consumer,Bank Transfer,New Year Sale,2.0,151.93,10.0,273.47,129.09,144.38,4,No,Completed,44,3,76,14301.33,2195.18
ORD-100194,1970-01-01 05:00:45.899,CUST-10449,Australia,Oceania,Sydney,Outdoor,Agravic,Female,42,Online Store,Premium Consumer,Bank Transfer,Black Friday,1.0,130.93,0.0,130.93,73.35,57.58,5,No,Completed,43,4,202,30424.33,1512.83
ORD-100195,1970-01-01 05:00:45.470,CUST-10436,Pakistan,South Asia,Rawalpindi,Lifestyle,Superstar,Unisex,42,Online Store,Business,Digital Wallet,Summer Sale,1.0,152.22,30.0,106.55,76.55,30.0,4,No,Completed,30,6,850,62055.9243685881,727.39
ORD-100196,1970-01-01 05:00:44.991,CUST-10411,Usa,North America,New York,Football,X Crazyfast,Male,36,Mobile App,Premium Consumer,Digital Wallet,Summer Sale,1.0,134.22,10.0,120.8,80.52,40.28,2,No,Completed,63,4,500,55530.75,1032.68
ORD-100197,1970-01-01 05:00:45.767,CUST-10715,Usa,North America,Houston,Outdoor,Ridgewalker,Unisex,36,Retail Store,Business,Debit Card,New Year Sale,2.0,126.14,10.0,227.05,123.86,103.19,3,No,Completed,32,4,240,92965.45,102.59
ORD-100198,1970-01-01 05:00:46.003,CUST-10632,Germany,Europe,Munich,Outdoor,Five Ten,Female,40,Mobile App,Business,Cash on Delivery,New Year Sale,1.0,179.16,10.0,161.24,91.18,70.06,5,No,Cancelled,18,5,799,69058.99,4360.17
ORD-100199,1970-01-01 05:00:45.918,CUST-10827,Germany,Europe,Berlin,Outdoor,Agravic,Male,44,Wholesale,Premium Consumer,Debit Card,Black Friday,1.0,151.81,5.0,144.22,106.21,38.01,5,No,Completed,44,3,706,92679.92,3848.3
ORD-100200,1970-01-01 05:00:45.928,CUST-10722,Uk,Europe,Manchester,Outdoor,Ridgewalker,Female,42,Wholesale,Business,Cash on Delivery,Black Friday,2.0,127.33,0.0,254.66,156.96,97.7,5,No,Completed,29,2,371,32123.72,1171.54
ORD-100201,1970-01-01 05:00:45.735,CUST-10740,India,South Asia,Bangalore,Lifestyle,Superstar,Male,44,Online Store,Premium Consumer,Credit Card,Black Friday,4.0,102.36,15.0,348.02,264.76,83.26,1,No,Completed,30,5,204,9508.11,111.71
ORD-100202,1970-01-01 05:00:45.908,CUST-10002,Australia,Oceania,Sydney,Outdoor,Agravic,Male,45,Marketplace,Business,Cash on Delivery,Summer Sale,1.0,215.36,15.0,183.06,88.62,94.44,4,No,Completed,45,4,411,80323.06,2511.37
ORD-100203,1970-01-01 05:00:45.423,CUST-10585,India,South Asia,Delhi,Lifestyle,Gazelle,Unisex,45,Retail Store,Business,Debit Card,No Campaign,3.0,59.39,15.0,151.44,118.21,33.23,5,No,Completed,63,3,213,80544.64,2121.61
ORD-100204,1970-01-01 05:00:45.894,CUST-10377,India,South Asia,Delhi,Training,Everyday,Unisex,40,Online Store,Business,Debit Card,Eid Campaign,1.0,144.37,5.0,137.15,99.61,37.54,4,No,Completed,43,5,440,62073.27,3902.43
ORD-100205,1970-01-01 05:00:45.515,CUST-10735,Australia,Oceania,Melbourne,Training,Powerlift,Female,36,Online Store,Business,Bank Transfer,Summer Sale,1.0,97.34,0.0,97.34,62.93,34.41,5,No,Completed,42,3,530,58167.24,2074.19
ORD-100206,1970-01-01 05:00:45.287,CUST-10728,Pakistan,South Asia,Lahore,Football,F50,Female,44,Retail Store,Business,Cash on Delivery,No Campaign,2.0,95.25,30.0,133.35,127.84,5.51,1,No,Completed,25,3,670,91533.36,4334.15
ORD-100207,1970-01-01 05:00:45.613,CUST-10823,Pakistan,South Asia,Islamabad,Basketball,D.O.N. Issue,Female,45,Wholesale,Premium Consumer,Debit Card,New Year Sale,1.0,145.22,0.0,145.22,89.3,55.92,4,No,Completed,49,6,211,18061.6,569.61
ORD-100208,1970-01-01 05:00:45.157,CUST-10455,Australia,Oceania,Melbourne,Basketball,Harden,Male,44,Marketplace,Business,Debit Card,No Campaign,1.0,153.23,20.0,122.58,102.83,19.75,4,No,Pending,57,5,52,61845.53,1892.7
ORD-100209,1970-01-01 05:00:45.286,CUST-10595,Germany,Europe,Hamburg,Basketball,Harden,Unisex,43,Mobile App,Business,Cash on Delivery,No Campaign,2.0,157.18,10.0,282.92,131.84,151.08,5,No,Cancelled,58,2,510,5452.18,4676.31
ORD-100210,1970-01-01 05:00:45.305,CUST-10222,Usa,North America,Los Angeles,Outdoor,Terrex,Female,42,Retail Store,Consumer,Cash on Delivery,Eid Campaign,1.0,195.54,0.0,195.54,95.4,100.14,5,No,Completed,47,1,87,14516.06,157.48
ORD-100211,1970-01-01 05:00:45.602,CUST-10251,Saudi Arabia,Middle East,Jeddah,Training,Everyday,Unisex,36,Marketplace,Business,Cash on Delivery,Sports Event,1.0,114.18,10.0,102.76,59.99,42.77,5,No,Completed,43,1,671,44008.6,2014.87
ORD-100212,1970-01-01 05:00:45.880,CUST-10810,Saudi Arabia,Middle East,Jeddah,Running,Ultraboost,Male,43,Wholesale,Business,Cash on Delivery,Sports Event,1.0,102.87,0.0,102.87,68.45,34.42,5,No,Completed,33,3,8,82210.13,1372.55
ORD-100213,1970-01-01 05:00:45.679,CUST-10136,India,South Asia,Kolkata,Outdoor,Agravic,Male,42,Retail Store,Premium Consumer,Debit Card,Eid Campaign,3.0,188.9,15.0,481.7,256.18,225.52,4,No,Completed,54,2,690,73446.7,2706.12
ORD-100214,1970-01-01 05:00:45.374,CUST-10450,Germany,Europe,Berlin,Training,Rapidmove,Unisex,38,Wholesale,Premium Consumer,Bank Transfer,Sports Event,1.0,109.78,20.0,87.82,69.52,18.3,2,No,Completed,61,6,82,22088.020777319278,1465.96
ORD-100215,1970-01-01 05:00:45.053,CUST-10624,Germany,Europe,Hamburg,Running,Ultraboost,Unisex,42,Wholesale,Business,Debit Card,Summer Sale,1.0,87.78,15.0,74.61,45.55,29.06,3,No,Cancelled,56,3,662,63618.05527285318,4362.55
ORD-100216,1970-01-01 05:00:45.165,CUST-10714,Germany,Europe,Hamburg,Lifestyle,Superstar,Male,44,Online Store,Business,Digital Wallet,No Campaign,1.0,89.44,0.0,89.44,41.26,48.18,5,No,Completed,58,3,24,38444.55,4691.98
ORD-100217,1970-01-01 05:00:45.862,CUST-10699,Australia,Oceania,Brisbane,Football,F50,Male,38,Mobile App,Business,Cash on Delivery,Sports Event,1.0,72.78,10.0,65.5,42.62,22.88,4,No,Completed,24,2,224,16299.68,4260.76
ORD-100218,1970-01-01 05:00:44.933,CUST-10493,Pakistan,South Asia,Karachi,Training,Everyday,Unisex,38,Online Store,Premium Consumer,Cash on Delivery,Sports Event,2.0,125.84,0.0,251.68,148.28,103.4,3,No,Completed,44,5,496,4177.65,2052.98
ORD-100219,1970-01-01 05:00:45.068,CUST-10470,India,South Asia,Chennai,Lifestyle,Samba,Male,44,Mobile App,Consumer,Debit Card,Sports Event,1.0,141.94,15.0,120.65,91.8,28.85,5,No,Completed,40,5,429,26807.56,4950.68
ORD-100220,1970-01-01 05:00:45.845,CUST-10211,Usa,North America,Houston,Basketball,Own The Game,Female,38,Wholesale,Consumer,Cash on Delivery,No Campaign,2.0,123.84,15.0,210.53,114.97,95.56,3,Yes,Returned,20,3,427,24824.95,3701.68
ORD-100221,1970-01-01 05:00:46.010,CUST-10205,Uae,Middle East,Dubai,Lifestyle,Superstar,Unisex,42,Online Store,Consumer,Cash on Delivery,Eid Campaign,2.0,120.47,15.0,204.8,143.38,61.42,5,No,Completed,64,2,193,42292.76,1842.48
ORD-100222,1970-01-01 05:00:45.397,CUST-10650,Usa,North America,Los Angeles,Lifestyle,Superstar,Female,42,Retail Store,Premium Consumer,Debit Card,Sports Event,2.0,122.71,10.0,220.88,153.87,67.01,3,No,Completed,49,2,117,14438.08,559.09
ORD-100223,1970-01-01 05:00:44.959,CUST-10103,India,South Asia,Mumbai,Running,Duramo,Male,38,Online Store,Business,Credit Card,Eid Campaign,1.0,109.8,10.0,98.82,61.8,37.02,4,No,Completed,32,3,834,49112.47,3368.53
ORD-100224,1970-01-01 05:00:45.750,CUST-10514,Pakistan,South Asia,Faisalabad,Football,Predator,Male,45,Retail Store,Consumer,Debit Card,New Year Sale,1.0,169.73,20.0,135.78,78.5,57.28,4,No,Pending,34,5,894,92049.78,3669.98
ORD-100225,1970-01-01 05:00:45.583,CUST-10883,Uk,Europe,London,Football,Copa,Female,40,Wholesale,Consumer,Digital Wallet,Black Friday,1.0,123.07,20.0,98.46,78.15,20.31,4,Yes,Returned,52,3,923,74944.8,700.05
ORD-100226,1970-01-01 05:00:45.801,CUST-10389,Uk,Europe,Birmingham,Running,Adizero,Female,36,Marketplace,Business,Digital Wallet,New Year Sale,1.0,175.55,10.0,158.0,124.54,33.46,2,No,Completed,57,4,759,84296.64,2793.71
ORD-100227,1970-01-01 05:00:45.763,CUST-10518,Germany,Europe,Berlin,Outdoor,Five Ten,Female,43,Retail Store,Business,Digital Wallet,Summer Sale,1.0,106.74,6.47,101.4,52.6,48.8,5,No,Completed,31,3,996,80570.5,4936.73
ORD-100228,1970-01-01 05:00:45.875,CUST-10096,Saudi Arabia,Middle East,Riyadh,Basketball,Harden,Unisex,43,Mobile App,Business,Bank Transfer,Summer Sale,1.0,168.73,10.0,151.86,83.02,68.84,4,No,Completed,22,7,994,39267.82,1698.59
ORD-100229,1970-01-01 05:00:45.343,CUST-10693,Usa,North America,Chicago,Football,Copa,Unisex,38,Mobile App,Premium Consumer,Credit Card,New Year Sale,1.0,58.89,5.0,55.95,24.62,31.33,4,No,Completed,24,5,77,71041.62,1579.29
ORD-100230,1970-01-01 05:00:45.699,CUST-10517,Saudi Arabia,Middle East,Dammam,Running,Solarboost,Unisex,36,Online Store,Consumer,Bank Transfer,Sports Event,1.0,99.85,10.0,89.86,71.26,18.6,2,No,Completed,22,3,151,75548.5,4526.18
ORD-100231,1970-01-01 05:00:45.608,CUST-10165,Saudi Arabia,Middle East,Jeddah,Training,Powerlift,Male,42,Retail Store,Business,Credit Card,Sports Event,3.0,62.49,15.0,159.35,105.99,53.36,5,No,Completed,39,3,55,20961.99,675.34
ORD-100232,1970-01-01 05:00:45.739,CUST-10133,Australia,Oceania,Sydney,Football,X Crazyfast,Unisex,42,Marketplace,Premium Consumer,Digital Wallet,New Year Sale,1.0,72.37,9.33,65.13,31.08,34.05,4,No,Completed,32,2,817,86096.11,4674.28
ORD-100233,1970-01-01 05:00:45.663,CUST-10559,Germany,Europe,Hamburg,Basketball,Dame,Female,44,Online Store,Business,Digital Wallet,Black Friday,1.0,130.03,0.0,130.03,56.88,73.15,4,No,Completed,38,6,356,46045.87,3919.49
ORD-100234,1970-01-01 05:00:45.774,CUST-10617,Saudi Arabia,Middle East,Riyadh,Basketball,Dame,Unisex,42,Retail Store,Consumer,Cash on Delivery,New Year Sale,1.0,141.61,5.0,134.53,77.05,57.48,5,No,Completed,49,1,258,2127.79,2015.12
ORD-100235,1970-01-01 05:00:45.328,CUST-10247,Usa,North America,Chicago,Basketball,Harden,Male,43,Wholesale,Consumer,Digital Wallet,New Year Sale,1.0,61.0,30.0,42.7,32.87,9.83,4,No,Completed,45,3,534,64516.72,509.38
ORD-100236,1970-01-01 05:00:45.931,CUST-10801,Germany,Europe,Munich,Basketball,Own The Game,Male,42,Retail Store,Consumer,Bank Transfer,Eid Campaign,1.0,145.69,15.0,123.84,58.92,64.92,3,No,Completed,57,3,673,67837.93,193.96
ORD-100237,1970-01-01 05:00:46.000,CUST-10386,Uae,Middle East,Dubai,Lifestyle,Samba,Male,36,Online Store,Premium Consumer,Debit Card,Sports Event,1.0,90.94,20.0,72.75,47.53,25.22,4,No,Completed,42,4,776,55400.35,1941.57
ORD-100238,1970-01-01 05:00:44.945,CUST-10849,Saudi Arabia,Middle East,Riyadh,Running,Adizero,Unisex,38,Marketplace,Consumer,Bank Transfer,Sports Event,0.0,108.0,20.0,86.4,54.73,31.67,5,No,Completed,38,2,593,21635.32,3556.23
ORD-100239,1970-01-01 05:00:44.959,CUST-10204,Australia,Oceania,Sydney,Outdoor,Five Ten,Unisex,45,Mobile App,Consumer,Credit Card,New Year Sale,1.0,104.55,20.0,83.64,55.85,27.79,4,No,Completed,44,4,570,48486.66,2488.89
ORD-100240,1970-01-01 05:00:44.962,CUST-10713,Uk,Europe,Birmingham,Lifestyle,Campus,Unisex,38,Retail Store,Consumer,Credit Card,No Campaign,1.0,80.91,7.01,80.91,42.95,37.96,5,No,Completed,45,6,577,40312.68,3719.39
ORD-100241,1970-01-01 05:00:46.005,CUST-10051,Uae,Middle East,Abu Dhabi,Football,X Crazyfast,Male,44,Mobile App,Consumer,Cash on Delivery,Eid Campaign,1.0,155.84,0.0,155.84,88.02,67.82,4,No,Completed,41,4,405,97481.26,3385.8
ORD-100242,1970-01-01 05:00:45.389,CUST-10546,Australia,Oceania,Melbourne,Lifestyle,Gazelle,Unisex,38,Online Store,Consumer,Digital Wallet,Eid Campaign,2.0,88.99,30.0,124.59,121.1,3.49,4,No,Completed,56,3,114,82555.5,2907.25
ORD-100243,1970-01-01 05:00:45.041,CUST-10494,Usa,North America,New York,Lifestyle,Superstar,Unisex,40,Online Store,Premium Consumer,Digital Wallet,Sports Event,1.0,132.32,15.0,112.47,59.72,52.75,5,No,Completed,40,2,802,76309.01,4840.75
ORD-100244,1970-01-01 05:00:46.008,CUST-10114,Germany,Europe,Berlin,Lifestyle,Samba,Male,42,Wholesale,Premium Consumer,Cash on Delivery,No Campaign,1.0,82.65,5.0,78.52,44.01,34.51,5,No,Completed,53,2,926,18516.83,3669.08
ORD-100245,1970-01-01 05:00:44.994,CUST-10480,India,South Asia,Mumbai,Outdoor,Agravic,Female,36,Retail Store,Business,Debit Card,Sports Event,1.0,137.06,15.0,116.5,79.91,36.59,4,No,Completed,36,2,473,33438.48,4581.61
ORD-100246,1970-01-01 05:00:45.259,CUST-10294,Usa,North America,Los Angeles,Running,Solarboost,Male,43,Wholesale,Premium Consumer,Digital Wallet,Sports Event,1.0,131.78,6.91,131.78,92.57,39.21,5,No,Cancelled,41,3,753,38281.33,1286.59
ORD-100247,1970-01-01 05:00:45.952,CUST-10628,Uae,Middle East,Sharjah,Outdoor,Terrex,Female,36,Online Store,Premium Consumer,Debit Card,No Campaign,1.0,151.28,0.0,151.28,98.89,52.39,2,No,Completed,60,4,333,49516.44,3596.83
ORD-100248,1970-01-01 05:00:45.595,CUST-10338,Germany,Europe,Berlin,Lifestyle,Superstar,Male,44,Mobile App,Premium Consumer,Debit Card,Black Friday,1.0,141.97,20.0,113.58,78.83,34.75,4,No,Completed,36,3,620,3507.34,3029.23
ORD-100249,1970-01-01 05:00:45.705,CUST-10291,Usa,North America,Houston,Training,Powerlift,Unisex,44,Retail Store,Business,Credit Card,No Campaign,2.0,82.66,0.0,165.32,69.67,95.65,5,No,Completed,32,90,815,59504.42,4629.05
ORD-100250,1970-01-01 05:00:45.242,CUST-10058,Uk,Europe,Birmingham,Football,F50,Female,42,Marketplace,Consumer,Credit Card,No Campaign,1.0,59.63,10.0,53.67,29.98,23.69,3,No,Completed,21,4,308,26122.650695949247,2601.22
ORD-100251,1970-01-01 05:00:45.479,CUST-10408,Uk,Europe,London,Training,Everyday,Male,38,Retail Store,Premium Consumer,Digital Wallet,No Campaign,1.0,40.92,8.68,36.83,16.44,20.39,5,No,Completed,53,2,987,56386.88,1470.24
ORD-100252,1970-01-01 05:00:45.110,CUST-10219,Usa,North America,Chicago,Running,Ultraboost,Unisex,38,Wholesale,Business,Cash on Delivery,Eid Campaign,2.0,157.56,15.0,267.85,188.62,79.23,5,No,Completed,47,6,330,1393.35,1985.71
ORD-100253,1970-01-01 05:00:45.721,CUST-10519,Pakistan,South Asia,Lahore,Basketball,Own The Game,Male,45,Retail Store,Business,Bank Transfer,Summer Sale,1.0,131.66,15.0,111.91,59.26,52.65,4,No,Completed,57,2,543,32482.6,1172.27
ORD-100254,1970-01-01 05:00:45.477,CUST-10735,Usa,North America,Houston,Football,X Crazyfast,Female,44,Retail Store,Consumer,Debit Card,Eid Campaign,1.0,77.94,0.0,77.94,48.54,29.4,4,No,Completed,55,3,724,76982.27,1177.87
ORD-100255,1970-01-01 05:00:45.918,CUST-10436,Uk,Europe,London,Training,Everyday,Female,44,Retail Store,Business,Digital Wallet,New Year Sale,1.0,98.16,5.0,93.25,59.83,33.42,5,Yes,Returned,32,3,982,50357.61,2405.07
ORD-100256,1970-01-01 05:00:45.204,CUST-10590,Saudi Arabia,Middle East,Jeddah,Training,Dropset,Male,43,Marketplace,Business,Digital Wallet,Black Friday,2.0,125.1,0.0,250.2,137.23,112.97,4,No,Cancelled,22,4,503,78994.29,4473.59
ORD-100257,1970-01-01 05:00:45.205,CUST-10892,Australia,Oceania,Melbourne,Basketball,Own The Game,Female,42,Mobile App,Premium Consumer,Debit Card,Eid Campaign,1.0,111.48,10.0,100.33,68.38,31.95,2,No,Completed,55,3,87,70046.56,1040.16
ORD-100258,1970-01-01 05:00:45.423,CUST-10698,Germany,Europe,Munich,Basketball,Own The Game,Female,44,Mobile App,Premium Consumer,Credit Card,New Year Sale,1.0,149.78,0.0,149.78,61.85,87.93,4,No,Completed,38,3,907,85564.6,1510.56
ORD-100259,1970-01-01 05:00:44.982,CUST-10354,Saudi Arabia,Middle East,Dammam,Lifestyle,Gazelle,Female,42,Mobile App,Premium Consumer,Credit Card,Eid Campaign,2.0,51.58,15.0,87.69,66.43,21.26,2,No,Completed,20,3,573,1240.64,4279.64
ORD-100260,1970-01-01 05:00:45.422,CUST-10621,Australia,Oceania,Melbourne,Football,Copa,Unisex,40,Mobile App,Premium Consumer,Credit Card,Eid Campaign,1.0,126.3,15.0,107.35,66.25,41.1,3,No,Cancelled,51,3,2,26501.89,1762.36
ORD-100261,1970-01-01 05:00:46.021,CUST-10566,Australia,Oceania,Brisbane,Lifestyle,Superstar,Unisex,43,Wholesale,Consumer,Cash on Delivery,Sports Event,1.0,121.45,15.0,103.23,71.63,31.6,2,No,Completed,35,6,773,55105.77,4815.83
ORD-100262,1970-01-01 05:00:45.654,CUST-10405,India,South Asia,Mumbai,Running,Adizero,Unisex,36,Wholesale,Business,Digital Wallet,Black Friday,1.0,208.76,10.0,187.88,133.46,54.42,5,No,Completed,39,2,382,94131.3,1417.71
ORD-100263,1970-01-01 05:00:45.128,CUST-10089,Usa,North America,Chicago,Running,Ultraboost,Male,45,Wholesale,Business,Bank Transfer,Sports Event,1.0,137.94,11.56,124.15,75.25,48.9,5,No,Completed,47,5,623,68139.12,2266.5
ORD-100264,1970-01-01 05:00:45.728,CUST-10339,Saudi Arabia,Middle East,Jeddah,Training,Everyday,Unisex,45,Retail Store,Premium Consumer,Credit Card,Eid Campaign,2.0,48.64,10.0,87.55,60.78,26.77,2,No,Cancelled,41,4,523,45930.58,568.49
ORD-100265,1970-01-01 05:00:45.102,CUST-10222,India,South Asia,Delhi,Basketball,Own The Game,Unisex,40,Marketplace,Premium Consumer,Cash on Delivery,No Campaign,1.0,177.14,20.0,141.71,77.95,63.76,4,No,Completed,25,3,564,13449.06,4961.66
ORD-100266,1970-01-01 05:00:45.640,CUST-10569,Saudi Arabia,Middle East,Jeddah,Lifestyle,Superstar,Male,44,Mobile App,Premium Consumer,Credit Card,Black Friday,2.0,93.56,20.0,149.7,93.17,56.53,4,No,Completed,51,7,147,49574.93,4461.7
ORD-100267,1970-01-01 05:00:44.973,CUST-10191,Pakistan,South Asia,Islamabad,Outdoor,Terrex,Unisex,38,Retail Store,Business,Debit Card,New Year Sale,1.0,247.5,0.0,247.5,108.06,139.44,1,No,Completed,25,2,505,44388.15,4106.06
ORD-100268,1970-01-01 05:00:45.604,CUST-10855,Uae,Middle East,Dubai,Lifestyle,Gazelle,Female,44,Retail Store,Premium Consumer,Debit Card,Summer Sale,1.0,83.27,0.0,83.27,57.24,26.03,5,Yes,Returned,40,3,645,77955.11,870.98
ORD-100269,1970-01-01 05:00:45.331,CUST-10064,Usa,North America,Houston,Training,Dropset,Unisex,43,Mobile App,Consumer,Debit Card,No Campaign,1.0,57.16,5.0,54.3,28.57,25.73,1,No,Completed,48,3,83,41628.19,4849.85
ORD-100270,1970-01-01 05:00:45.135,CUST-10678,Uk,Europe,Birmingham,Outdoor,Terrex,Male,38,Marketplace,Consumer,Digital Wallet,No Campaign,1.0,177.63,15.0,150.99,115.22,35.77,5,No,Completed,30,4,397,32224.39,4652.84
ORD-100271,1970-01-01 05:00:46.007,CUST-10438,Uk,Europe,Birmingham,Outdoor,Five Ten,Female,43,Wholesale,Premium Consumer,Bank Transfer,No Campaign,3.0,163.74,10.0,442.1,328.25,113.85,4,No,Completed,56,7,183,9427.11,2234.79
ORD-100272,1970-01-01 05:00:45.280,CUST-10792,Germany,Europe,Hamburg,Basketball,Own The Game,Unisex,44,Wholesale,Business,Credit Card,Sports Event,1.0,83.57,10.0,75.21,46.52,28.69,5,No,Completed,30,4,168,5126.86,3440.02
ORD-100273,1970-01-01 05:00:45.415,CUST-10184,Uae,Middle East,Abu Dhabi,Basketball,D.O.N. Issue,Male,40,Marketplace,Business,Debit Card,New Year Sale,1.0,82.23,20.0,65.78,40.41,25.37,5,No,Completed,23,6,560,44193.88,4963.05
ORD-100274,1970-01-01 05:00:45.712,CUST-10486,Usa,North America,Houston,Training,Powerlift,Male,44,Wholesale,Business,Debit Card,New Year Sale,1.0,101.25,0.0,101.25,62.3,38.95,2,No,Completed,39,6,107,35012.77,2107.75
ORD-100275,1970-01-01 05:00:45.214,CUST-10278,Uae,Middle East,Dubai,Training,Everyday,Female,44,Wholesale,Consumer,Cash on Delivery,No Campaign,2.0,81.42,10.0,146.56,75.53,71.03,4,No,Cancelled,63,3,192,55754.75,653.92
ORD-100276,1970-01-01 05:00:45.713,CUST-10497,Australia,Oceania,Brisbane,Football,X Crazyfast,Unisex,44,Mobile App,Business,Digital Wallet,Eid Campaign,1.0,152.16,15.0,129.34,97.89,31.45,4,No,Cancelled,46,3,851,71336.88,4352.12
ORD-100277,1970-01-01 05:00:45.096,CUST-10416,Australia,Oceania,Brisbane,Training,Powerlift,Male,38,Marketplace,Consumer,Cash on Delivery,Summer Sale,1.0,45.0,15.0,38.25,24.74,13.51,5,No,Completed,26,2,213,4480.68,2434.78
ORD-100278,1970-01-01 05:00:45.941,CUST-10231,Uk,Europe,Birmingham,Football,F50,Unisex,38,Wholesale,Consumer,Cash on Delivery,New Year Sale,2.0,53.25,0.0,106.5,63.33,43.17,4,No,Completed,43,4,359,49873.6,4936.15
ORD-100279,1970-01-01 05:00:45.830,CUST-10191,Germany,Europe,Hamburg,Lifestyle,Samba,Male,43,Online Store,Business,Debit Card,Black Friday,1.0,124.51,30.0,87.16,65.24,21.92,2,Yes,Returned,25,2,94,86266.2,2799.38
ORD-100280,1970-01-01 05:00:45.640,CUST-10118,Pakistan,South Asia,Lahore,Training,Everyday,Female,38,Retail Store,Consumer,Bank Transfer,Sports Event,2.0,145.76,5.0,276.94,173.65,103.29,5,No,Completed,54,4,542,45789.08,244.44
ORD-100281,1970-01-01 05:00:45.266,CUST-10871,Germany,Europe,Hamburg,Outdoor,Five Ten,Male,42,Retail Store,Consumer,Bank Transfer,Black Friday,2.0,201.73,15.0,342.94,241.78,101.16,5,No,Completed,45,6,155,52363.6,2509.46
ORD-100282,1970-01-01 05:00:45.589,CUST-10653,Uk,Europe,Birmingham,Lifestyle,Gazelle,Female,44,Wholesale,Premium Consumer,Bank Transfer,Sports Event,1.0,90.98,0.0,90.98,39.08,51.9,3,No,Completed,62,5,523,48935.79,3618.5
ORD-100283,1970-01-01 05:00:45.048,CUST-10270,India,South Asia,Bangalore,Football,F50,Unisex,40,Retail Store,Consumer,Debit Card,No Campaign,1.0,82.07,10.0,73.86,56.58,17.28,5,No,Completed,52,4,271,39284.4,227.55
ORD-100284,1970-01-01 05:00:45.929,CUST-10377,Germany,Europe,Berlin,Football,F50,Unisex,44,Mobile App,Premium Consumer,Digital Wallet,No Campaign,1.0,103.46,5.0,98.29,64.26,34.03,4,No,Completed,38,5,736,11456.89,2125.9
ORD-100285,1970-01-01 05:00:45.682,CUST-10069,India,South Asia,Chennai,Training,Everyday,Female,42,Wholesale,Consumer,Credit Card,Sports Event,1.0,98.46,5.0,93.54,58.16,35.38,4,No,Completed,60,5,162,13072.44,862.24
ORD-100286,1970-01-01 05:00:45.056,CUST-10502,Australia,Oceania,Brisbane,Outdoor,Agravic,Female,42,Mobile App,Consumer,Digital Wallet,Black Friday,1.0,191.7,20.0,153.36,101.19,52.17,4,Yes,Returned,28,4,555,18319.38,3251.17
ORD-100287,1970-01-01 05:00:45.194,CUST-10029,Germany,Europe,Hamburg,Basketball,Dame,Female,42,Online Store,Consumer,Credit Card,Sports Event,2.0,115.68,0.0,231.36,136.58,94.78,5,Yes,Returned,28,4,835,59434.99160846628,4790.99
ORD-100288,1970-01-01 05:00:45.250,CUST-10246,Australia,Oceania,Melbourne,Running,Ultraboost,Female,36,Mobile App,Consumer,Debit Card,Sports Event,1.0,85.49,50.0,42.74,41.3,1.44,5,No,Completed,48,2,905,27895.56,3160.47
ORD-100289,1970-01-01 05:00:45.118,CUST-10007,Uk,Europe,Birmingham,Football,Copa,Female,44,Online Store,Premium Consumer,Debit Card,No Campaign,1.0,109.53,12.76,104.05,72.68,31.37,5,No,Completed,64,3,737,94838.32,3504.9
ORD-100290,1970-01-01 05:00:45.406,CUST-10414,Usa,North America,Houston,Outdoor,Agravic,Unisex,38,Online Store,Consumer,Debit Card,Eid Campaign,1.0,176.17,0.0,176.17,78.34,97.83,4,No,Completed,52,4,764,81111.93,2043.16
ORD-100291,1970-01-01 05:00:45.990,CUST-10461,India,South Asia,Chennai,Football,X Crazyfast,Male,36,Marketplace,Consumer,Digital Wallet,Sports Event,1.0,59.95,0.0,59.95,36.53,23.42,4,No,Cancelled,30,3,744,68611.8,2859.39
ORD-100292,1970-01-01 05:00:45.395,CUST-10316,Uae,Middle East,Abu Dhabi,Training,Dropset,Male,38,Online Store,Premium Consumer,Cash on Delivery,Black Friday,1.0,44.84,0.0,44.84,27.71,17.13,5,Yes,Returned,34,5,770,50563.367879691716,2764.9
ORD-100293,1970-01-01 05:00:45.219,CUST-10189,Uae,Middle East,Dubai,Training,Powerlift,Unisex,36,Wholesale,Business,Debit Card,Eid Campaign,2.0,98.48,0.0,196.96,96.94,100.02,4,Yes,Returned,21,2,798,5239.4,3822.07
ORD-100294,1970-01-01 05:00:45.237,CUST-10124,Germany,Europe,Munich,Outdoor,Ridgewalker,Unisex,38,Retail Store,Consumer,Credit Card,Summer Sale,1.0,204.35,30.0,143.04,96.16,46.88,5,No,Cancelled,33,5,179,57054.74,4298.87
ORD-100295,1970-01-01 05:00:45.646,CUST-10003,India,South Asia,Mumbai,Lifestyle,Superstar,Female,40,Retail Store,Premium Consumer,Credit Card,Summer Sale,1.0,130.46,0.0,130.46,86.96,43.5,4,No,Completed,46,5,222,94135.16,3348.14
ORD-100296,1970-01-01 05:00:45.544,CUST-10400,Uk,Europe,London,Outdoor,Terrex,Unisex,45,Retail Store,Business,Digital Wallet,Black Friday,2.0,177.42,5.0,337.1,146.39,190.71,3,Yes,Returned,49,6,115,4391.46,4901.06
ORD-100297,1970-01-01 05:00:45.717,CUST-10315,Pakistan,South Asia,Lahore,Football,F50,Male,44,Wholesale,Consumer,Bank Transfer,No Campaign,3.0,144.69,10.0,390.66,282.43,108.23,4,No,Completed,29,3,960,29456.14,4158.61
ORD-100298,1970-01-01 05:00:45.719,CUST-10367,Germany,Europe,Hamburg,Basketball,Harden,Female,42,Wholesale,Business,Debit Card,No Campaign,1.0,172.62,5.0,163.99,99.23,64.76,4,No,Completed,64,2,4,5625.39,710.77
ORD-100299,1970-01-01 05:00:44.955,CUST-10404,India,South Asia,Bangalore,Running,Ultraboost,Male,36,Online Store,Premium Consumer,Bank Transfer,Black Friday,2.0,204.69,15.0,347.97,185.11,162.86,3,Yes,Returned,39,5,772,57189.29,2586.63
ORD-100300,1970-01-01 05:00:45.095,CUST-10857,Usa,North America,Los Angeles,Training,Rapidmove,Female,38,Marketplace,Consumer,Bank Transfer,Summer Sale,3.0,141.91,0.0,425.73,248.48,177.25,4,Yes,Returned,33,4,65,12061.96,4525.86
ORD-100301,1970-01-01 05:00:45.727,CUST-10878,Uae,Middle East,Sharjah,Lifestyle,Campus,Unisex,38,Marketplace,Business,Digital Wallet,Sports Event,1.0,93.75,10.0,84.38,45.76,38.62,5,No,Cancelled,63,5,526,48185.39,4725.28
ORD-100302,1970-01-01 05:00:45.103,CUST-10174,Saudi Arabia,Middle East,Jeddah,Running,Adizero,Male,44,Wholesale,Business,Credit Card,Black Friday,1.0,83.98,0.0,83.98,36.01,47.97,3,Yes,Returned,29,14,448,72134.97,1963.01
ORD-100303,1970-01-01 05:00:45.208,CUST-10164,Uae,Middle East,Sharjah,Running,Ultraboost,Male,40,Mobile App,Premium Consumer,Bank Transfer,New Year Sale,1.0,111.96,10.0,100.76,69.64,31.12,3,No,Completed,44,2,148,16861.63,3655.95
ORD-100304,1970-01-01 05:00:45.186,CUST-10885,Uk,Europe,Birmingham,Football,Copa,Female,38,Online Store,Premium Consumer,Digital Wallet,Black Friday,2.0,145.41,20.0,232.66,170.75,61.91,4,No,Completed,46,3,100,75658.76,2111.67
ORD-100305,1970-01-01 05:00:45.943,CUST-10854,India,South Asia,Chennai,Basketball,D.O.N. Issue,Unisex,42,Online Store,Premium Consumer,Bank Transfer,Summer Sale,1.0,74.65,20.0,59.72,33.23,26.49,4,No,Completed,28,2,966,6490.34,705.93
ORD-100306,1970-01-01 05:00:45.137,CUST-10338,Germany,Europe,Hamburg,Football,Copa,Unisex,38,Retail Store,Business,Bank Transfer,No Campaign,1.0,85.18,30.0,59.63,55.71,3.92,5,No,Completed,46,6,266,15387.64,4434.6
ORD-100307,1970-01-01 05:00:45.021,CUST-10003,Pakistan,South Asia,Faisalabad,Running,Adizero,Female,43,Retail Store,Consumer,Credit Card,New Year Sale,1.0,162.91,0.0,162.91,113.88,49.03,5,No,Completed,24,1,729,28370.98,4666.57
ORD-100308,1970-01-01 05:00:45.435,CUST-10295,Usa,North America,Houston,Football,Copa,Unisex,42,Marketplace,Consumer,Bank Transfer,Black Friday,1.0,55.22,15.0,46.94,26.56,20.38,5,No,Completed,60,2,553,79711.86,2573.28
ORD-100309,1970-01-01 05:00:45.294,CUST-10777,India,South Asia,Mumbai,Lifestyle,Samba,Unisex,36,Mobile App,Consumer,Digital Wallet,Black Friday,3.0,134.24,0.0,402.72,209.81,192.91,4,Yes,Returned,59,2,65,85088.62,189.71
ORD-100310,1970-01-01 05:00:45.862,CUST-10321,Uk,Europe,London,Basketball,D.O.N. Issue,Female,42,Marketplace,Business,Cash on Delivery,Sports Event,1.0,86.25,20.0,69.0,35.74,33.26,5,No,Completed,29,5,349,22427.79,4098.58
ORD-100311,1970-01-01 05:00:45.937,CUST-10077,Saudi Arabia,Middle East,Riyadh,Training,Everyday,Unisex,45,Retail Store,Consumer,Credit Card,Eid Campaign,1.0,68.45,10.0,61.6,39.39,22.21,3,No,Completed,19,4,828,10030.49,2437.11
ORD-100312,1970-01-01 05:00:44.946,CUST-10035,Pakistan,South Asia,Islamabad,Football,Copa,Male,43,Marketplace,Consumer,Debit Card,New Year Sale,1.0,124.99,15.0,106.24,63.63,42.61,5,No,Completed,62,3,827,84871.4,467.64
ORD-100313,1970-01-01 05:00:45.049,CUST-10451,Saudi Arabia,Middle East,Riyadh,Training,Rapidmove,Unisex,44,Online Store,Consumer,Debit Card,New Year Sale,1.0,127.14,30.0,89.0,62.89,26.11,1,No,Completed,38,2,909,65112.06,1028.02
ORD-100314,1970-01-01 05:00:45.865,CUST-10609,Usa,North America,New York,Outdoor,Agravic,Unisex,38,Wholesale,Consumer,Digital Wallet,No Campaign,1.0,174.62,5.0,165.89,77.37,88.52,2,No,Cancelled,22,3,119,16206.62,845.38
ORD-100315,1970-01-01 05:00:45.411,CUST-10250,Pakistan,South Asia,Islamabad,Training,Powerlift,Female,38,Mobile App,Business,Cash on Delivery,Black Friday,1.0,53.0,5.0,50.35,25.52,24.83,1,No,Completed,37,5,244,55992.82,3462.77
ORD-100316,1970-01-01 05:00:45.079,CUST-10565,Australia,Oceania,Sydney,Basketball,Harden,Male,38,Retail Store,Consumer,Debit Card,Eid Campaign,1.0,125.86,0.0,125.86,54.17,71.69,4,No,Completed,41,3,388,87300.96,1567.11
ORD-100317,1970-01-01 05:00:45.174,CUST-10672,Australia,Oceania,Brisbane,Basketball,Own The Game,Female,42,Mobile App,Premium Consumer,Digital Wallet,Black Friday,1.0,166.96,5.0,158.61,92.91,65.7,5,No,Completed,20,3,286,7416.74,725.68
ORD-100318,1970-01-01 05:00:45.550,CUST-10475,India,South Asia,Kolkata,Running,Adizero,Male,42,Marketplace,Consumer,Credit Card,Sports Event,1.0,169.99,50.0,85.0,73.03,11.97,5,No,Completed,64,4,47,8830.26,4596.48
ORD-100319,1970-01-01 05:00:45.978,CUST-10550,Saudi Arabia,Middle East,Riyadh,Basketball,Own The Game,Unisex,44,Marketplace,Consumer,Credit Card,Eid Campaign,1.0,75.07,10.0,67.56,43.03,24.53,2,Yes,Returned,29,7,799,27723.97,4787.0
ORD-100320,1970-01-01 05:00:45.120,CUST-10327,Australia,Oceania,Melbourne,Lifestyle,Gazelle,Male,40,Online Store,Consumer,Credit Card,Summer Sale,1.0,107.55,5.0,102.17,63.62,38.55,5,No,Pending,64,2,824,65400.1,779.02
ORD-100321,1970-01-01 05:00:45.689,CUST-10600,Uae,Middle East,Sharjah,Football,F50,Unisex,38,Wholesale,Business,Cash on Delivery,No Campaign,1.0,110.6,30.0,77.42,44.98,32.44,4,Yes,Returned,21,3,766,18211.85,1228.16
ORD-100322,1970-01-01 05:00:45.835,CUST-10466,Pakistan,South Asia,Karachi,Running,Adizero,Male,38,Online Store,Consumer,Digital Wallet,No Campaign,1.0,183.44,10.0,165.1,130.28,34.82,4,Yes,Returned,50,3,417,81728.54,3001.39
ORD-100323,1970-01-01 05:00:45.735,CUST-10575,Uae,Middle East,Abu Dhabi,Lifestyle,Superstar,Male,43,Mobile App,Consumer,Cash on Delivery,Summer Sale,1.0,89.02,0.0,89.02,60.77,28.25,3,No,Completed,55,3,969,75167.8,837.49
ORD-100324,1970-01-01 05:00:45.840,CUST-10187,Uae,Middle East,Dubai,Basketball,Dame,Male,42,Marketplace,Premium Consumer,Digital Wallet,New Year Sale,1.0,76.24,10.0,68.62,33.21,35.41,5,No,Completed,51,4,350,56319.98,877.1
ORD-100325,1970-01-01 05:00:45.499,CUST-10543,Australia,Oceania,Melbourne,Running,Ultraboost,Male,38,Retail Store,Business,Bank Transfer,Summer Sale,1.0,163.0,0.0,163.0,78.46,84.54,4,No,Completed,31,3,154,12048.74,1749.22
ORD-100326,1970-01-01 05:00:45.909,CUST-10277,Pakistan,South Asia,Rawalpindi,Training,Everyday,Female,42,Wholesale,Business,Cash on Delivery,No Campaign,1.0,135.69,10.0,122.12,68.13,53.99,4,No,Completed,28,5,337,98827.87,4750.93
ORD-100327,1970-01-01 05:00:45.580,CUST-10018,Uk,Europe,Birmingham,Football,Predator,Male,36,Marketplace,Consumer,Digital Wallet,New Year Sale,2.0,96.77,50.0,96.77,97.59,-0.82,4,No,Completed,54,4,260,49258.35,4815.97
ORD-100328,1970-01-01 05:00:45.253,CUST-10116,Germany,Europe,Berlin,Lifestyle,Gazelle,Male,42,Marketplace,Business,Credit Card,Summer Sale,1.0,136.45,5.0,129.63,92.74,36.89,1,No,Completed,32,3,528,45481.28,4224.76
ORD-100329,1970-01-01 05:00:45.287,CUST-10195,Usa,North America,Los Angeles,Basketball,Harden,Unisex,42,Marketplace,Business,Credit Card,Sports Event,1.0,75.25,30.0,52.68,50.22,2.46,3,No,Completed,51,5,202,99559.12,3508.99
ORD-100330,1970-01-01 05:00:45.312,CUST-10264,Germany,Europe,Munich,Lifestyle,Gazelle,Unisex,44,Retail Store,Premium Consumer,Credit Card,No Campaign,2.0,115.84,30.0,162.18,132.79,29.39,4,No,Completed,62,3,964,86454.89,3631.3
ORD-100331,1970-01-01 05:00:44.967,CUST-10034,Pakistan,South Asia,Rawalpindi,Football,X Crazyfast,Female,36,Marketplace,Business,Debit Card,Summer Sale,2.0,152.41,15.0,259.1,123.13,135.97,3,No,Completed,23,4,884,45908.59,2400.91
ORD-100332,1970-01-01 05:00:45.589,CUST-10008,Germany,Europe,Berlin,Outdoor,Ridgewalker,Male,40,Wholesale,Business,Debit Card,No Campaign,1.0,160.65,0.0,160.65,65.59,95.06,4,No,Pending,31,14,439,42170.9,2697.76
ORD-100333,1970-01-01 05:00:45.737,CUST-10011,Germany,Europe,Hamburg,Running,Solarboost,Male,42,Marketplace,Premium Consumer,Debit Card,Summer Sale,3.0,77.3,0.0,231.9,162.96,68.94,5,No,Completed,42,2,165,10042.98,3208.82
ORD-100334,1970-01-01 05:00:45.576,CUST-10443,Usa,North America,Los Angeles,Outdoor,Five Ten,Unisex,45,Wholesale,Premium Consumer,Debit Card,Sports Event,1.0,196.33,30.0,137.43,87.49,49.94,4,No,Completed,45,6,378,92687.92,3683.3
ORD-100335,1970-01-01 05:00:45.530,CUST-10605,Uae,Middle East,Dubai,Training,Everyday,Male,36,Wholesale,Premium Consumer,Bank Transfer,No Campaign,1.0,42.64,0.0,42.64,30.11,12.53,4,No,Completed,62,4,437,84455.6,574.55
ORD-100336,1970-01-01 05:00:45.379,CUST-10034,Uae,Middle East,Sharjah,Lifestyle,Campus,Unisex,38,Mobile App,Consumer,Cash on Delivery,Sports Event,1.0,110.16,30.0,77.11,46.63,30.48,4,No,Completed,56,3,47,31345.25,1201.95
ORD-100337,1970-01-01 05:00:45.581,CUST-10698,India,South Asia,Mumbai,Football,Copa,Unisex,38,Marketplace,Premium Consumer,Credit Card,Black Friday,1.0,157.98,0.0,157.98,103.59,54.39,4,No,Completed,50,14,228,75455.47,4818.42
ORD-100338,1970-01-01 05:00:45.644,CUST-10418,Saudi Arabia,Middle East,Jeddah,Football,Predator,Male,36,Online Store,Premium Consumer,Digital Wallet,Sports Event,2.0,162.64,11.47,292.75,172.03,120.72,3,No,Completed,62,2,724,76391.58,1742.2
ORD-100339,1970-01-01 05:00:45.936,CUST-10490,Usa,North America,Houston,Football,F50,Female,45,Mobile App,Consumer,Digital Wallet,New Year Sale,1.0,173.41,5.0,164.74,106.5,58.24,4,No,Completed,35,6,727,23177.12,1415.52
ORD-100340,1970-01-01 05:00:45.077,CUST-10648,Saudi Arabia,Middle East,Riyadh,Football,F50,Female,36,Marketplace,Premium Consumer,Credit Card,No Campaign,1.0,111.33,0.0,111.33,57.17,54.16,5,No,Completed,62,4,989,61558.72,2167.37
ORD-100341,1970-01-01 05:00:45.256,CUST-10330,Germany,Europe,Hamburg,Football,F50,Male,45,Online Store,Premium Consumer,Bank Transfer,No Campaign,1.0,116.71,0.0,116.71,72.6,44.11,3,No,Completed,42,5,975,25875.37,1525.51
ORD-100342,1970-01-01 05:00:45.810,CUST-10152,Australia,Oceania,Brisbane,Outdoor,Terrex,Male,43,Retail Store,Consumer,Credit Card,Black Friday,1.0,85.26,11.25,72.47,43.97,28.5,3,No,Completed,62,2,816,79093.66,546.78
ORD-100343,1970-01-01 05:00:45.470,CUST-10871,Saudi Arabia,Middle East,Dammam,Football,F50,Female,44,Retail Store,Consumer,Credit Card,Eid Campaign,1.0,126.45,5.0,120.13,60.93,59.2,4,No,Completed,35,6,680,15804.07,1119.01
ORD-100344,1970-01-01 05:00:45.665,CUST-10328,Australia,Oceania,Sydney,Football,Predator,Female,38,Marketplace,Business,Bank Transfer,Eid Campaign,1.0,126.44,0.0,126.44,71.54,54.9,3,No,Completed,48,4,21,67056.15,3236.78
ORD-100345,1970-01-01 05:00:45.350,CUST-10524,Saudi Arabia,Middle East,Riyadh,Running,Ultraboost,Unisex,44,Online Store,Premium Consumer,Credit Card,Black Friday,1.0,167.41,20.0,133.93,91.53,42.4,4,No,Completed,21,4,952,32938.17,1193.59
ORD-100346,1970-01-01 05:00:45.469,CUST-10267,Usa,North America,New York,Training,Rapidmove,Unisex,45,Mobile App,Consumer,Cash on Delivery,Eid Campaign,4.0,45.41,5.0,172.56,85.48,87.08,3,No,Completed,54,5,961,4100.11,3273.57
ORD-100347,1970-01-01 05:00:45.018,CUST-10088,Germany,Europe,Munich,Football,F50,Female,38,Marketplace,Consumer,Cash on Delivery,New Year Sale,1.0,148.8,15.0,126.48,104.02,22.46,4,No,Completed,48,3,274,12808.61,590.4
ORD-100348,1970-01-01 05:00:45.102,CUST-10725,Pakistan,South Asia,Islamabad,Football,Predator,Unisex,43,Wholesale,Consumer,Bank Transfer,No Campaign,3.0,66.99,9.54,180.87,100.47,80.4,4,No,Completed,36,3,112,65662.46,305.19
ORD-100349,1970-01-01 05:00:45.899,CUST-10304,Usa,North America,Los Angeles,Lifestyle,Superstar,Female,38,Online Store,Premium Consumer,Credit Card,New Year Sale,1.0,85.61,1.72,85.61,52.26,33.35,5,Yes,Returned,42,4,868,38031.27081166119,4321.68
ORD-100350,1970-01-01 05:00:45.281,CUST-10214,Uae,Middle East,Dubai,Running,Duramo,Male,42,Retail Store,Consumer,Digital Wallet,No Campaign,2.0,110.11,30.0,154.15,149.49,4.66,4,No,Cancelled,23,2,897,63288.02,3824.13
ORD-100351,1970-01-01 05:00:45.455,CUST-10183,Usa,North America,Chicago,Football,X Crazyfast,Unisex,38,Online Store,Premium Consumer,Bank Transfer,No Campaign,1.0,115.08,20.0,92.06,77.75,14.31,3,No,Completed,56,4,714,41774.81,3363.54
ORD-100352,1970-01-01 05:00:44.952,CUST-10615,Germany,Europe,Hamburg,Basketball,Own The Game,Unisex,45,Mobile App,Consumer,Digital Wallet,Summer Sale,2.0,97.55,15.0,165.83,120.35,45.48,4,No,Completed,24,3,544,69424.99,251.41
ORD-100353,1970-01-01 05:00:45.143,CUST-10388,Uae,Middle East,Sharjah,Lifestyle,Samba,Male,44,Wholesale,Premium Consumer,Digital Wallet,Black Friday,1.0,142.01,0.0,142.01,89.54,52.47,3,No,Completed,49,3,968,49548.39,1272.83
ORD-100354,1970-01-01 05:00:45.895,CUST-10078,Usa,North America,New York,Outdoor,Five Ten,Male,38,Mobile App,Consumer,Bank Transfer,New Year Sale,2.0,104.14,5.0,197.87,92.59,105.28,4,No,Completed,23,2,954,31200.44,4080.34
ORD-100355,1970-01-01 05:00:45.605,CUST-10545,Usa,North America,Los Angeles,Running,Duramo,Male,44,Marketplace,Premium Consumer,Credit Card,Black Friday,1.0,199.37,18.01,139.56,116.92,22.64,5,No,Completed,32,1,88,15009.01,808.87
ORD-100356,1970-01-01 05:00:45.933,CUST-10600,Uk,Europe,Birmingham,Basketball,Dame,Unisex,38,Retail Store,Consumer,Cash on Delivery,Sports Event,1.0,112.88,0.0,112.88,80.65,32.23,3,Yes,Returned,47,4,645,38066.21605865737,4082.98
ORD-100357,1970-01-01 05:00:45.780,CUST-10389,Australia,Oceania,Sydney,Basketball,Dame,Unisex,38,Retail Store,Premium Consumer,Debit Card,Eid Campaign,1.0,83.49,10.0,75.14,40.25,34.89,4,No,Completed,34,4,10,63671.96,2962.74
ORD-100358,1970-01-01 05:00:45.042,CUST-10438,Australia,Oceania,Brisbane,Lifestyle,Campus,Male,38,Marketplace,Business,Bank Transfer,Eid Campaign,4.0,72.47,0.0,289.88,115.97,173.91,5,No,Completed,46,3,26,74177.11,3727.81
ORD-100359,1970-01-01 05:00:45.282,CUST-10227,Uae,Middle East,Dubai,Lifestyle,Samba,Male,36,Retail Store,Consumer,Digital Wallet,No Campaign,1.0,63.11,5.0,59.95,32.81,27.14,4,No,Completed,23,5,455,16453.8,3258.08
ORD-100360,1970-01-01 05:00:45.488,CUST-10181,Germany,Europe,Munich,Outdoor,Ridgewalker,Female,45,Mobile App,Business,Credit Card,Sports Event,1.0,156.87,15.0,133.34,97.21,36.13,5,No,Completed,47,4,940,66595.1,2143.25
ORD-100361,1970-01-01 05:00:45.928,CUST-10845,Pakistan,South Asia,Rawalpindi,Football,Copa,Female,40,Mobile App,Business,Bank Transfer,Black Friday,2.0,178.55,10.0,321.39,256.21,65.18,5,No,Completed,26,5,30,18338.31,1530.69
ORD-100362,1970-01-01 05:00:45.112,CUST-10082,Germany,Europe,Munich,Football,Copa,Male,43,Online Store,Consumer,Bank Transfer,Summer Sale,1.0,80.52,4.18,76.49,38.42,38.07,3,Yes,Returned,39,3,602,22571.02,3396.37
ORD-100363,1970-01-01 05:00:45.350,CUST-10758,Saudi Arabia,Middle East,Dammam,Outdoor,Ridgewalker,Unisex,43,Wholesale,Consumer,Credit Card,Eid Campaign,1.0,163.8,5.0,155.61,71.12,84.49,5,Yes,Returned,34,2,446,53366.07,4053.87
ORD-100364,1970-01-01 05:00:44.944,CUST-10320,Uae,Middle East,Dubai,Outdoor,Ridgewalker,Female,44,Marketplace,Premium Consumer,Digital Wallet,Black Friday,1.0,135.47,0.0,135.47,87.17,48.3,3,No,Completed,18,3,427,29275.63,319.19
ORD-100365,1970-01-01 05:00:45.882,CUST-10326,Australia,Oceania,Melbourne,Basketball,Harden,Unisex,45,Wholesale,Premium Consumer,Bank Transfer,No Campaign,1.0,162.47,30.0,113.73,112.26,1.47,5,No,Completed,61,1,680,66328.75,1961.55
ORD-100366,1970-01-01 05:00:45.505,CUST-10437,Pakistan,South Asia,Islamabad,Lifestyle,Campus,Unisex,38,Mobile App,Consumer,Cash on Delivery,Black Friday,1.0,126.04,5.0,119.74,70.72,49.02,5,No,Completed,64,3,558,95599.77,1818.58
ORD-100367,1970-01-01 05:00:45.538,CUST-10184,Germany,Europe,Berlin,Basketball,Dame,Male,45,Retail Store,Consumer,Bank Transfer,Eid Campaign,1.0,109.62,30.0,76.73,56.21,20.52,2,No,Completed,22,14,964,15314.77,2841.41
ORD-100368,1970-01-01 05:00:44.979,CUST-10514,Germany,Europe,Hamburg,Outdoor,Ridgewalker,Female,44,Marketplace,Premium Consumer,Digital Wallet,Eid Campaign,1.0,138.24,15.0,117.5,63.79,53.71,3,No,Cancelled,49,5,590,57265.83,658.23
ORD-100369,1970-01-01 05:00:45.629,CUST-10626,Pakistan,South Asia,Karachi,Lifestyle,Gazelle,Unisex,45,Mobile App,Business,Cash on Delivery,New Year Sale,1.0,151.89,20.0,121.51,94.24,27.27,4,No,Completed,64,3,513,92368.27,4673.76
ORD-100370,1970-01-01 05:00:45.528,CUST-10270,Uk,Europe,London,Football,X Crazyfast,Female,40,Marketplace,Business,Bank Transfer,Summer Sale,1.0,128.12,10.0,115.31,84.09,31.22,3,No,Cancelled,42,3,398,18064.63,2787.7
ORD-100371,1970-01-01 05:00:45.382,CUST-10228,Germany,Europe,Munich,Outdoor,Terrex,Male,44,Mobile App,Premium Consumer,Cash on Delivery,Black Friday,1.0,120.94,5.0,114.89,51.49,63.4,3,No,Completed,19,5,990,37001.66,4626.39
ORD-100372,1970-01-01 05:00:45.890,CUST-10273,Uk,Europe,London,Training,Dropset,Unisex,38,Mobile App,Consumer,Bank Transfer,No Campaign,1.0,52.26,15.0,44.42,24.92,19.5,4,No,Completed,59,3,531,12799.88,4103.01
ORD-100373,1970-01-01 05:00:45.773,CUST-10078,Usa,North America,New York,Lifestyle,Campus,Male,40,Retail Store,Premium Consumer,Digital Wallet,New Year Sale,1.0,87.27,15.0,74.18,51.59,22.59,5,Yes,Returned,44,7,386,64382.75,1039.03
ORD-100374,1970-01-01 05:00:45.296,CUST-10587,Australia,Oceania,Sydney,Football,Copa,Female,42,Retail Store,Premium Consumer,Credit Card,No Campaign,1.0,146.71,10.0,132.04,81.64,50.4,4,No,Completed,20,3,617,67079.72,748.46
ORD-100375,1970-01-01 05:00:45.272,CUST-10265,Australia,Oceania,Brisbane,Basketball,Harden,Male,44,Online Store,Consumer,Bank Transfer,Eid Campaign,1.0,155.27,20.0,124.22,104.09,20.13,4,Yes,Returned,33,3,806,66586.14,4320.13
ORD-100376,1970-01-01 05:00:45.904,CUST-10723,Usa,North America,Houston,Training,Rapidmove,Male,36,Wholesale,Consumer,Cash on Delivery,No Campaign,1.0,92.83,0.0,92.83,54.85,37.98,4,Yes,Returned,20,14,329,54441.64,2726.89
ORD-100377,1970-01-01 05:00:44.963,CUST-10577,Germany,Europe,Hamburg,Lifestyle,Gazelle,Male,42,Retail Store,Business,Cash on Delivery,Black Friday,3.0,148.78,15.0,379.39,214.55,164.84,4,No,Completed,59,10,601,74752.96,196.74
ORD-100378,1970-01-01 05:00:45.957,CUST-10673,Uae,Middle East,Sharjah,Running,Duramo,Female,40,Online Store,Consumer,Cash on Delivery,No Campaign,3.0,106.35,15.0,271.19,202.28,68.91,5,No,Completed,61,2,137,4069.79,4677.71
ORD-100379,1970-01-01 05:00:45.815,CUST-10618,Australia,Oceania,Brisbane,Outdoor,Agravic,Male,42,Mobile App,Premium Consumer,Debit Card,Summer Sale,1.0,181.54,5.0,172.46,100.12,72.34,4,No,Completed,54,3,679,95772.59,2417.84
ORD-100380,1970-01-01 05:00:45.386,CUST-10148,Usa,North America,Los Angeles,Running,Adizero,Male,36,Wholesale,Business,Debit Card,No Campaign,2.0,197.13,15.0,335.12,182.49,152.63,4,Yes,Returned,28,5,652,22598.57,1574.59
ORD-100381,1970-01-01 05:00:45.695,CUST-10734,Germany,Europe,Hamburg,Outdoor,Terrex,Female,45,Wholesale,Consumer,Bank Transfer,No Campaign,1.0,112.79,0.0,112.79,64.33,48.46,5,No,Completed,18,3,724,12595.42,2631.33
ORD-100382,1970-01-01 05:00:45.025,CUST-10446,India,South Asia,Delhi,Outdoor,Terrex,Female,44,Mobile App,Consumer,Bank Transfer,Black Friday,1.0,203.7,30.0,142.59,131.16,11.43,4,No,Completed,29,2,481,94143.04,4132.3
ORD-100383,1970-01-01 05:00:45.347,CUST-10660,Australia,Oceania,Brisbane,Outdoor,Ridgewalker,Unisex,36,Marketplace,Premium Consumer,Credit Card,Sports Event,1.0,111.58,0.0,111.58,60.21,51.37,5,No,Completed,61,4,299,83128.47,640.43
ORD-100384,1970-01-01 05:00:45.784,CUST-10656,Uk,Europe,London,Lifestyle,Gazelle,Unisex,38,Marketplace,Consumer,Credit Card,Eid Campaign,1.0,131.08,10.0,117.97,66.54,51.43,5,Yes,Returned,55,6,31,76604.61,1858.77
ORD-100385,1970-01-01 05:00:45.465,CUST-10282,Saudi Arabia,Middle East,Dammam,Lifestyle,Gazelle,Male,42,Mobile App,Premium Consumer,Debit Card,No Campaign,1.0,76.03,10.0,68.43,32.23,36.2,3,No,Completed,31,2,456,10922.2,1662.45
ORD-100386,1970-01-01 05:00:45.604,CUST-10529,Australia,Oceania,Sydney,Football,F50,Male,36,Online Store,Consumer,Bank Transfer,Sports Event,1.0,58.05,20.0,46.44,25.41,21.03,2,No,Completed,64,4,541,80849.16,4214.28
ORD-100387,1970-01-01 05:00:45.974,CUST-10185,Australia,Oceania,Sydney,Football,Predator,Unisex,38,Marketplace,Business,Debit Card,Eid Campaign,1.0,108.38,0.0,108.38,56.07,52.31,2,No,Pending,43,4,384,61097.84,3914.49
ORD-100388,1970-01-01 05:00:45.029,CUST-10529,Uk,Europe,London,Basketball,Own The Game,Male,38,Marketplace,Premium Consumer,Cash on Delivery,No Campaign,2.0,94.22,15.0,160.17,92.38,67.79,4,No,Completed,22,2,820,73324.91,2060.51
ORD-100389,1970-01-01 05:00:44.946,CUST-10638,India,South Asia,Mumbai,Running,Ultraboost,Unisex,40,Marketplace,Premium Consumer,Digital Wallet,New Year Sale,1.0,79.58,30.0,55.71,50.76,4.95,4,No,Completed,54,2,331,97817.99,3355.99
ORD-100390,1970-01-01 05:00:45.690,CUST-10654,Uk,Europe,London,Outdoor,Terrex,Male,38,Mobile App,Premium Consumer,Digital Wallet,Black Friday,1.0,107.3,10.0,96.57,49.51,47.06,5,No,Completed,59,1,43,19846.9,2032.78
ORD-100391,1970-01-01 05:00:45.790,CUST-10236,Usa,North America,Los Angeles,Outdoor,Five Ten,Male,40,Online Store,Consumer,Credit Card,Eid Campaign,1.0,143.41,0.0,143.41,89.29,54.12,5,No,Completed,62,6,546,50686.01,2899.44
ORD-100392,1970-01-01 05:00:45.298,CUST-10352,Australia,Oceania,Brisbane,Lifestyle,Superstar,Female,42,Wholesale,Consumer,Debit Card,Eid Campaign,1.0,158.44,20.0,126.75,79.49,47.26,1,No,Completed,45,4,983,75458.52,4956.95
ORD-100393,1970-01-01 05:00:45.829,CUST-10180,Australia,Oceania,Sydney,Running,Duramo,Male,44,Marketplace,Consumer,Bank Transfer,Sports Event,1.0,130.45,10.0,117.4,72.56,44.84,5,No,Completed,50,5,423,43648.81,2724.31
ORD-100394,1970-01-01 05:00:45.990,CUST-10847,Saudi Arabia,Middle East,Dammam,Outdoor,Agravic,Unisex,38,Mobile App,Business,Debit Card,Eid Campaign,1.0,132.75,7.32,126.11,63.39,62.72,3,No,Cancelled,57,3,44,5937.98,4944.02
ORD-100395,1970-01-01 05:00:45.231,CUST-10254,Germany,Europe,Hamburg,Outdoor,Five Ten,Unisex,36,Online Store,Business,Debit Card,No Campaign,1.0,205.95,10.0,185.36,125.45,59.91,4,No,Completed,62,2,955,11588.17,3761.28
ORD-100396,1970-01-01 05:00:45.080,CUST-10089,Australia,Oceania,Melbourne,Training,Powerlift,Female,42,Marketplace,Premium Consumer,Credit Card,New Year Sale,1.0,71.82,0.0,71.82,50.65,21.17,5,No,Completed,55,2,379,60408.15,691.54
ORD-100397,1970-01-01 05:00:45.752,CUST-10727,Saudi Arabia,Middle East,Dammam,Lifestyle,Superstar,Male,44,Mobile App,Business,Digital Wallet,No Campaign,2.0,152.74,20.0,244.38,171.85,72.53,5,No,Completed,43,1,496,28857.91,4000.23
ORD-100398,1970-01-01 05:00:45.170,CUST-10310,Australia,Oceania,Melbourne,Training,Everyday,Unisex,36,Online Store,Premium Consumer,Digital Wallet,No Campaign,1.0,92.26,15.0,78.42,39.36,39.06,5,No,Completed,38,1,883,14215.14,890.3
ORD-100399,1970-01-01 05:00:45.968,CUST-10401,Pakistan,South Asia,Rawalpindi,Running,Solarboost,Male,44,Marketplace,Premium Consumer,Credit Card,Summer Sale,1.0,201.66,10.0,181.49,99.43,82.06,4,No,Completed,31,2,891,34319.25,2708.41
ORD-100400,1970-01-01 05:00:45.671,CUST-10452,Australia,Oceania,Brisbane,Basketball,Own The Game,Female,38,Online Store,Business,Debit Card,No Campaign,1.0,116.6,30.0,81.62,59.44,22.18,5,No,Completed,27,4,958,20497.6,3104.9
ORD-100401,1970-01-01 05:00:45.996,CUST-10573,Germany,Europe,Munich,Basketball,Dame,Unisex,38,Online Store,Consumer,Digital Wallet,Summer Sale,1.0,122.59,15.0,104.2,52.14,52.06,3,Yes,Returned,48,5,137,2881.98,4471.93
ORD-100402,1970-01-01 05:00:45.328,CUST-10824,Usa,North America,Los Angeles,Running,Solarboost,Male,43,Retail Store,Premium Consumer,Debit Card,No Campaign,1.0,210.37,10.0,189.33,137.46,51.87,5,No,Completed,18,5,558,15605.49,1131.08
ORD-100403,1970-01-01 05:00:45.022,CUST-10018,Germany,Europe,Hamburg,Running,Duramo,Male,38,Mobile App,Premium Consumer,Bank Transfer,New Year Sale,2.0,143.11,20.0,228.98,138.55,90.43,4,No,Pending,50,7,407,71630.81096217316,4392.12
ORD-100404,1970-01-01 05:00:46.013,CUST-10197,Uae,Middle East,Sharjah,Training,Dropset,Male,45,Mobile App,Business,Digital Wallet,New Year Sale,4.0,57.0,5.0,216.6,114.29,102.31,2,No,Pending,30,4,184,1697.71,4679.02
ORD-100405,1970-01-01 05:00:45.189,CUST-10018,Uae,Middle East,Dubai,Outdoor,Ridgewalker,Female,42,Wholesale,Premium Consumer,Digital Wallet,No Campaign,1.0,183.73,30.0,128.61,119.83,8.78,1,No,Completed,34,1,488,77498.11,538.49
ORD-100406,1970-01-01 05:00:45.629,CUST-10195,Saudi Arabia,Middle East,Dammam,Basketball,Own The Game,Male,40,Retail Store,Premium Consumer,Bank Transfer,Sports Event,1.0,88.41,0.0,88.41,37.0,51.41,5,Yes,Returned,41,3,17,75469.38,4437.9
ORD-100407,1970-01-01 05:00:45.372,CUST-10418,Uk,Europe,London,Outdoor,Agravic,Male,44,Marketplace,Business,Debit Card,Sports Event,1.0,108.98,5.0,103.53,55.69,47.84,4,No,Completed,39,2,696,56641.65,1369.98
ORD-100408,1970-01-01 05:00:45.163,CUST-10731,Uae,Middle East,Abu Dhabi,Lifestyle,Campus,Male,44,Wholesale,Business,Digital Wallet,No Campaign,2.0,75.96,0.0,151.92,69.62,82.3,4,No,Completed,35,5,71,21240.55,496.9
ORD-100409,1970-01-01 05:00:45.997,CUST-10178,Uk,Europe,London,Training,Dropset,Male,43,Retail Store,Consumer,Credit Card,Summer Sale,1.0,141.84,0.0,141.84,68.65,73.19,4,No,Completed,52,2,634,87866.89,4797.01
ORD-100410,1970-01-01 05:00:45.440,CUST-10462,Uk,Europe,London,Football,Copa,Male,44,Retail Store,Business,Credit Card,Black Friday,1.0,139.72,0.0,139.72,67.82,71.9,3,No,Completed,41,2,941,47770.02,2021.8
ORD-100411,1970-01-01 05:00:45.723,CUST-10326,Australia,Oceania,Sydney,Running,Adizero,Unisex,44,Online Store,Premium Consumer,Digital Wallet,Eid Campaign,1.0,182.09,10.0,163.88,118.25,45.63,4,No,Completed,58,1,170,17734.02,3152.62
ORD-100412,1970-01-01 05:00:44.953,CUST-10514,Germany,Europe,Hamburg,Lifestyle,Samba,Female,42,Wholesale,Premium Consumer,Debit Card,Sports Event,1.0,115.58,0.0,115.58,77.36,38.22,3,No,Completed,39,10,76,43187.75,2809.08
ORD-100413,1970-01-01 05:00:45.323,CUST-10730,Germany,Europe,Munich,Lifestyle,Gazelle,Female,40,Online Store,Consumer,Debit Card,Sports Event,1.0,77.94,0.0,77.94,49.02,28.92,4,No,Completed,30,5,399,55901.93567267214,1144.59
ORD-100414,1970-01-01 05:00:45.804,CUST-10845,India,South Asia,Bangalore,Training,Dropset,Unisex,38,Retail Store,Consumer,Bank Transfer,Black Friday,1.0,128.02,5.0,121.62,62.14,59.48,4,No,Completed,30,3,909,37912.78,3380.87
ORD-100415,1970-01-01 05:00:45.244,CUST-10226,Pakistan,South Asia,Lahore,Basketball,Own The Game,Male,42,Wholesale,Consumer,Bank Transfer,Sports Event,1.0,67.31,5.0,63.94,41.86,22.08,5,No,Completed,29,3,520,49920.43,325.96
ORD-100416,1970-01-01 05:00:45.076,CUST-10516,Uk,Europe,Birmingham,Training,Everyday,Female,45,Retail Store,Consumer,Bank Transfer,No Campaign,1.0,112.85,0.0,112.85,72.29,40.56,4,No,Completed,43,1,200,36310.14,1095.17
ORD-100417,1970-01-01 05:00:45.115,CUST-10463,Uae,Middle East,Abu Dhabi,Training,Rapidmove,Male,42,Marketplace,Premium Consumer,Cash on Delivery,Black Friday,1.0,97.06,10.0,87.35,48.46,38.89,3,No,Completed,42,2,754,65875.91,4728.85
ORD-100418,1970-01-01 05:00:44.945,CUST-10583,Saudi Arabia,Middle East,Riyadh,Lifestyle,Superstar,Unisex,42,Mobile App,Consumer,Bank Transfer,New Year Sale,1.0,118.32,20.0,94.66,71.12,23.54,4,Yes,Returned,54,3,580,93623.82,4772.19
ORD-100419,1970-01-01 05:00:45.708,CUST-10086,Saudi Arabia,Middle East,Riyadh,Running,Solarboost,Female,44,Wholesale,Business,Cash on Delivery,No Campaign,2.0,109.83,10.0,197.69,108.71,88.98,4,No,Pending,50,3,238,35140.86,2465.01
ORD-100420,1970-01-01 05:00:45.923,CUST-10492,Germany,Europe,Munich,Lifestyle,Superstar,Female,42,Marketplace,Business,Credit Card,No Campaign,1.0,79.39,10.0,71.45,35.04,36.41,5,No,Completed,44,4,316,35896.08,928.45
ORD-100421,1970-01-01 05:00:45.061,CUST-10178,Uae,Middle East,Dubai,Lifestyle,Samba,Unisex,42,Mobile App,Consumer,Debit Card,New Year Sale,1.0,140.33,10.0,126.3,78.9,47.4,4,No,Completed,56,3,522,73961.1,2165.94
ORD-100422,1970-01-01 05:00:45.241,CUST-10110,Usa,North America,New York,Outdoor,Terrex,Female,42,Online Store,Consumer,Credit Card,No Campaign,4.0,203.31,20.0,650.59,578.88,71.71,5,Yes,Returned,35,10,914,53293.8,4397.65
ORD-100423,1970-01-01 05:00:45.393,CUST-10776,Uae,Middle East,Abu Dhabi,Basketball,D.O.N. Issue,Male,38,Mobile App,Business,Digital Wallet,Eid Campaign,2.0,90.61,0.0,181.22,78.11,103.11,2,No,Completed,19,3,319,43169.52,444.34
ORD-100424,1970-01-01 05:00:45.169,CUST-10345,Germany,Europe,Hamburg,Running,Duramo,Male,38,Wholesale,Consumer,Credit Card,Black Friday,1.0,187.64,30.0,131.35,133.96,-2.61,5,No,Completed,55,7,549,81473.91,726.56
ORD-100425,1970-01-01 05:00:45.104,CUST-10154,India,South Asia,Bangalore,Basketball,Dame,Female,38,Mobile App,Business,Credit Card,Eid Campaign,1.0,140.03,15.0,119.03,99.6,19.43,5,No,Completed,55,5,521,89158.09,4488.7
ORD-100426,1970-01-01 05:00:45.206,CUST-10247,Uae,Middle East,Sharjah,Lifestyle,Gazelle,Female,38,Marketplace,Business,Debit Card,Black Friday,1.0,99.08,11.78,94.13,47.69,46.44,5,Yes,Returned,37,6,527,59263.37,2135.38
ORD-100427,1970-01-01 05:00:45.179,CUST-10424,Germany,Europe,Berlin,Running,Adizero,Male,43,Wholesale,Business,Credit Card,No Campaign,1.0,160.86,15.0,136.73,109.11,27.62,3,No,Cancelled,57,4,476,18917.78,508.95
ORD-100428,1970-01-01 05:00:45.360,CUST-10839,Saudi Arabia,Middle East,Dammam,Outdoor,Agravic,Unisex,45,Retail Store,Consumer,Debit Card,Summer Sale,1.0,128.29,50.0,64.14,91.0,-26.86,4,No,Completed,40,4,324,51577.284181097595,782.12
ORD-100429,1970-01-01 05:00:45.298,CUST-10005,Uk,Europe,Birmingham,Football,Predator,Unisex,36,Wholesale,Premium Consumer,Bank Transfer,No Campaign,1.0,139.62,15.0,118.68,59.31,59.37,4,No,Completed,23,3,465,50684.88,4424.0
ORD-100430,1970-01-01 05:00:45.440,CUST-10748,Uk,Europe,London,Outdoor,Terrex,Male,44,Marketplace,Premium Consumer,Debit Card,Sports Event,2.0,241.55,5.0,458.94,196.2,262.74,4,Yes,Returned,47,3,754,43504.63,2501.51
ORD-100431,1970-01-01 05:00:45.069,CUST-10570,Saudi Arabia,Middle East,Riyadh,Running,Solarboost,Female,44,Mobile App,Premium Consumer,Bank Transfer,Sports Event,1.0,188.34,0.0,188.34,130.85,57.49,5,No,Completed,34,3,758,26611.97,898.67
ORD-100432,1970-01-01 05:00:45.673,CUST-10177,Uk,Europe,Manchester,Outdoor,Ridgewalker,Female,38,Online Store,Premium Consumer,Debit Card,No Campaign,1.0,234.98,30.0,164.49,106.43,58.06,1,No,Cancelled,40,2,41,47496.02,4480.89
ORD-100433,1970-01-01 05:00:45.202,CUST-10332,Usa,North America,Chicago,Basketball,Dame,Female,44,Mobile App,Premium Consumer,Cash on Delivery,Eid Campaign,2.0,165.45,15.0,281.26,155.98,125.28,4,No,Completed,18,3,233,44931.34,4241.87
ORD-100434,1970-01-01 05:00:45.501,CUST-10355,India,South Asia,Mumbai,Football,Predator,Unisex,42,Marketplace,Business,Credit Card,Sports Event,1.0,156.38,0.0,156.38,83.74,72.64,4,No,Completed,53,2,555,21344.61,212.81
ORD-100435,1970-01-01 05:00:45.756,CUST-10187,India,South Asia,Kolkata,Running,Ultraboost,Male,36,Wholesale,Premium Consumer,Bank Transfer,New Year Sale,1.0,105.53,0.0,105.53,42.81,62.72,3,No,Completed,48,3,436,90391.35,2946.85
ORD-100436,1970-01-01 05:00:45.676,CUST-10122,Australia,Oceania,Melbourne,Outdoor,Ridgewalker,Male,44,Retail Store,Premium Consumer,Bank Transfer,New Year Sale,1.0,196.56,1.81,196.56,86.91,109.65,5,No,Completed,54,5,930,88591.42,1297.25
ORD-100437,1970-01-01 05:00:45.955,CUST-10099,India,South Asia,Delhi,Training,Everyday,Unisex,42,Wholesale,Business,Debit Card,New Year Sale,2.0,48.61,10.0,87.5,68.15,19.35,5,No,Completed,35,2,675,76081.83,2712.37
ORD-100438,1970-01-01 05:00:45.293,CUST-10269,Uae,Middle East,Sharjah,Training,Powerlift,Unisex,38,Mobile App,Premium Consumer,Credit Card,Summer Sale,1.0,68.29,5.0,64.88,41.01,23.87,3,No,Completed,20,4,661,40394.18,1468.41
ORD-100439,1970-01-01 05:00:45.468,CUST-10804,Australia,Oceania,Melbourne,Football,Predator,Male,36,Retail Store,Business,Cash on Delivery,Eid Campaign,1.0,63.97,50.0,31.98,29.92,2.06,4,No,Pending,43,2,279,37349.02,1647.79
ORD-100440,1970-01-01 05:00:45.008,CUST-10385,Australia,Oceania,Brisbane,Training,Dropset,Male,38,Wholesale,Business,Cash on Delivery,Sports Event,1.0,146.08,0.0,146.08,71.13,74.95,5,No,Completed,20,2,203,71788.31,3049.08
ORD-100441,1970-01-01 05:00:45.698,CUST-10621,Uk,Europe,Birmingham,Lifestyle,Gazelle,Female,42,Wholesale,Business,Credit Card,New Year Sale,1.0,80.96,0.0,80.96,35.5,45.46,4,No,Completed,22,3,742,61007.86,2740.41
ORD-100442,1970-01-01 05:00:45.984,CUST-10564,Uk,Europe,Manchester,Training,Powerlift,Female,38,Mobile App,Premium Consumer,Bank Transfer,No Campaign,1.0,79.73,5.0,75.74,45.54,30.2,5,No,Completed,23,3,907,60259.53,2036.44
ORD-100443,1970-01-01 05:00:45.398,CUST-10625,Uae,Middle East,Dubai,Training,Powerlift,Unisex,44,Retail Store,Consumer,Debit Card,Summer Sale,2.0,106.47,0.0,212.94,91.55,121.39,1,No,Completed,60,10,802,12849.1,627.08
ORD-100444,1970-01-01 05:00:45.398,CUST-10551,Germany,Europe,Munich,Lifestyle,Samba,Male,38,Mobile App,Business,Digital Wallet,Eid Campaign,1.0,143.67,10.0,129.3,92.52,36.78,3,Yes,Returned,49,2,305,62019.24,4850.18
ORD-100445,1970-01-01 05:00:45.768,CUST-10644,Saudi Arabia,Middle East,Riyadh,Lifestyle,Gazelle,Male,36,Retail Store,Business,Bank Transfer,Summer Sale,1.0,128.99,15.0,109.64,61.21,48.43,5,No,Completed,59,3,850,90235.37,955.57
ORD-100446,1970-01-01 05:00:45.227,CUST-10665,Uae,Middle East,Dubai,Outdoor,Terrex,Male,38,Retail Store,Business,Digital Wallet,New Year Sale,1.0,156.17,10.0,140.55,72.68,67.87,4,No,Pending,18,4,996,9038.74,3202.27
ORD-100447,1970-01-01 05:00:45.102,CUST-10245,Pakistan,South Asia,Karachi,Outdoor,Agravic,Male,44,Mobile App,Consumer,Debit Card,Eid Campaign,1.0,202.28,15.0,171.94,86.2,85.74,4,No,Completed,23,2,845,34247.54,505.45
ORD-100448,1970-01-01 05:00:45.973,CUST-10051,Uae,Middle East,Abu Dhabi,Lifestyle,Gazelle,Male,42,Mobile App,Business,Bank Transfer,No Campaign,1.0,66.44,10.0,59.8,30.44,29.36,4,Yes,Returned,19,10,982,51146.92,3472.73
ORD-100449,1970-01-01 05:00:45.197,CUST-10459,Saudi Arabia,Middle East,Riyadh,Training,Rapidmove,Male,42,Wholesale,Business,Digital Wallet,Summer Sale,2.0,82.03,5.0,155.86,98.76,57.1,5,No,Completed,22,3,509,68757.94,564.71
ORD-100450,1970-01-01 05:00:45.006,CUST-10138,India,South Asia,Kolkata,Football,F50,Male,38,Online Store,Premium Consumer,Debit Card,New Year Sale,3.0,112.35,10.0,303.34,137.48,165.86,4,No,Completed,63,7,295,9418.68,1224.59
ORD-100451,1970-01-01 05:00:45.996,CUST-10231,Pakistan,South Asia,Faisalabad,Outdoor,Five Ten,Female,36,Wholesale,Premium Consumer,Debit Card,Eid Campaign,2.0,97.62,15.0,165.95,96.81,69.14,4,No,Completed,43,4,21,61982.528172232036,3270.23
ORD-100452,1970-01-01 05:00:45.798,CUST-10555,Usa,North America,Los Angeles,Basketball,D.O.N. Issue,Female,44,Retail Store,Consumer,Cash on Delivery,New Year Sale,3.0,63.78,15.0,162.64,84.74,77.9,3,No,Completed,53,1,686,4534.29,1486.38
ORD-100453,1970-01-01 05:00:44.938,CUST-10346,Usa,North America,New York,Basketball,Harden,Unisex,45,Online Store,Business,Credit Card,Eid Campaign,1.0,100.98,10.0,90.88,71.68,19.2,3,No,Completed,28,3,241,63433.650479136515,2710.97
ORD-100454,1970-01-01 05:00:45.764,CUST-10388,Saudi Arabia,Middle East,Jeddah,Outdoor,Agravic,Male,40,Mobile App,Business,Bank Transfer,No Campaign,1.0,104.32,0.0,104.32,60.65,43.67,5,No,Completed,62,1,842,3251.35,710.08
ORD-100455,1970-01-01 05:00:45.675,CUST-10559,Uk,Europe,London,Lifestyle,Superstar,Female,43,Retail Store,Premium Consumer,Bank Transfer,New Year Sale,2.0,134.21,5.0,255.0,177.74,77.26,4,No,Completed,42,3,577,15775.57,1091.76
ORD-100456,1970-01-01 05:00:45.917,CUST-10215,Australia,Oceania,Melbourne,Football,Copa,Female,42,Mobile App,Business,Debit Card,No Campaign,1.0,149.13,15.0,126.76,104.24,22.52,3,No,Completed,37,7,393,80132.22,3695.5
ORD-100457,1970-01-01 05:00:45.841,CUST-10588,India,South Asia,Mumbai,Outdoor,Ridgewalker,Male,42,Wholesale,Premium Consumer,Cash on Delivery,New Year Sale,1.0,95.42,5.0,90.65,64.88,25.77,3,No,Completed,49,5,426,53459.128423934795,272.18
ORD-100458,1970-01-01 05:00:44.937,CUST-10540,Pakistan,South Asia,Lahore,Football,F50,Male,44,Wholesale,Premium Consumer,Credit Card,No Campaign,2.0,133.1,20.0,212.96,157.04,55.92,4,No,Completed,37,4,452,98235.45,647.82
ORD-100459,1970-01-01 05:00:45.090,CUST-10445,Uk,Europe,Birmingham,Football,Copa,Male,43,Mobile App,Business,Bank Transfer,Black Friday,2.0,60.26,10.0,108.47,70.75,37.72,5,No,Completed,63,4,506,12013.63,1153.28
ORD-100460,1970-01-01 05:00:45.826,CUST-10522,Pakistan,South Asia,Lahore,Football,F50,Male,45,Marketplace,Consumer,Credit Card,New Year Sale,1.0,126.43,15.0,107.47,71.92,35.55,4,No,Completed,44,3,605,34951.30666052364,198.93
ORD-100461,1970-01-01 05:00:45.000,CUST-10287,Saudi Arabia,Middle East,Jeddah,Lifestyle,Gazelle,Male,36,Retail Store,Consumer,Cash on Delivery,No Campaign,2.0,146.5,0.0,293.0,145.19,147.81,5,No,Completed,58,2,212,8177.0,567.36
ORD-100462,1970-01-01 05:00:45.757,CUST-10236,Germany,Europe,Hamburg,Outdoor,Five Ten,Male,45,Online Store,Business,Credit Card,No Campaign,1.0,163.18,5.0,155.02,103.01,52.01,3,No,Completed,43,1,240,16062.56,1478.82
ORD-100463,1970-01-01 05:00:45.638,CUST-10702,Uk,Europe,Manchester,Outdoor,Agravic,Male,42,Mobile App,Premium Consumer,Bank Transfer,No Campaign,2.0,127.91,5.0,243.03,144.83,98.2,3,No,Completed,44,2,992,17862.14,555.3
ORD-100464,1970-01-01 05:00:45.963,CUST-10778,Uk,Europe,London,Football,F50,Male,38,Wholesale,Premium Consumer,Cash on Delivery,No Campaign,1.0,120.83,5.0,114.79,74.32,40.47,2,No,Completed,48,3,408,37318.54540739983,4343.99
ORD-100465,1970-01-01 05:00:45.833,CUST-10213,Uk,Europe,Manchester,Lifestyle,Campus,Unisex,44,Retail Store,Premium Consumer,Digital Wallet,No Campaign,2.0,123.37,20.0,197.39,114.09,83.3,4,No,Completed,55,4,621,89351.49,423.76
ORD-100466,1970-01-01 05:00:45.914,CUST-10702,Australia,Oceania,Sydney,Lifestyle,Samba,Female,38,Mobile App,Business,Debit Card,Sports Event,1.0,146.35,0.0,146.35,82.53,63.82,4,No,Cancelled,61,2,558,13072.37,4318.82
ORD-100467,1970-01-01 05:00:45.650,CUST-10140,Saudi Arabia,Middle East,Dammam,Basketball,Own The Game,Unisex,36,Marketplace,Consumer,Cash on Delivery,No Campaign,1.0,82.48,0.0,82.48,55.06,27.42,3,No,Completed,22,10,902,63119.41,4132.01
ORD-100468,1970-01-01 05:00:45.082,CUST-10066,Usa,North America,Los Angeles,Outdoor,Agravic,Female,42,Marketplace,Consumer,Bank Transfer,Black Friday,1.0,88.98,15.0,75.63,37.14,38.49,5,No,Completed,29,1,871,62761.83,593.73
ORD-100469,1970-01-01 05:00:45.948,CUST-10849,Uae,Middle East,Sharjah,Outdoor,Ridgewalker,Male,42,Retail Store,Premium Consumer,Debit Card,No Campaign,1.0,244.92,0.0,244.92,160.88,84.04,3,No,Completed,41,2,667,20265.2,223.44
ORD-100470,1970-01-01 05:00:45.246,CUST-10673,Saudi Arabia,Middle East,Riyadh,Football,Copa,Male,38,Mobile App,Business,Credit Card,New Year Sale,1.0,151.76,20.0,121.41,70.87,50.54,2,No,Completed,28,2,591,99841.92,344.96
ORD-100471,1970-01-01 05:00:45.572,CUST-10304,Pakistan,South Asia,Faisalabad,Training,Everyday,Male,44,Mobile App,Consumer,Bank Transfer,Black Friday,1.0,77.09,10.0,69.38,33.88,35.5,4,No,Completed,51,5,44,35063.09,2992.85
ORD-100472,1970-01-01 05:00:45.037,CUST-10363,Usa,North America,Houston,Football,X Crazyfast,Female,45,Online Store,Business,Cash on Delivery,Eid Campaign,1.0,98.54,5.0,93.61,42.75,50.86,4,No,Pending,42,10,868,90556.89,3384.73
ORD-100473,1970-01-01 05:00:45.988,CUST-10873,Uae,Middle East,Abu Dhabi,Training,Dropset,Female,36,Online Store,Business,Debit Card,Eid Campaign,1.0,81.66,15.0,69.41,55.32,14.09,3,No,Completed,36,4,706,94854.33,3141.2
ORD-100474,1970-01-01 05:00:45.458,CUST-10190,India,South Asia,Mumbai,Basketball,Dame,Unisex,44,Retail Store,Premium Consumer,Digital Wallet,New Year Sale,1.0,80.01,10.0,72.01,36.46,35.55,4,Yes,Returned,35,2,236,94924.39,2753.24
ORD-100475,1970-01-01 05:00:45.948,CUST-10618,Germany,Europe,Munich,Basketball,Harden,Male,43,Marketplace,Premium Consumer,Digital Wallet,Black Friday,1.0,160.35,0.0,160.35,114.16,46.19,5,No,Pending,57,7,722,75407.34,955.95
ORD-100476,1970-01-01 05:00:45.395,CUST-10748,Australia,Oceania,Sydney,Football,X Crazyfast,Unisex,44,Retail Store,Business,Digital Wallet,Eid Campaign,2.0,137.21,15.0,233.26,164.38,68.88,4,No,Completed,36,14,779,25753.6,4220.67
ORD-100477,1970-01-01 05:00:45.895,CUST-10309,Saudi Arabia,Middle East,Riyadh,Football,X Crazyfast,Male,43,Mobile App,Consumer,Bank Transfer,New Year Sale,1.0,99.91,0.0,99.91,49.65,50.26,5,No,Completed,37,7,594,12505.21,1705.02
ORD-100478,1970-01-01 05:00:45.440,CUST-10347,Germany,Europe,Hamburg,Training,Everyday,Unisex,36,Mobile App,Consumer,Debit Card,No Campaign,1.0,80.89,0.0,80.89,48.69,32.2,3,No,Completed,57,6,112,57203.56,4932.27
ORD-100479,1970-01-01 05:00:45.124,CUST-10773,Saudi Arabia,Middle East,Jeddah,Basketball,Own The Game,Unisex,42,Marketplace,Premium Consumer,Cash on Delivery,New Year Sale,1.0,166.64,5.0,158.31,77.03,81.28,4,No,Completed,30,2,778,36323.89,1985.8
ORD-100480,1970-01-01 05:00:45.770,CUST-10217,Uk,Europe,London,Basketball,D.O.N. Issue,Female,42,Wholesale,Business,Bank Transfer,No Campaign,1.0,83.2,0.0,83.2,34.28,48.92,5,No,Completed,31,6,506,83188.38,1388.72
ORD-100481,1970-01-01 05:00:45.972,CUST-10021,Uk,Europe,Manchester,Basketball,Dame,Unisex,44,Online Store,Premium Consumer,Bank Transfer,Black Friday,1.0,115.29,15.0,98.0,76.53,21.47,4,Yes,Returned,46,10,642,74626.51,4481.83
ORD-100482,1970-01-01 05:00:45.270,CUST-10438,Australia,Oceania,Brisbane,Outdoor,Ridgewalker,Female,43,Wholesale,Business,Digital Wallet,No Campaign,3.0,176.77,30.0,371.22,376.46,-5.24,4,No,Cancelled,53,4,828,28008.6,2880.33
ORD-100483,1970-01-01 05:00:45.394,CUST-10735,India,South Asia,Bangalore,Football,Copa,Male,44,Marketplace,Business,Digital Wallet,Black Friday,2.0,120.41,10.0,216.74,100.96,115.78,5,No,Completed,31,5,449,2193.02,3637.07
ORD-100484,1970-01-01 05:00:45.774,CUST-10578,Australia,Oceania,Sydney,Basketball,Own The Game,Male,36,Retail Store,Business,Debit Card,Sports Event,1.0,159.31,10.0,143.38,65.14,78.24,3,No,Completed,62,4,567,24112.92,2101.15
ORD-100485,1970-01-01 05:00:45.358,CUST-10380,Uk,Europe,London,Outdoor,Terrex,Female,38,Online Store,Consumer,Digital Wallet,New Year Sale,1.0,103.89,10.0,93.5,60.22,33.28,3,No,Cancelled,46,3,889,61406.744896303564,4445.89
ORD-100486,1970-01-01 05:00:46.000,CUST-10687,Pakistan,South Asia,Lahore,Running,Duramo,Male,44,Wholesale,Consumer,Credit Card,Sports Event,1.0,214.03,15.0,181.93,99.88,82.05,3,No,Completed,29,4,749,8360.25,4596.85
ORD-100487,1970-01-01 05:00:45.433,CUST-10893,Usa,North America,Chicago,Basketball,Harden,Female,40,Retail Store,Business,Debit Card,No Campaign,2.0,92.33,10.0,166.19,79.94,86.25,5,No,Completed,43,3,537,65998.12,2240.17
ORD-100488,1970-01-01 05:00:45.593,CUST-10519,Pakistan,South Asia,Faisalabad,Outdoor,Agravic,Female,45,Marketplace,Business,Digital Wallet,Summer Sale,1.0,193.2,5.0,183.54,136.29,47.25,5,No,Completed,37,3,853,53451.56998111327,1279.55
ORD-100489,1970-01-01 05:00:45.817,CUST-10646,Uae,Middle East,Sharjah,Lifestyle,Superstar,Unisex,45,Marketplace,Premium Consumer,Digital Wallet,No Campaign,1.0,57.0,20.0,45.6,40.98,4.62,4,No,Cancelled,42,4,756,17354.7,3273.59
ORD-100490,1970-01-01 05:00:45.557,CUST-10176,Saudi Arabia,Middle East,Jeddah,Running,Duramo,Female,44,Retail Store,Premium Consumer,Credit Card,No Campaign,1.0,104.56,10.0,94.1,65.32,28.78,4,No,Completed,53,4,208,59833.66,4777.46
ORD-100491,1970-01-01 05:00:45.887,CUST-10180,Uae,Middle East,Sharjah,Basketball,Dame,Male,44,Mobile App,Premium Consumer,Credit Card,Eid Campaign,1.0,155.57,15.0,132.23,89.11,43.12,5,No,Completed,36,3,289,60893.66,3149.99
ORD-100492,1970-01-01 05:00:44.941,CUST-10627,Uk,Europe,Birmingham,Lifestyle,Gazelle,Female,42,Mobile App,Business,Digital Wallet,Eid Campaign,3.0,68.0,0.0,204.0,127.69,76.31,3,No,Completed,44,4,497,48058.83,4775.69
ORD-100493,1970-01-01 05:00:45.701,CUST-10594,Saudi Arabia,Middle East,Riyadh,Football,F50,Female,38,Mobile App,Business,Debit Card,New Year Sale,1.0,118.16,0.0,118.16,72.16,46.0,4,No,Completed,59,3,182,95347.96,1784.66
ORD-100494,1970-01-01 05:00:45.772,CUST-10028,Uk,Europe,London,Basketball,Dame,Male,38,Retail Store,Premium Consumer,Credit Card,Sports Event,2.0,63.65,15.0,108.2,59.45,48.75,4,No,Completed,19,2,718,11262.24,4583.89
ORD-100495,1970-01-01 05:00:45.484,CUST-10614,Australia,Oceania,Brisbane,Lifestyle,Superstar,Unisex,44,Retail Store,Premium Consumer,Credit Card,Summer Sale,3.0,58.8,20.0,141.12,83.69,57.43,3,No,Completed,36,6,715,40959.25,651.58
ORD-100496,1970-01-01 05:00:45.307,CUST-10529,Pakistan,South Asia,Rawalpindi,Lifestyle,Samba,Female,44,Retail Store,Business,Digital Wallet,Sports Event,1.0,138.55,5.0,131.62,77.36,54.26,2,No,Completed,27,10,399,88350.62,1858.29
ORD-100497,1970-01-01 05:00:45.235,CUST-10597,Pakistan,South Asia,Lahore,Football,Predator,Female,42,Marketplace,Premium Consumer,Cash on Delivery,Eid Campaign,1.0,117.84,5.0,111.95,49.13,62.82,5,No,Completed,42,1,207,38938.24,2522.91
ORD-100498,1970-01-01 05:00:45.603,CUST-10045,Germany,Europe,Berlin,Training,Dropset,Male,36,Marketplace,Premium Consumer,Credit Card,New Year Sale,1.0,52.84,15.0,44.91,30.43,14.48,4,No,Completed,33,4,422,42751.64,3300.24
ORD-100499,1970-01-01 05:00:45.439,CUST-10729,Australia,Oceania,Melbourne,Football,X Crazyfast,Male,38,Retail Store,Premium Consumer,Digital Wallet,No Campaign,2.0,98.91,20.0,158.26,110.89,47.37,4,No,Completed,30,3,389,66993.25,1541.28
ORD-100500,1970-01-01 05:00:45.119,CUST-10056,Pakistan,South Asia,Rawalpindi,Football,F50,Unisex,42,Mobile App,Premium Consumer,Cash on Delivery,Black Friday,2.0,89.22,0.0,178.44,85.77,92.67,5,No,Completed,40,4,365,66723.57,4628.77
ORD-100501,1970-01-01 05:00:45.993,CUST-10389,Uae,Middle East,Dubai,Outdoor,Terrex,Female,44,Marketplace,Consumer,Cash on Delivery,No Campaign,1.0,239.22,5.0,227.26,162.25,65.01,5,No,Completed,39,3,583,52007.93045306034,4527.13
ORD-100502,1970-01-01 05:00:45.816,CUST-10267,Saudi Arabia,Middle East,Jeddah,Running,Adizero,Male,40,Marketplace,Business,Credit Card,Eid Campaign,1.0,158.53,15.0,134.75,102.33,32.42,5,No,Completed,37,3,435,45841.89,4016.75
ORD-100503,1970-01-01 05:00:45.900,CUST-10270,Saudi Arabia,Middle East,Dammam,Running,Ultraboost,Unisex,40,Marketplace,Consumer,Debit Card,Summer Sale,1.0,135.72,10.0,122.15,80.77,41.38,4,No,Completed,20,3,920,33684.43,660.38
ORD-100504,1970-01-01 05:00:45.049,CUST-10513,Australia,Oceania,Sydney,Running,Solarboost,Female,40,Wholesale,Consumer,Debit Card,Eid Campaign,1.0,174.62,20.0,139.7,93.93,45.77,3,No,Completed,57,2,311,62955.68,483.63
ORD-100505,1970-01-01 05:00:45.825,CUST-10395,Saudi Arabia,Middle East,Dammam,Basketball,Dame,Male,36,Mobile App,Premium Consumer,Debit Card,No Campaign,1.0,67.87,20.0,54.3,35.58,18.72,5,No,Completed,39,3,338,55792.38,2540.84
ORD-100506,1970-01-01 05:00:45.530,CUST-10421,Pakistan,South Asia,Rawalpindi,Training,Rapidmove,Unisex,44,Retail Store,Business,Debit Card,No Campaign,1.0,136.06,10.0,122.45,80.87,41.58,4,No,Completed,63,4,146,65260.73,3850.18
ORD-100507,1970-01-01 05:00:45.490,CUST-10553,Germany,Europe,Hamburg,Basketball,Own The Game,Unisex,40,Online Store,Business,Debit Card,Eid Campaign,2.0,122.04,15.0,207.47,113.86,93.61,5,No,Completed,47,1,715,65549.85,703.86
ORD-100508,1970-01-01 05:00:45.856,CUST-10640,Uk,Europe,London,Basketball,Dame,Unisex,45,Mobile App,Business,Debit Card,No Campaign,1.0,103.06,0.0,103.06,41.35,61.71,4,No,Completed,26,0,456,25859.75,3243.04
ORD-100509,1970-01-01 05:00:45.583,CUST-10463,Germany,Europe,Hamburg,Lifestyle,Gazelle,Male,45,Mobile App,Consumer,Bank Transfer,Sports Event,1.0,98.25,0.0,98.25,39.7,58.55,3,No,Completed,22,1,860,25023.24,2686.49
ORD-100510,1970-01-01 05:00:45.506,CUST-10362,Australia,Oceania,Melbourne,Lifestyle,Gazelle,Female,42,Online Store,Consumer,Bank Transfer,Sports Event,1.0,113.26,0.0,113.26,65.23,48.03,4,No,Completed,27,3,410,37343.1,3657.35
ORD-100511,1970-01-01 05:00:45.292,CUST-10832,India,South Asia,Delhi,Running,Adizero,Male,38,Mobile App,Consumer,Credit Card,No Campaign,1.0,94.15,0.0,94.15,41.07,53.08,4,No,Completed,59,2,644,24574.87,2233.34
ORD-100512,1970-01-01 05:00:46.003,CUST-10190,Usa,North America,Houston,Outdoor,Five Ten,Male,42,Retail Store,Business,Credit Card,No Campaign,1.0,131.73,0.0,131.73,52.75,78.98,3,No,Completed,26,3,281,68439.4,3497.15
ORD-100513,1970-01-01 05:00:45.090,CUST-10027,Saudi Arabia,Middle East,Jeddah,Outdoor,Five Ten,Unisex,36,Marketplace,Business,Digital Wallet,Black Friday,1.0,233.98,30.0,163.79,110.98,52.81,5,No,Completed,43,5,413,60485.16,882.08
ORD-100514,1970-01-01 05:00:46.010,CUST-10316,Pakistan,South Asia,Rawalpindi,Lifestyle,Campus,Unisex,38,Marketplace,Consumer,Debit Card,New Year Sale,1.0,99.88,0.0,99.88,51.3,48.58,4,No,Completed,37,4,589,22030.51,1151.51
ORD-100515,1970-01-01 05:00:46.015,CUST-10495,India,South Asia,Chennai,Running,Adizero,Male,42,Wholesale,Business,Debit Card,New Year Sale,2.0,210.81,5.0,400.54,211.41,189.13,4,No,Pending,62,4,96,88468.43,4526.34
ORD-100516,1970-01-01 05:00:45.143,CUST-10708,Uae,Middle East,Sharjah,Lifestyle,Superstar,Unisex,42,Mobile App,Business,Digital Wallet,No Campaign,1.0,101.08,20.0,80.86,64.35,16.51,4,No,Completed,23,3,162,46335.93,1713.94
ORD-100517,1970-01-01 05:00:45.960,CUST-10861,Uae,Middle East,Abu Dhabi,Football,F50,Unisex,38,Wholesale,Business,Digital Wallet,Black Friday,1.0,153.42,20.0,122.74,96.21,26.53,4,No,Pending,39,7,842,13141.8,4928.98
ORD-100518,1970-01-01 05:00:45.688,CUST-10165,Germany,Europe,Munich,Lifestyle,Campus,Unisex,43,Marketplace,Business,Debit Card,New Year Sale,1.0,94.55,14.92,94.55,53.3,41.25,5,No,Completed,28,4,436,21690.08,326.4
ORD-100519,1970-01-01 05:00:45.664,CUST-10601,Saudi Arabia,Middle East,Jeddah,Training,Everyday,Female,43,Online Store,Business,Credit Card,Black Friday,1.0,53.33,0.0,53.33,28.44,24.89,3,No,Completed,64,2,195,54215.13,2529.79
ORD-100520,1970-01-01 05:00:45.545,CUST-10537,Pakistan,South Asia,Lahore,Lifestyle,Gazelle,Female,42,Retail Store,Premium Consumer,Credit Card,Sports Event,2.0,119.08,15.4,166.71,143.57,23.14,2,No,Pending,59,7,627,34173.19,1692.44
ORD-100521,1970-01-01 05:00:45.120,CUST-10229,Uk,Europe,London,Lifestyle,Gazelle,Female,42,Retail Store,Consumer,Cash on Delivery,Black Friday,1.0,155.38,0.0,155.38,92.98,62.4,4,No,Completed,49,2,160,85196.58,4980.23
ORD-100522,1970-01-01 05:00:45.542,CUST-10330,Saudi Arabia,Middle East,Riyadh,Football,Copa,Unisex,43,Wholesale,Consumer,Credit Card,Sports Event,1.0,53.87,0.0,53.87,37.69,16.18,3,No,Completed,58,14,254,49726.17,4951.17
ORD-100523,1970-01-01 05:00:45.926,CUST-10222,Germany,Europe,Hamburg,Training,Powerlift,Unisex,38,Wholesale,Business,Cash on Delivery,No Campaign,2.0,138.59,5.0,263.32,148.28,115.04,3,No,Completed,20,3,69,91571.83,1252.69
ORD-100524,1970-01-01 05:00:45.611,CUST-10647,Usa,North America,Chicago,Running,Ultraboost,Female,43,Online Store,Consumer,Bank Transfer,No Campaign,1.0,77.85,30.0,54.49,36.14,18.35,3,No,Completed,21,1,411,23113.146692768172,1409.56
ORD-100525,1970-01-01 05:00:46.000,CUST-10767,Usa,North America,New York,Running,Solarboost,Female,45,Wholesale,Consumer,Cash on Delivery,New Year Sale,2.0,162.3,15.0,275.91,133.95,141.96,4,No,Completed,43,6,713,67025.02,3773.39
ORD-100526,1970-01-01 05:00:45.731,CUST-10892,Saudi Arabia,Middle East,Jeddah,Football,Predator,Unisex,45,Online Store,Consumer,Digital Wallet,Black Friday,1.0,105.52,15.0,89.69,59.02,30.67,4,No,Completed,37,2,35,88635.59,4459.4
ORD-100527,1970-01-01 05:00:45.615,CUST-10333,Usa,North America,New York,Football,X Crazyfast,Female,36,Wholesale,Premium Consumer,Cash on Delivery,No Campaign,1.0,164.69,0.0,164.69,113.75,50.94,2,No,Cancelled,33,2,304,29646.58,3352.12
ORD-100528,1970-01-01 05:00:45.194,CUST-10462,Usa,North America,Los Angeles,Lifestyle,Superstar,Female,45,Retail Store,Premium Consumer,Digital Wallet,Sports Event,1.0,156.59,20.0,125.27,83.77,41.5,5,No,Completed,43,3,729,14000.92,4337.07
ORD-100529,1970-01-01 05:00:45.423,CUST-10032,Saudi Arabia,Middle East,Dammam,Lifestyle,Gazelle,Female,43,Marketplace,Business,Bank Transfer,No Campaign,1.0,82.18,5.0,78.07,42.17,35.9,3,No,Completed,25,4,989,45936.15,410.13
ORD-100530,1970-01-01 05:00:45.794,CUST-10291,India,South Asia,Bangalore,Outdoor,Five Ten,Male,42,Marketplace,Premium Consumer,Bank Transfer,Sports Event,1.0,142.73,20.0,114.18,93.73,20.45,4,No,Completed,35,4,469,96152.76,3238.59
ORD-100531,1970-01-01 05:00:45.643,CUST-10886,Pakistan,South Asia,Rawalpindi,Basketball,Harden,Female,40,Mobile App,Consumer,Debit Card,Summer Sale,1.0,158.5,5.0,150.57,98.4,52.17,4,No,Completed,29,4,308,63529.46,3530.84
ORD-100532,1970-01-01 05:00:45.157,CUST-10611,Germany,Europe,Hamburg,Football,Predator,Male,42,Wholesale,Consumer,Cash on Delivery,No Campaign,1.0,52.01,7.42,52.01,35.83,16.18,2,No,Completed,18,5,196,64575.71,1032.56
ORD-100533,1970-01-01 05:00:45.551,CUST-10364,Germany,Europe,Munich,Outdoor,Terrex,Female,36,Marketplace,Consumer,Bank Transfer,Summer Sale,1.0,184.87,0.0,184.87,74.51,110.36,4,No,Completed,61,2,897,67314.37,3912.05
ORD-100534,1970-01-01 05:00:45.916,CUST-10354,Saudi Arabia,Middle East,Dammam,Lifestyle,Campus,Unisex,40,Online Store,Premium Consumer,Bank Transfer,Sports Event,2.0,79.26,10.0,142.67,64.32,78.35,5,Yes,Returned,49,4,480,4456.26,4726.9
ORD-100535,1970-01-01 05:00:45.050,CUST-10697,Pakistan,South Asia,Islamabad,Basketball,Harden,Male,44,Online Store,Premium Consumer,Credit Card,No Campaign,1.0,165.39,10.0,148.85,72.49,76.36,5,No,Cancelled,42,10,335,44842.16,4500.04
ORD-100536,1970-01-01 05:00:45.664,CUST-10579,Usa,North America,New York,Outdoor,Agravic,Male,44,Mobile App,Consumer,Digital Wallet,New Year Sale,2.0,85.83,10.0,154.49,77.17,77.32,3,No,Completed,31,10,838,8218.42,1300.34
ORD-100537,1970-01-01 05:00:46.015,CUST-10663,India,South Asia,Delhi,Basketball,Own The Game,Male,42,Wholesale,Premium Consumer,Bank Transfer,Sports Event,-1.0,128.88,5.0,122.44,83.11,39.33,4,No,Completed,62,2,703,31927.95,1687.56
ORD-100538,1970-01-01 05:00:46.011,CUST-10293,Pakistan,South Asia,Islamabad,Running,Adizero,Female,44,Mobile App,Business,Debit Card,No Campaign,1.0,162.79,0.0,162.79,83.7,79.09,4,No,Completed,56,5,788,82249.1,2548.1
ORD-100539,1970-01-01 05:00:45.654,CUST-10630,Germany,Europe,Hamburg,Outdoor,Agravic,Female,42,Wholesale,Premium Consumer,Credit Card,No Campaign,2.0,91.39,0.0,182.78,87.43,95.35,5,No,Completed,20,5,290,65798.86,875.97
ORD-100540,1970-01-01 05:00:45.500,CUST-10441,Uk,Europe,London,Training,Dropset,Male,42,Mobile App,Business,Debit Card,No Campaign,1.0,128.48,10.0,115.63,88.7,26.93,3,No,Completed,43,6,429,99559.48,4774.37
ORD-100541,1970-01-01 05:00:45.781,CUST-10776,Usa,North America,Los Angeles,Lifestyle,Gazelle,Unisex,40,Mobile App,Premium Consumer,Bank Transfer,Black Friday,1.0,81.09,15.0,68.93,36.64,32.29,4,No,Completed,48,3,597,17629.37,891.82
ORD-100542,1970-01-01 05:00:45.350,CUST-10435,Australia,Oceania,Brisbane,Lifestyle,Gazelle,Male,45,Retail Store,Consumer,Cash on Delivery,Sports Event,1.0,79.13,15.0,67.26,50.74,16.52,3,No,Completed,36,3,882,40006.9,3830.97
ORD-100543,1970-01-01 05:00:45.250,CUST-10072,Uae,Middle East,Dubai,Training,Powerlift,Male,45,Wholesale,Business,Credit Card,Summer Sale,1.0,130.5,5.0,123.98,76.46,47.52,5,No,Completed,49,1,431,81059.2,1773.0
ORD-100544,1970-01-01 05:00:45.579,CUST-10375,Germany,Europe,Munich,Football,Predator,Female,44,Mobile App,Business,Cash on Delivery,Summer Sale,1.0,109.57,5.0,104.09,70.12,33.97,2,No,Pending,51,3,533,21961.31,2911.23
ORD-100545,1970-01-01 05:00:45.305,CUST-10098,Saudi Arabia,Middle East,Riyadh,Running,Adizero,Unisex,38,Wholesale,Business,Bank Transfer,Summer Sale,1.0,145.22,30.0,101.65,85.62,16.03,4,No,Completed,44,2,645,15795.32,331.15
ORD-100546,1970-01-01 05:00:45.662,CUST-10333,Saudi Arabia,Middle East,Riyadh,Football,Predator,Unisex,44,Retail Store,Business,Bank Transfer,Eid Campaign,1.0,72.93,30.0,51.05,51.28,-0.23,4,No,Completed,58,5,509,43047.45,1104.56
ORD-100547,1970-01-01 05:00:45.933,CUST-10324,Germany,Europe,Munich,Football,F50,Male,40,Retail Store,Consumer,Credit Card,Eid Campaign,1.0,107.02,20.0,85.62,45.25,40.37,5,No,Completed,34,2,504,38680.79,2277.52
ORD-100548,1970-01-01 05:00:45.382,CUST-10207,Pakistan,South Asia,Karachi,Basketball,Own The Game,Male,38,Retail Store,Premium Consumer,Bank Transfer,Eid Campaign,2.0,89.37,30.0,125.12,120.65,4.47,3,No,Completed,50,5,887,98030.49,3418.24
ORD-100549,1970-01-01 05:00:45.802,CUST-10625,Germany,Europe,Munich,Training,Powerlift,Male,43,Marketplace,Premium Consumer,Bank Transfer,Sports Event,1.0,92.08,15.0,78.27,49.62,28.65,5,No,Completed,41,4,672,45897.03,3910.05
ORD-100550,1970-01-01 05:00:45.851,CUST-10675,Pakistan,South Asia,Faisalabad,Lifestyle,Samba,Male,42,Wholesale,Business,Digital Wallet,Sports Event,1.0,139.37,30.0,97.56,67.58,29.98,5,No,Completed,64,3,806,86164.16,247.69
ORD-100551,1970-01-01 05:00:45.984,CUST-10889,Pakistan,South Asia,Lahore,Lifestyle,Superstar,Male,44,Mobile App,Premium Consumer,Cash on Delivery,Black Friday,3.0,94.97,15.0,242.17,121.23,120.94,2,No,Completed,22,3,554,88852.57,847.2
ORD-100552,1970-01-01 05:00:45.529,CUST-10460,Australia,Oceania,Brisbane,Football,F50,Male,45,Retail Store,Premium Consumer,Digital Wallet,No Campaign,1.0,69.17,15.0,58.79,49.64,9.15,5,Yes,Returned,45,4,408,44783.800353497165,3675.98
ORD-100553,1970-01-01 05:00:45.732,CUST-10745,India,South Asia,Chennai,Football,X Crazyfast,Female,44,Online Store,Consumer,Digital Wallet,New Year Sale,1.0,115.53,15.0,98.2,49.1,49.1,3,No,Completed,20,4,401,71672.83,4083.97
ORD-100554,1970-01-01 05:00:45.439,CUST-10177,Saudi Arabia,Middle East,Jeddah,Training,Dropset,Unisex,40,Online Store,Consumer,Credit Card,Sports Event,1.0,54.19,20.0,43.35,22.38,20.97,5,No,Completed,54,4,40,28121.91,1259.2
ORD-100555,1970-01-01 05:00:45.101,CUST-10600,Australia,Oceania,Brisbane,Outdoor,Agravic,Unisex,43,Wholesale,Business,Debit Card,Eid Campaign,3.0,86.68,15.0,221.03,140.86,80.17,5,No,Completed,45,1,383,9926.53,1225.3
ORD-100556,1970-01-01 05:00:45.613,CUST-10457,Usa,North America,Los Angeles,Running,Adizero,Male,40,Retail Store,Business,Credit Card,Eid Campaign,1.0,80.2,0.0,80.2,54.19,26.01,5,No,Completed,33,2,885,87533.14,531.34
ORD-100557,1970-01-01 05:00:45.518,CUST-10554,Uk,Europe,Birmingham,Basketball,Own The Game,Male,38,Retail Store,Consumer,Credit Card,New Year Sale,1.0,124.03,10.0,111.63,69.96,41.67,4,No,Completed,44,3,290,29597.09,836.44
ORD-100558,1970-01-01 05:00:45.946,CUST-10867,Uk,Europe,Manchester,Running,Duramo,Unisex,36,Wholesale,Premium Consumer,Debit Card,Summer Sale,1.0,76.33,30.0,53.43,35.35,18.08,5,No,Completed,60,2,791,34863.88,139.28
ORD-100559,1970-01-01 05:00:45.831,CUST-10471,Australia,Oceania,Sydney,Training,Rapidmove,Unisex,36,Retail Store,Business,Cash on Delivery,New Year Sale,2.0,103.7,15.0,176.29,124.99,51.3,2,No,Completed,20,1,182,32736.91,2990.17
ORD-100560,1970-01-01 05:00:45.230,CUST-10765,Saudi Arabia,Middle East,Riyadh,Running,Adizero,Unisex,42,Online Store,Consumer,Credit Card,Sports Event,1.0,107.65,10.0,96.88,64.38,32.5,4,No,Completed,24,2,763,20429.39,4529.07
ORD-100561,1970-01-01 05:00:45.027,CUST-10606,Uk,Europe,London,Basketball,D.O.N. Issue,Male,40,Retail Store,Business,Cash on Delivery,New Year Sale,1.0,124.39,20.0,99.51,77.06,22.45,3,Yes,Returned,29,5,871,43733.09,832.92
ORD-100562,1970-01-01 05:00:45.000,CUST-10532,Uae,Middle East,Dubai,Training,Everyday,Female,42,Marketplace,Premium Consumer,Credit Card,Eid Campaign,-1.0,113.66,10.0,102.29,60.89,41.4,4,No,Completed,35,4,39,43115.14,3782.07
ORD-100563,1970-01-01 05:00:45.202,CUST-10585,India,South Asia,Delhi,Basketball,Own The Game,Unisex,44,Marketplace,Business,Digital Wallet,New Year Sale,2.0,73.94,15.0,125.7,66.18,59.52,4,No,Completed,64,4,598,41170.79,2910.93
ORD-100564,1970-01-01 05:00:45.046,CUST-10889,Saudi Arabia,Middle East,Riyadh,Outdoor,Ridgewalker,Unisex,45,Online Store,Premium Consumer,Bank Transfer,Sports Event,2.0,223.3,10.0,401.94,301.66,100.28,1,Yes,Returned,43,1,224,91671.63,4705.62
ORD-100565,1970-01-01 05:00:45.458,CUST-10599,Uk,Europe,Birmingham,Training,Everyday,Unisex,42,Retail Store,Business,Bank Transfer,Eid Campaign,1.0,117.87,15.0,100.19,51.53,48.66,4,No,Completed,35,3,284,34305.29,4010.8
ORD-100566,1970-01-01 05:00:45.403,CUST-10496,Australia,Oceania,Brisbane,Training,Powerlift,Female,42,Online Store,Consumer,Credit Card,Eid Campaign,2.0,64.77,5.0,123.06,89.7,33.36,4,No,Completed,29,3,137,3522.7,4278.37
ORD-100567,1970-01-01 05:00:45.776,CUST-10478,India,South Asia,Mumbai,Outdoor,Ridgewalker,Male,42,Marketplace,Business,Debit Card,No Campaign,1.0,167.17,5.0,158.81,93.46,65.35,5,Yes,Returned,30,5,334,61378.6797377756,3231.8
ORD-100568,1970-01-01 05:00:45.448,CUST-10469,Saudi Arabia,Middle East,Riyadh,Outdoor,Agravic,Female,44,Wholesale,Business,Cash on Delivery,No Campaign,1.0,195.37,10.0,175.83,138.25,37.58,4,No,Completed,62,7,137,72288.96,4075.55
ORD-100569,1970-01-01 05:00:45.626,CUST-10481,India,South Asia,Chennai,Outdoor,Agravic,Unisex,36,Retail Store,Consumer,Cash on Delivery,Black Friday,1.0,116.18,15.0,98.75,66.65,32.1,5,No,Completed,43,3,473,59290.43,1819.26
ORD-100570,1970-01-01 05:00:45.205,CUST-10832,Australia,Oceania,Melbourne,Training,Dropset,Male,44,Wholesale,Premium Consumer,Digital Wallet,Eid Campaign,1.0,60.45,30.0,42.32,39.07,3.25,4,No,Completed,59,4,487,95197.61,1124.19
ORD-100571,1970-01-01 05:00:45.573,CUST-10020,Pakistan,South Asia,Rawalpindi,Lifestyle,Campus,Unisex,36,Retail Store,Business,Cash on Delivery,No Campaign,2.0,152.42,14.98,259.11,148.67,110.44,5,No,Completed,36,4,575,69596.29,4571.35
ORD-100572,1970-01-01 05:00:44.990,CUST-10744,India,South Asia,Bangalore,Football,Copa,Female,38,Retail Store,Business,Bank Transfer,Eid Campaign,2.0,109.3,20.0,174.88,107.9,66.98,5,No,Completed,59,3,628,19827.05,3698.25
ORD-100573,1970-01-01 05:00:45.558,CUST-10410,Uae,Middle East,Sharjah,Lifestyle,Samba,Female,36,Marketplace,Premium Consumer,Credit Card,Eid Campaign,3.0,61.58,10.0,166.27,124.48,41.79,4,No,Completed,62,1,924,12504.1,544.44
ORD-100574,1970-01-01 05:00:45.546,CUST-10481,Saudi Arabia,Middle East,Riyadh,Basketball,Own The Game,Male,44,Retail Store,Consumer,Cash on Delivery,No Campaign,1.0,63.43,5.0,60.26,32.31,27.95,5,No,Completed,36,3,609,52315.6,4347.86
ORD-100575,1970-01-01 05:00:45.963,CUST-10008,Saudi Arabia,Middle East,Riyadh,Running,Duramo,Female,45,Retail Store,Consumer,Cash on Delivery,Eid Campaign,3.0,163.35,10.0,441.04,294.88,146.16,5,No,Completed,26,3,145,66693.64,1809.63
ORD-100576,1970-01-01 05:00:45.128,CUST-10437,Uk,Europe,Birmingham,Basketball,Harden,Unisex,40,Retail Store,Business,Credit Card,Eid Campaign,1.0,86.65,30.0,60.66,35.99,24.67,5,No,Cancelled,25,4,897,16980.86,1561.56
ORD-100577,1970-01-01 05:00:44.935,CUST-10646,Usa,North America,Chicago,Outdoor,Terrex,Male,38,Marketplace,Premium Consumer,Credit Card,No Campaign,1.0,233.69,5.0,222.01,143.6,78.41,3,No,Completed,31,2,408,60368.45,3154.24
ORD-100578,1970-01-01 05:00:45.356,CUST-10168,Uk,Europe,London,Running,Solarboost,Male,42,Marketplace,Premium Consumer,Bank Transfer,Black Friday,1.0,96.83,15.0,82.31,68.83,13.48,4,No,Completed,20,5,509,86570.35,2886.13
ORD-100579,1970-01-01 05:00:45.485,CUST-10022,Australia,Oceania,Sydney,Outdoor,Terrex,Male,44,Online Store,Consumer,Bank Transfer,New Year Sale,1.0,207.61,10.0,186.85,123.12,63.73,4,No,Completed,56,5,84,72893.11,2737.46
ORD-100580,1970-01-01 05:00:45.579,CUST-10200,India,South Asia,Bangalore,Football,Copa,Male,44,Wholesale,Consumer,Debit Card,No Campaign,1.0,57.32,5.0,54.45,25.95,28.5,5,No,Completed,38,3,562,66587.01,1348.9
ORD-100581,1970-01-01 05:00:45.835,CUST-10510,Uk,Europe,London,Lifestyle,Campus,Male,36,Mobile App,Business,Credit Card,No Campaign,2.0,138.87,0.0,277.74,175.2,102.54,3,No,Completed,22,2,606,79038.44,4802.89
ORD-100582,1970-01-01 05:00:45.800,CUST-10419,Usa,North America,Houston,Running,Ultraboost,Male,44,Wholesale,Premium Consumer,Cash on Delivery,Black Friday,1.0,117.49,15.0,99.87,53.56,46.31,4,No,Pending,43,4,789,10856.23,4755.59
ORD-100583,1970-01-01 05:00:45.880,CUST-10827,Saudi Arabia,Middle East,Dammam,Outdoor,Terrex,Male,38,Mobile App,Consumer,Digital Wallet,Black Friday,2.0,178.54,10.0,321.37,227.35,94.02,4,No,Completed,55,10,8,20781.23,120.39
ORD-100584,1970-01-01 05:00:45.385,CUST-10516,Australia,Oceania,Sydney,Training,Powerlift,Unisex,44,Marketplace,Premium Consumer,Debit Card,Sports Event,1.0,137.07,10.0,123.36,91.88,31.48,5,No,Completed,54,4,858,4290.9,1755.36
ORD-100585,1970-01-01 05:00:45.925,CUST-10841,Germany,Europe,Berlin,Basketball,Own The Game,Male,44,Online Store,Premium Consumer,Digital Wallet,Eid Campaign,1.0,155.49,0.0,155.49,66.77,88.72,4,No,Completed,48,2,88,14925.31,323.19
ORD-100586,1970-01-01 05:00:45.187,CUST-10586,Uae,Middle East,Sharjah,Basketball,Dame,Male,43,Online Store,Premium Consumer,Bank Transfer,Sports Event,3.0,111.11,0.0,333.33,213.14,120.19,4,No,Completed,34,3,88,91361.64,4266.22
ORD-100587,1970-01-01 05:00:45.747,CUST-10623,India,South Asia,Mumbai,Basketball,Own The Game,Female,42,Wholesale,Consumer,Bank Transfer,Summer Sale,2.0,76.94,15.0,130.8,106.59,24.21,3,No,Completed,61,2,218,22603.42,4443.94
ORD-100588,1970-01-01 05:00:45.624,CUST-10475,Australia,Oceania,Sydney,Training,Dropset,Unisex,43,Mobile App,Business,Cash on Delivery,New Year Sale,1.0,105.94,9.95,100.64,64.83,35.81,3,No,Completed,55,4,841,66378.67,2639.66
ORD-100589,1970-01-01 05:00:45.923,CUST-10287,Saudi Arabia,Middle East,Riyadh,Football,Predator,Unisex,44,Marketplace,Business,Credit Card,Eid Campaign,1.0,84.06,0.0,84.06,44.16,39.9,5,No,Completed,39,2,349,69310.94,4214.42
ORD-100590,1970-01-01 05:00:45.069,CUST-10140,Uae,Middle East,Sharjah,Basketball,Own The Game,Male,38,Marketplace,Premium Consumer,Credit Card,No Campaign,1.0,120.47,5.0,114.45,49.18,65.27,4,No,Cancelled,27,5,890,64709.88,3546.47
ORD-100591,1970-01-01 05:00:45.227,CUST-10259,Saudi Arabia,Middle East,Dammam,Football,Predator,Male,44,Wholesale,Premium Consumer,Digital Wallet,New Year Sale,1.0,164.3,30.0,115.01,67.0,48.01,4,No,Completed,59,3,899,55615.14,2547.91
ORD-100592,1970-01-01 05:00:45.575,CUST-10868,Australia,Oceania,Melbourne,Football,X Crazyfast,Unisex,44,Mobile App,Business,Cash on Delivery,No Campaign,1.0,50.09,0.0,50.09,22.01,28.08,5,No,Completed,48,3,404,48869.97,1882.68
ORD-100593,1970-01-01 05:00:45.188,CUST-10444,Pakistan,South Asia,Islamabad,Lifestyle,Superstar,Male,42,Wholesale,Consumer,Credit Card,Sports Event,1.0,56.22,7.11,50.6,26.62,23.98,4,No,Cancelled,60,3,891,42282.12,1404.5
ORD-100594,1970-01-01 05:00:44.990,CUST-10113,Germany,Europe,Berlin,Running,Solarboost,Female,43,Marketplace,Business,Digital Wallet,No Campaign,1.0,123.16,30.0,86.21,62.5,23.71,4,No,Completed,48,5,797,91731.42,1371.2
ORD-100595,1970-01-01 05:00:45.282,CUST-10897,Usa,North America,Houston,Training,Powerlift,Male,42,Wholesale,Premium Consumer,Cash on Delivery,Eid Campaign,1.0,106.63,20.0,85.3,62.04,23.26,4,Yes,Returned,64,2,160,1446.68,2854.12
ORD-100596,1970-01-01 05:00:45.202,CUST-10694,Uae,Middle East,Dubai,Basketball,Harden,Male,36,Retail Store,Business,Digital Wallet,Sports Event,2.0,64.0,5.0,121.6,85.47,36.13,4,No,Completed,30,3,42,5822.22,917.36
ORD-100597,1970-01-01 05:00:45.208,CUST-10625,Usa,North America,Houston,Football,Predator,Female,43,Wholesale,Consumer,Digital Wallet,New Year Sale,1.0,103.22,5.0,98.06,47.33,50.73,4,No,Completed,25,5,473,49504.99,956.48
ORD-100598,1970-01-01 05:00:45.714,CUST-10727,Usa,North America,Chicago,Lifestyle,Superstar,Male,40,Mobile App,Business,Credit Card,New Year Sale,2.0,51.7,0.0,103.4,54.22,49.18,4,No,Completed,45,4,757,33385.75,150.93
ORD-100599,1970-01-01 05:00:45.954,CUST-10358,Australia,Oceania,Melbourne,Outdoor,Ridgewalker,Female,45,Wholesale,Premium Consumer,Credit Card,No Campaign,1.0,177.11,20.0,141.69,86.44,55.25,2,No,Completed,45,2,257,41118.91,3105.31
ORD-100600,1970-01-01 05:00:45.158,CUST-10302,Australia,Oceania,Brisbane,Outdoor,Agravic,Female,38,Retail Store,Business,Bank Transfer,Black Friday,1.0,216.53,0.0,216.53,155.35,61.18,3,No,Completed,33,3,854,27057.074252349812,4972.29
ORD-100601,1970-01-01 05:00:45.998,CUST-10415,Australia,Oceania,Brisbane,Lifestyle,Samba,Male,42,Mobile App,Business,Credit Card,Sports Event,2.0,76.93,6.02,153.86,67.15,86.71,4,No,Completed,37,1,158,77625.9,4457.17
ORD-100602,1970-01-01 05:00:45.630,CUST-10672,Uk,Europe,Birmingham,Lifestyle,Samba,Male,44,Mobile App,Business,Digital Wallet,New Year Sale,1.0,60.45,15.0,51.38,30.45,20.93,5,Yes,Returned,36,4,131,87802.09,3557.88
ORD-100603,1970-01-01 05:00:45.530,CUST-10310,Germany,Europe,Munich,Training,Everyday,Male,36,Wholesale,Business,Cash on Delivery,Sports Event,1.0,79.99,0.0,79.99,41.76,38.23,3,No,Completed,36,3,558,37173.17,3949.07
ORD-100604,1970-01-01 05:00:45.273,CUST-10710,Uk,Europe,Birmingham,Running,Duramo,Male,44,Wholesale,Consumer,Cash on Delivery,Eid Campaign,1.0,212.53,15.0,180.65,141.57,39.08,3,Yes,Returned,41,1,851,24336.26,2142.58
ORD-100605,1970-01-01 05:00:45.496,CUST-10762,India,South Asia,Bangalore,Football,Predator,Male,44,Marketplace,Premium Consumer,Credit Card,Sports Event,1.0,110.9,10.0,99.81,76.13,23.68,5,No,Completed,60,3,600,76915.05,1560.59
ORD-100606,1970-01-01 05:00:45.236,CUST-10860,India,South Asia,Chennai,Lifestyle,Gazelle,Female,40,Marketplace,Business,Debit Card,Eid Campaign,2.0,138.52,15.0,235.48,150.46,85.02,4,No,Completed,52,7,44,80853.82,1906.28
ORD-100607,1970-01-01 05:00:45.629,CUST-10664,Uae,Middle East,Dubai,Lifestyle,Samba,Male,40,Mobile App,Premium Consumer,Digital Wallet,Summer Sale,1.0,116.94,30.0,81.86,70.25,11.61,4,No,Completed,47,7,320,55214.9,498.97
ORD-100608,1970-01-01 05:00:45.358,CUST-10739,Australia,Oceania,Brisbane,Outdoor,Ridgewalker,Unisex,42,Online Store,Business,Cash on Delivery,No Campaign,1.0,219.58,0.0,219.58,135.19,84.39,2,No,Completed,52,3,193,89646.18,3205.6
ORD-100609,1970-01-01 05:00:45.743,CUST-10161,Pakistan,South Asia,Faisalabad,Football,F50,Female,44,Wholesale,Consumer,Digital Wallet,Sports Event,1.0,89.06,7.22,89.06,45.21,43.85,4,No,Completed,54,3,517,96748.86,956.84
ORD-100610,1970-01-01 05:00:45.224,CUST-10011,Usa,North America,Houston,Training,Everyday,Male,44,Mobile App,Premium Consumer,Cash on Delivery,New Year Sale,1.0,107.2,20.0,85.76,72.07,13.69,5,No,Completed,24,2,262,47366.56,3838.1
ORD-100611,1970-01-01 05:00:45.811,CUST-10031,Pakistan,South Asia,Rawalpindi,Running,Solarboost,Unisex,44,Marketplace,Premium Consumer,Cash on Delivery,No Campaign,3.0,110.24,0.0,330.72,224.38,106.34,3,No,Completed,29,1,434,22655.33,1030.88
ORD-100612,1970-01-01 05:00:45.871,CUST-10577,Uk,Europe,Birmingham,Outdoor,Five Ten,Unisex,42,Wholesale,Consumer,Bank Transfer,Black Friday,1.0,226.21,0.0,226.21,121.86,104.35,4,No,Completed,24,4,707,51952.75,1217.81
ORD-100613,1970-01-01 05:00:44.944,CUST-10092,Uae,Middle East,Dubai,Basketball,D.O.N. Issue,Male,43,Online Store,Business,Credit Card,Sports Event,1.0,112.27,14.77,89.82,53.89,35.93,4,No,Completed,40,5,529,98958.56,4790.8
ORD-100614,1970-01-01 05:00:45.507,CUST-10220,Australia,Oceania,Sydney,Basketball,Harden,Male,36,Online Store,Business,Credit Card,No Campaign,1.0,167.16,20.0,133.73,79.15,54.58,4,No,Completed,23,6,886,29646.22,616.44
ORD-100615,1970-01-01 05:00:45.172,CUST-10114,Saudi Arabia,Middle East,Riyadh,Lifestyle,Samba,Unisex,40,Mobile App,Business,Bank Transfer,Summer Sale,1.0,62.48,20.0,49.98,40.25,9.73,4,No,Cancelled,53,7,296,61951.13,2544.33
ORD-100616,1970-01-01 05:00:45.445,CUST-10273,India,South Asia,Bangalore,Outdoor,Ridgewalker,Female,38,Mobile App,Premium Consumer,Digital Wallet,Sports Event,1.0,149.4,5.0,141.93,94.71,47.22,3,No,Completed,40,7,500,69551.37,407.16
ORD-100617,1970-01-01 05:00:45.078,CUST-10708,Germany,Europe,Munich,Basketball,Harden,Male,43,Mobile App,Premium Consumer,Credit Card,Black Friday,1.0,94.0,20.0,75.2,44.63,30.57,5,No,Pending,39,1,618,21785.92,542.92
ORD-100618,1970-01-01 05:00:45.069,CUST-10190,Uk,Europe,Manchester,Football,F50,Male,43,Retail Store,Business,Digital Wallet,No Campaign,1.0,175.3,15.0,149.0,91.1,57.9,5,Yes,Returned,64,10,68,53127.565554856046,3204.15
ORD-100619,1970-01-01 05:00:45.374,CUST-10225,Uae,Middle East,Sharjah,Lifestyle,Superstar,Unisex,38,Mobile App,Business,Cash on Delivery,No Campaign,1.0,137.46,15.0,116.84,71.92,44.92,4,No,Pending,42,3,24,31793.45,3190.56
ORD-100620,1970-01-01 05:00:45.440,CUST-10891,Pakistan,South Asia,Faisalabad,Running,Ultraboost,Male,44,Retail Store,Business,Credit Card,No Campaign,1.0,142.14,0.0,142.14,93.97,48.17,5,No,Completed,23,6,567,85493.86,1046.29
ORD-100621,1970-01-01 05:00:45.602,CUST-10121,Usa,North America,Houston,Basketball,Harden,Male,36,Wholesale,Business,Digital Wallet,No Campaign,3.0,66.77,0.0,200.31,101.95,98.36,5,No,Completed,43,3,512,71617.98,4375.18
ORD-100622,1970-01-01 05:00:45.389,CUST-10800,Usa,North America,New York,Training,Dropset,Female,44,Online Store,Business,Bank Transfer,Black Friday,1.0,65.38,10.0,58.84,40.57,18.27,4,No,Completed,38,4,993,72234.06710867376,3540.72
ORD-100623,1970-01-01 05:00:45.747,CUST-10815,Germany,Europe,Berlin,Outdoor,Agravic,Unisex,38,Marketplace,Business,Cash on Delivery,No Campaign,1.0,228.74,20.0,182.99,163.3,19.69,5,No,Completed,37,1,182,20368.4,1572.99
ORD-100624,1970-01-01 05:00:45.288,CUST-10846,Australia,Oceania,Brisbane,Basketball,Harden,Male,43,Retail Store,Premium Consumer,Digital Wallet,No Campaign,1.0,147.19,0.0,147.19,74.98,72.21,3,No,Pending,39,2,898,3940.18,1317.09
ORD-100625,1970-01-01 05:00:45.823,CUST-10226,Germany,Europe,Munich,Training,Dropset,Male,40,Online Store,Consumer,Credit Card,Sports Event,1.0,75.67,6.32,71.89,52.28,19.61,3,Yes,Returned,34,4,53,85127.31,3796.0
ORD-100626,1970-01-01 05:00:45.056,CUST-10889,Saudi Arabia,Middle East,Dammam,Training,Rapidmove,Unisex,44,Mobile App,Business,Digital Wallet,No Campaign,1.0,115.28,0.0,115.28,60.53,54.75,5,No,Completed,53,7,80,38982.04,3694.76
ORD-100627,1970-01-01 05:00:45.618,CUST-10166,Pakistan,South Asia,Lahore,Basketball,D.O.N. Issue,Female,38,Retail Store,Business,Bank Transfer,Eid Campaign,1.0,177.72,0.0,177.72,114.22,63.5,1,No,Completed,29,2,159,18382.38,829.28
ORD-100628,1970-01-01 05:00:45.074,CUST-10352,Uae,Middle East,Dubai,Outdoor,Ridgewalker,Unisex,40,Mobile App,Business,Credit Card,Eid Campaign,1.0,180.12,10.0,162.11,114.83,47.28,4,No,Completed,51,2,983,9643.59,1811.02
ORD-100629,1970-01-01 05:00:44.956,CUST-10091,Pakistan,South Asia,Karachi,Football,X Crazyfast,Unisex,36,Marketplace,Consumer,Digital Wallet,New Year Sale,1.0,163.56,0.0,163.56,69.32,94.24,4,No,Completed,41,2,385,51891.83,1161.72
ORD-100630,1970-01-01 05:00:45.144,CUST-10811,Uae,Middle East,Dubai,Lifestyle,Samba,Female,42,Online Store,Consumer,Digital Wallet,Black Friday,1.0,53.12,20.0,42.5,25.65,16.85,5,No,Completed,39,2,448,15437.73,1541.31
ORD-100631,1970-01-01 05:00:45.208,CUST-10491,Usa,North America,Chicago,Basketball,D.O.N. Issue,Male,36,Wholesale,Consumer,Cash on Delivery,No Campaign,1.0,121.02,15.0,102.87,63.73,39.14,4,No,Completed,44,3,737,56885.86,1509.06
ORD-100632,1970-01-01 05:00:45.777,CUST-10580,India,South Asia,Mumbai,Basketball,Harden,Unisex,42,Wholesale,Consumer,Digital Wallet,Summer Sale,1.0,125.22,15.0,106.44,72.47,33.97,5,No,Completed,31,2,263,72867.0,4882.52
ORD-100633,1970-01-01 05:00:45.697,CUST-10729,Pakistan,South Asia,Karachi,Football,Predator,Male,44,Online Store,Consumer,Credit Card,Summer Sale,1.0,101.79,10.0,91.61,46.05,45.56,3,Yes,Returned,50,2,620,53738.29,3776.04
ORD-100634,1970-01-01 05:00:45.779,CUST-10180,India,South Asia,Chennai,Outdoor,Agravic,Unisex,40,Retail Store,Consumer,Cash on Delivery,New Year Sale,2.0,88.38,20.0,141.41,101.72,39.69,3,No,Completed,46,7,953,61847.44962052566,3922.26
ORD-100635,1970-01-01 05:00:45.284,CUST-10576,Australia,Oceania,Brisbane,Training,Powerlift,Unisex,36,Wholesale,Consumer,Digital Wallet,No Campaign,1.0,65.67,15.0,55.82,35.67,20.15,3,No,Completed,46,6,308,15979.18,1459.37
ORD-100636,1970-01-01 05:00:45.639,CUST-10651,India,South Asia,Chennai,Outdoor,Agravic,Male,45,Retail Store,Consumer,Credit Card,New Year Sale,1.0,118.56,10.0,106.7,63.49,43.21,4,No,Completed,47,3,43,49648.37,102.58
ORD-100637,1970-01-01 05:00:45.966,CUST-10675,India,South Asia,Mumbai,Lifestyle,Campus,Female,42,Marketplace,Consumer,Debit Card,No Campaign,1.0,155.19,30.0,108.63,99.14,9.49,4,Yes,Returned,55,14,200,16737.45,384.97
ORD-100638,1970-01-01 05:00:45.945,CUST-10491,Uae,Middle East,Dubai,Outdoor,Five Ten,Male,36,Online Store,Business,Cash on Delivery,Black Friday,1.0,223.87,5.0,212.68,149.19,63.49,5,No,Completed,55,3,283,87652.24,2809.7
ORD-100639,1970-01-01 05:00:45.611,CUST-10763,Saudi Arabia,Middle East,Dammam,Training,Everyday,Female,36,Online Store,Business,Credit Card,New Year Sale,1.0,123.74,5.0,117.55,56.07,61.48,5,No,Completed,49,5,146,93257.81,1498.86
ORD-100640,1970-01-01 05:00:45.920,CUST-10539,Uae,Middle East,Sharjah,Football,Predator,Male,38,Retail Store,Business,Digital Wallet,New Year Sale,2.0,151.83,0.0,303.66,190.72,112.94,4,No,Completed,31,3,439,40299.59,1045.48
ORD-100641,1970-01-01 05:00:45.594,CUST-10175,Germany,Europe,Munich,Training,Powerlift,Male,42,Retail Store,Consumer,Debit Card,Sports Event,1.0,47.9,10.0,43.11,23.15,19.96,4,No,Pending,31,3,403,30921.95,343.24
ORD-100642,1970-01-01 05:00:45.378,CUST-10684,Usa,North America,Houston,Football,F50,Female,44,Online Store,Premium Consumer,Debit Card,Summer Sale,1.0,166.54,15.0,141.56,77.16,64.4,5,No,Completed,48,3,710,28291.95,4391.82
ORD-100643,1970-01-01 05:00:45.691,CUST-10403,Australia,Oceania,Sydney,Football,F50,Female,42,Marketplace,Premium Consumer,Debit Card,Black Friday,2.0,133.03,30.0,186.24,114.56,71.68,1,Yes,Returned,62,10,745,86042.87,3040.62
ORD-100644,1970-01-01 05:00:45.501,CUST-10868,Uae,Middle East,Dubai,Running,Ultraboost,Male,44,Mobile App,Premium Consumer,Debit Card,No Campaign,2.0,178.19,10.0,320.74,155.14,165.6,4,No,Completed,24,1,183,68402.97,626.13
ORD-100645,1970-01-01 05:00:45.275,CUST-10448,Saudi Arabia,Middle East,Dammam,Basketball,Harden,Unisex,42,Online Store,Premium Consumer,Bank Transfer,Eid Campaign,2.0,70.37,20.0,112.59,69.25,43.34,4,No,Completed,58,2,546,88119.01,3855.38
ORD-100646,1970-01-01 05:00:45.874,CUST-10650,Saudi Arabia,Middle East,Jeddah,Lifestyle,Superstar,Male,43,Retail Store,Consumer,Cash on Delivery,Eid Campaign,2.0,125.99,0.0,251.98,129.83,122.15,5,No,Cancelled,24,10,914,12192.92,3803.55
ORD-100647,1970-01-01 05:00:44.937,CUST-10007,Saudi Arabia,Middle East,Dammam,Lifestyle,Gazelle,Male,36,Mobile App,Business,Bank Transfer,No Campaign,1.0,100.3,10.0,90.27,53.74,36.53,3,No,Completed,26,1,208,47864.78,1518.08
ORD-100648,1970-01-01 05:00:45.908,CUST-10545,Usa,North America,Houston,Lifestyle,Superstar,Female,44,Retail Store,Consumer,Bank Transfer,No Campaign,1.0,92.9,10.0,83.61,41.68,41.93,3,No,Pending,46,3,871,67779.82,1023.29
ORD-100649,1970-01-01 05:00:45.661,CUST-10362,Usa,North America,Chicago,Football,X Crazyfast,Male,38,Online Store,Premium Consumer,Cash on Delivery,Summer Sale,1.0,66.58,20.0,53.26,44.65,8.61,3,No,Pending,38,7,574,89760.53,4088.51
ORD-100650,1970-01-01 05:00:45.858,CUST-10884,Australia,Oceania,Sydney,Lifestyle,Samba,Male,43,Retail Store,Premium Consumer,Digital Wallet,Sports Event,1.0,78.27,10.0,70.44,55.49,14.95,5,No,Completed,41,7,81,38510.91,1714.87
ORD-100651,1970-01-01 05:00:45.715,CUST-10392,Pakistan,South Asia,Islamabad,Outdoor,Terrex,Unisex,36,Marketplace,Premium Consumer,Cash on Delivery,Sports Event,1.0,113.77,5.0,108.08,81.89,26.19,4,No,Completed,37,10,262,31652.46,4252.4
ORD-100652,1970-01-01 05:00:45.614,CUST-10613,Saudi Arabia,Middle East,Dammam,Outdoor,Terrex,Male,45,Marketplace,Consumer,Credit Card,Eid Campaign,1.0,103.44,15.0,87.92,67.78,20.14,4,No,Completed,21,3,766,91340.09,313.89
ORD-100653,1970-01-01 05:00:45.675,CUST-10216,Germany,Europe,Munich,Training,Dropset,Male,45,Online Store,Business,Debit Card,Summer Sale,1.0,47.29,0.0,47.29,26.44,20.85,5,No,Completed,39,2,922,5229.56,2546.52
ORD-100654,1970-01-01 05:00:45.906,CUST-10270,Germany,Europe,Hamburg,Football,Predator,Unisex,42,Retail Store,Premium Consumer,Cash on Delivery,Black Friday,1.0,133.23,0.0,133.23,63.23,70.0,5,No,Completed,63,5,38,48219.75,980.02
ORD-100655,1970-01-01 05:00:45.056,CUST-10277,Usa,North America,Chicago,Basketball,D.O.N. Issue,Female,44,Mobile App,Business,Bank Transfer,No Campaign,1.0,120.31,5.0,114.29,81.32,32.97,4,No,Completed,39,4,285,28828.289212936696,3393.02
ORD-100656,1970-01-01 05:00:45.852,CUST-10440,Australia,Oceania,Brisbane,Outdoor,Agravic,Female,38,Retail Store,Premium Consumer,Credit Card,No Campaign,1.0,183.11,15.0,155.64,121.71,33.93,4,No,Completed,51,4,22,15032.61,4986.35
ORD-100657,1970-01-01 05:00:45.084,CUST-10473,Usa,North America,New York,Football,Copa,Male,44,Online Store,Business,Debit Card,No Campaign,1.0,126.52,10.0,113.87,55.15,58.72,4,No,Cancelled,33,6,595,39797.54,2121.3
ORD-100658,1970-01-01 05:00:45.527,CUST-10466,Uae,Middle East,Abu Dhabi,Football,Predator,Unisex,45,Retail Store,Premium Consumer,Cash on Delivery,Eid Campaign,3.0,176.59,0.0,529.77,241.02,288.75,5,Yes,Returned,45,7,918,72398.67,591.52
ORD-100659,1970-01-01 05:00:45.524,CUST-10400,Australia,Oceania,Sydney,Outdoor,Terrex,Male,36,Retail Store,Business,Cash on Delivery,Eid Campaign,1.0,180.97,0.0,180.97,95.49,85.48,5,No,Pending,45,4,473,37003.41,1656.6
ORD-100660,1970-01-01 05:00:45.922,CUST-10711,Germany,Europe,Hamburg,Outdoor,Agravic,Unisex,45,Wholesale,Premium Consumer,Digital Wallet,Black Friday,1.0,214.42,0.0,214.42,105.88,108.54,1,No,Completed,37,2,302,35848.53649305355,4468.38
ORD-100661,1970-01-01 05:00:45.459,CUST-10363,Uae,Middle East,Dubai,Basketball,Harden,Female,42,Marketplace,Consumer,Debit Card,Black Friday,1.0,135.3,30.0,94.71,91.51,3.2,5,No,Completed,51,2,205,78298.6,3852.23
ORD-100662,1970-01-01 05:00:45.256,CUST-10203,Uk,Europe,Birmingham,Training,Powerlift,Unisex,44,Retail Store,Consumer,Debit Card,Summer Sale,1.0,97.8,10.0,88.02,48.92,39.1,5,No,Completed,61,3,431,98877.18,1237.84
ORD-100663,1970-01-01 05:00:45.575,CUST-10888,Saudi Arabia,Middle East,Dammam,Running,Ultraboost,Male,44,Marketplace,Premium Consumer,Debit Card,Summer Sale,1.0,130.57,5.0,124.04,71.2,52.84,4,No,Completed,60,3,94,78045.56,4772.63
ORD-100664,1970-01-01 05:00:45.631,CUST-10513,Pakistan,South Asia,Karachi,Outdoor,Agravic,Female,44,Wholesale,Consumer,Bank Transfer,Black Friday,1.0,167.81,10.0,151.03,75.15,75.88,3,No,Completed,61,2,474,84711.16,3148.72
ORD-100665,1970-01-01 05:00:45.949,CUST-10888,India,South Asia,Mumbai,Running,Duramo,Female,42,Retail Store,Consumer,Bank Transfer,New Year Sale,1.0,107.71,0.0,107.71,60.04,47.67,1,No,Completed,43,4,574,93980.32,923.44
ORD-100666,1970-01-01 05:00:45.897,CUST-10260,Germany,Europe,Munich,Outdoor,Agravic,Unisex,40,Wholesale,Business,Digital Wallet,Black Friday,1.0,223.89,10.0,201.5,92.21,109.29,4,No,Completed,26,4,375,80276.36,2904.38
ORD-100667,1970-01-01 05:00:45.009,CUST-10185,India,South Asia,Mumbai,Outdoor,Five Ten,Unisex,45,Online Store,Premium Consumer,Credit Card,No Campaign,1.0,154.09,10.0,138.68,62.43,76.25,3,No,Completed,22,4,136,98045.25,2311.26
ORD-100668,1970-01-01 05:00:45.116,CUST-10614,Saudi Arabia,Middle East,Jeddah,Training,Everyday,Male,42,Wholesale,Business,Debit Card,Black Friday,3.0,75.58,10.0,204.07,102.15,101.92,5,No,Completed,63,2,150,74854.78,4116.52
ORD-100669,1970-01-01 05:00:45.839,CUST-10878,Saudi Arabia,Middle East,Dammam,Running,Ultraboost,Unisex,38,Wholesale,Premium Consumer,Debit Card,Eid Campaign,2.0,112.3,0.0,-1000.0,92.46,132.14,4,No,Completed,53,3,628,66321.49,1786.38
ORD-100670,1970-01-01 05:00:45.666,CUST-10308,Germany,Europe,Munich,Lifestyle,Samba,Male,43,Marketplace,Premium Consumer,Cash on Delivery,No Campaign,1.0,156.48,0.0,156.48,83.46,73.02,4,No,Completed,29,2,702,69488.18,4387.39
ORD-100671,1970-01-01 05:00:45.557,CUST-10705,Uk,Europe,Manchester,Basketball,Dame,Unisex,38,Retail Store,Business,Digital Wallet,Sports Event,1.0,140.0,20.0,112.0,71.78,40.22,4,No,Completed,53,4,201,90058.14,4078.65
ORD-100672,1970-01-01 05:00:45.262,CUST-10530,Usa,North America,Houston,Training,Everyday,Unisex,43,Retail Store,Business,Bank Transfer,No Campaign,1.0,44.94,0.0,44.94,27.9,17.04,4,No,Completed,45,4,942,68459.31,3405.56
ORD-100673,1970-01-01 05:00:45.899,CUST-10510,Uae,Middle East,Sharjah,Football,Copa,Female,38,Wholesale,Premium Consumer,Credit Card,No Campaign,1.0,81.04,20.0,64.83,37.62,27.21,4,No,Completed,30,3,249,76239.91,1367.18
ORD-100674,1970-01-01 05:00:45.775,CUST-10846,Usa,North America,Los Angeles,Outdoor,Agravic,Unisex,44,Wholesale,Consumer,Debit Card,Summer Sale,1.0,235.54,0.0,235.54,155.83,79.71,5,No,Cancelled,33,3,598,21992.99,4854.61
ORD-100675,1970-01-01 05:00:45.013,CUST-10199,Usa,North America,Chicago,Basketball,Own The Game,Unisex,44,Mobile App,Business,Digital Wallet,Summer Sale,1.0,111.46,0.0,111.46,74.86,36.6,4,No,Completed,31,2,73,91308.64,2788.47
ORD-100676,1970-01-01 05:00:45.464,CUST-10561,Pakistan,South Asia,Islamabad,Running,Adizero,Unisex,44,Online Store,Business,Cash on Delivery,Eid Campaign,2.0,149.08,10.0,268.34,202.45,65.89,5,No,Completed,19,6,321,44997.72,4546.82
ORD-100677,1970-01-01 05:00:44.985,CUST-10024,Uae,Middle East,Dubai,Training,Powerlift,Female,44,Online Store,Business,Cash on Delivery,New Year Sale,1.0,131.38,15.0,111.67,83.45,28.22,3,No,Completed,33,1,548,16526.2,1157.08
ORD-100678,1970-01-01 05:00:45.455,CUST-10179,Australia,Oceania,Brisbane,Lifestyle,Superstar,Unisex,44,Online Store,Premium Consumer,Bank Transfer,Sports Event,1.0,89.26,10.0,80.33,56.47,23.86,3,No,Completed,57,4,636,80078.83,4918.55
ORD-100679,1970-01-01 05:00:45.046,CUST-10505,Pakistan,South Asia,Karachi,Basketball,Harden,Female,38,Retail Store,Premium Consumer,Debit Card,No Campaign,1.0,150.69,14.63,120.55,73.11,47.44,3,No,Pending,37,1,999,35961.11,4098.69
ORD-100680,1970-01-01 05:00:45.656,CUST-10378,Uk,Europe,London,Basketball,Own The Game,Female,44,Wholesale,Business,Credit Card,New Year Sale,1.0,151.43,10.0,136.29,70.95,65.34,3,No,Completed,26,2,997,18819.85,4751.21
ORD-100681,1970-01-01 05:00:45.120,CUST-10288,Saudi Arabia,Middle East,Dammam,Outdoor,Ridgewalker,Male,45,Marketplace,Premium Consumer,Cash on Delivery,Black Friday,1.0,152.35,10.0,137.12,94.01,43.11,4,No,Completed,58,3,165,25996.99,1140.59
ORD-100682,1970-01-01 05:00:45.221,CUST-10607,Germany,Europe,Berlin,Running,Solarboost,Male,38,Marketplace,Premium Consumer,Digital Wallet,Eid Campaign,1.0,166.81,10.0,150.13,99.39,50.74,4,No,Completed,34,6,0,3977.42,2210.22
ORD-100683,1970-01-01 05:00:45.373,CUST-10590,Germany,Europe,Berlin,Football,Predator,Unisex,42,Retail Store,Business,Bank Transfer,Sports Event,1.0,138.38,20.0,110.7,71.91,38.79,4,Yes,Returned,29,2,943,61870.10273616927,578.41
ORD-100684,1970-01-01 05:00:45.083,CUST-10268,India,South Asia,Delhi,Training,Rapidmove,Male,36,Mobile App,Premium Consumer,Cash on Delivery,Sports Event,1.0,73.13,10.0,65.82,35.96,29.86,4,No,Completed,63,7,337,59466.16,771.15
ORD-100685,1970-01-01 05:00:45.998,CUST-10677,Germany,Europe,Munich,Football,F50,Male,44,Online Store,Business,Credit Card,Summer Sale,1.0,155.68,10.0,140.11,77.5,62.61,4,No,Completed,24,4,290,48411.60221881171,1491.4
ORD-100686,1970-01-01 05:00:45.391,CUST-10263,Uae,Middle East,Abu Dhabi,Outdoor,Ridgewalker,Male,42,Retail Store,Consumer,Digital Wallet,Sports Event,1.0,168.5,5.0,160.07,98.52,61.55,5,No,Pending,38,4,70,45128.78,4762.97
ORD-100687,1970-01-01 05:00:45.918,CUST-10461,India,South Asia,Chennai,Running,Ultraboost,Male,42,Online Store,Consumer,Bank Transfer,New Year Sale,3.0,108.52,10.0,293.0,215.56,77.44,4,Yes,Returned,57,3,107,29410.452418831956,3369.24
ORD-100688,1970-01-01 05:00:45.445,CUST-10705,Pakistan,South Asia,Rawalpindi,Training,Dropset,Male,44,Online Store,Consumer,Credit Card,New Year Sale,1.0,64.21,20.0,51.37,41.61,9.76,4,No,Completed,30,6,489,81068.44,1641.7
ORD-100689,1970-01-01 05:00:45.305,CUST-10352,Saudi Arabia,Middle East,Dammam,Lifestyle,Gazelle,Female,36,Online Store,Consumer,Cash on Delivery,New Year Sale,2.0,61.76,20.0,98.82,77.81,21.01,3,Yes,Returned,30,4,597,35998.51,4777.41
ORD-100690,1970-01-01 05:00:45.952,CUST-10821,Germany,Europe,Hamburg,Basketball,Harden,Unisex,42,Wholesale,Business,Credit Card,No Campaign,1.0,150.59,30.0,105.41,71.12,34.29,4,No,Completed,27,3,180,65604.25,3724.68
ORD-100691,1970-01-01 05:00:45.319,CUST-10513,Pakistan,South Asia,Islamabad,Lifestyle,Gazelle,Male,45,Online Store,Business,Credit Card,Summer Sale,1.0,153.02,10.0,137.72,99.99,37.73,3,No,Completed,41,3,24,35368.03,4544.2
ORD-100692,1970-01-01 05:00:45.827,CUST-10647,Australia,Oceania,Brisbane,Basketball,Harden,Male,40,Marketplace,Premium Consumer,Digital Wallet,Summer Sale,1.0,146.09,10.0,131.48,73.67,57.81,3,No,Pending,61,2,809,64450.18,4643.38
ORD-100693,1970-01-01 05:00:45.570,CUST-10699,Saudi Arabia,Middle East,Riyadh,Training,Dropset,Female,38,Wholesale,Consumer,Digital Wallet,Black Friday,1.0,145.7,10.0,131.13,90.42,40.71,5,No,Completed,40,3,150,22151.97,3778.77
ORD-100694,1970-01-01 05:00:45.095,CUST-10532,Uk,Europe,Manchester,Lifestyle,Samba,Female,38,Mobile App,Premium Consumer,Digital Wallet,New Year Sale,1.0,137.26,30.0,96.08,78.36,17.72,4,Yes,Returned,41,7,264,97795.05,1291.35
ORD-100695,1970-01-01 05:00:45.389,CUST-10558,Uk,Europe,Birmingham,Outdoor,Five Ten,Female,44,Mobile App,Consumer,Credit Card,Eid Campaign,1.0,111.51,15.0,94.78,73.8,20.98,5,No,Completed,40,5,922,8079.69,4983.29
ORD-100696,1970-01-01 05:00:45.933,CUST-10483,Germany,Europe,Hamburg,Football,Predator,Male,43,Mobile App,Business,Credit Card,No Campaign,1.0,122.4,10.0,110.16,59.81,50.35,4,No,Completed,24,5,202,50770.67,1692.95
ORD-100697,1970-01-01 05:00:45.135,CUST-10665,Uae,Middle East,Sharjah,Training,Rapidmove,Male,38,Marketplace,Consumer,Cash on Delivery,Summer Sale,1.0,106.15,30.0,74.3,42.75,31.55,2,No,Completed,34,3,562,28986.49,3391.36
ORD-100698,1970-01-01 05:00:45.796,CUST-10247,Usa,North America,Houston,Running,Adizero,Female,44,Mobile App,Premium Consumer,Digital Wallet,Sports Event,1.0,138.92,10.0,125.03,80.22,44.81,5,No,Completed,29,5,474,60283.36,4239.58
ORD-100699,1970-01-01 05:00:45.228,CUST-10738,Usa,North America,Houston,Training,Everyday,Male,38,Marketplace,Premium Consumer,Digital Wallet,Summer Sale,1.0,136.45,10.0,122.8,72.24,50.56,3,No,Cancelled,29,4,999,43116.54,958.24
ORD-100700,1970-01-01 05:00:45.035,CUST-10195,Uae,Middle East,Dubai,Running,Ultraboost,Female,36,Retail Store,Premium Consumer,Bank Transfer,Sports Event,1.0,153.23,10.0,137.91,73.4,64.51,5,No,Completed,50,3,219,31013.23,3084.3
ORD-100701,1970-01-01 05:00:45.124,CUST-10471,Germany,Europe,Berlin,Football,Copa,Unisex,38,Mobile App,Premium Consumer,Debit Card,Black Friday,1.0,108.68,0.0,108.68,46.9,61.78,5,No,Completed,60,4,568,25378.75,1938.35
ORD-100702,1970-01-01 05:00:45.630,CUST-10548,Australia,Oceania,Brisbane,Training,Everyday,Unisex,36,Online Store,Premium Consumer,Credit Card,Eid Campaign,1.0,85.59,10.0,77.03,38.05,38.98,3,No,Completed,38,2,81,18658.61,1297.02
ORD-100703,1970-01-01 05:00:45.833,CUST-10732,Australia,Oceania,Melbourne,Basketball,Own The Game,Male,36,Retail Store,Business,Cash on Delivery,No Campaign,1.0,146.04,15.0,124.13,75.1,49.03,5,No,Completed,37,2,163,78396.49,157.68
ORD-100704,1970-01-01 05:00:45.202,CUST-10845,Uae,Middle East,Abu Dhabi,Training,Rapidmove,Unisex,43,Mobile App,Consumer,Bank Transfer,Sports Event,1.0,126.5,5.0,120.18,59.49,60.69,5,No,Completed,54,14,929,22608.89,4372.67
ORD-100705,1970-01-01 05:00:45.901,CUST-10003,Australia,Oceania,Brisbane,Outdoor,Five Ten,Male,45,Online Store,Premium Consumer,Cash on Delivery,Eid Campaign,2.0,167.27,20.0,267.63,221.15,46.48,5,No,Completed,61,10,268,77465.86,765.82
ORD-100706,1970-01-01 05:00:45.509,CUST-10547,Usa,North America,Chicago,Lifestyle,Campus,Male,36,Wholesale,Consumer,Debit Card,Black Friday,1.0,113.1,15.0,96.14,68.04,28.1,1,No,Completed,50,3,182,48761.34,4402.77
ORD-100707,1970-01-01 05:00:45.625,CUST-10809,Germany,Europe,Munich,Outdoor,Terrex,Male,43,Marketplace,Premium Consumer,Digital Wallet,Black Friday,1.0,204.4,0.0,204.4,104.74,99.66,4,No,Completed,41,4,941,7686.69,3043.38
ORD-100708,1970-01-01 05:00:45.434,CUST-10262,Pakistan,South Asia,Karachi,Outdoor,Ridgewalker,Male,44,Wholesale,Consumer,Credit Card,Black Friday,1.0,230.39,15.0,195.83,123.76,72.07,3,No,Completed,31,5,179,16961.55,3143.17
ORD-100709,1970-01-01 05:00:44.967,CUST-10567,India,South Asia,Kolkata,Basketball,Harden,Female,36,Mobile App,Business,Digital Wallet,New Year Sale,2.0,168.77,15.0,286.91,153.83,133.08,4,No,Completed,46,5,989,38067.242917880736,4160.39
ORD-100710,1970-01-01 05:00:45.888,CUST-10857,Usa,North America,Houston,Basketball,D.O.N. Issue,Female,38,Wholesale,Premium Consumer,Cash on Delivery,New Year Sale,2.0,90.14,5.0,171.27,95.57,75.7,4,No,Completed,45,2,795,60480.17,2596.26
ORD-100711,1970-01-01 05:00:45.348,CUST-10433,India,South Asia,Bangalore,Training,Dropset,Female,45,Marketplace,Consumer,Bank Transfer,No Campaign,1.0,120.85,10.0,108.76,75.77,32.99,2,Yes,Returned,64,3,597,18841.15,1850.69
ORD-100712,1970-01-01 05:00:45.944,CUST-10748,Germany,Europe,Hamburg,Training,Powerlift,Male,45,Retail Store,Premium Consumer,Cash on Delivery,No Campaign,2.0,109.6,15.0,186.32,122.26,64.06,4,No,Cancelled,53,4,471,70524.61,780.15
ORD-100713,1970-01-01 05:00:45.389,CUST-10765,Uk,Europe,Birmingham,Lifestyle,Superstar,Unisex,38,Wholesale,Consumer,Bank Transfer,Black Friday,1.0,55.17,20.0,44.14,33.8,10.34,4,Yes,Returned,54,14,110,82414.54,2895.04
ORD-100714,1970-01-01 05:00:45.801,CUST-10137,Uk,Europe,London,Running,Duramo,Female,38,Marketplace,Business,Cash on Delivery,Eid Campaign,1.0,84.14,10.0,75.73,44.31,31.42,3,No,Completed,39,5,669,33399.99,2810.52
ORD-100715,1970-01-01 05:00:45.750,CUST-10605,Germany,Europe,Munich,Football,F50,Unisex,45,Mobile App,Business,Bank Transfer,Summer Sale,1.0,57.06,0.0,57.06,28.4,28.66,3,No,Completed,55,1,44,55881.22,1540.09
ORD-100716,1970-01-01 05:00:45.949,CUST-10388,Pakistan,South Asia,Karachi,Outdoor,Ridgewalker,Unisex,44,Marketplace,Business,Bank Transfer,New Year Sale,2.0,85.16,50.0,85.16,102.12,-16.96,4,Yes,Returned,35,6,549,29698.27,3040.28
ORD-100717,1970-01-01 05:00:45.996,CUST-10278,Usa,North America,Los Angeles,Lifestyle,Samba,Female,44,Retail Store,Consumer,Debit Card,Sports Event,2.0,113.37,0.0,226.74,101.48,125.26,4,No,Completed,37,3,531,8466.14,2252.9
ORD-100718,1970-01-01 05:00:45.579,CUST-10265,Uk,Europe,London,Training,Rapidmove,Unisex,42,Mobile App,Premium Consumer,Cash on Delivery,Sports Event,1.0,56.6,5.0,53.77,30.57,23.2,4,Yes,Returned,42,3,965,40251.15,4047.1
ORD-100719,1970-01-01 05:00:45.758,CUST-10236,Uae,Middle East,Dubai,Basketball,Harden,Male,40,Retail Store,Consumer,Debit Card,Black Friday,2.0,69.1,10.0,124.38,66.72,57.66,5,No,Completed,40,4,608,75267.49,2841.48
ORD-100720,1970-01-01 05:00:45.791,CUST-10475,Australia,Oceania,Sydney,Training,Rapidmove,Male,42,Retail Store,Premium Consumer,Debit Card,No Campaign,1.0,74.74,5.0,71.0,31.76,39.24,4,No,Completed,27,4,430,46138.69,4675.03
ORD-100721,1970-01-01 05:00:45.013,CUST-10765,Uk,Europe,London,Basketball,Harden,Female,38,Online Store,Consumer,Cash on Delivery,New Year Sale,1.0,69.88,15.0,59.4,34.57,24.83,5,No,Completed,22,5,357,40824.27,2638.12
ORD-100722,1970-01-01 05:00:45.671,CUST-10576,Uk,Europe,Birmingham,Running,Duramo,Unisex,38,Mobile App,Business,Debit Card,Summer Sale,1.0,101.47,50.0,50.74,58.3,-7.56,5,No,Completed,55,4,58,36917.72,4448.73
ORD-100723,1970-01-01 05:00:45.995,CUST-10780,India,South Asia,Kolkata,Lifestyle,Samba,Unisex,44,Mobile App,Consumer,Debit Card,New Year Sale,1.0,140.48,6.79,140.48,85.07,55.41,4,No,Completed,61,4,974,46162.22,2650.57
ORD-100724,1970-01-01 05:00:45.725,CUST-10074,India,South Asia,Mumbai,Basketball,Dame,Female,42,Retail Store,Consumer,Debit Card,Summer Sale,3.0,103.6,5.0,295.26,196.87,98.39,3,No,Completed,50,10,974,32163.78,2834.37
ORD-100725,1970-01-01 05:00:45.447,CUST-10085,Uk,Europe,Birmingham,Training,Rapidmove,Male,44,Wholesale,Premium Consumer,Credit Card,Black Friday,1.0,105.25,5.0,99.99,57.9,42.09,4,No,Completed,43,4,223,61412.33,1897.36
ORD-100726,1970-01-01 05:00:45.495,CUST-10590,Usa,North America,Los Angeles,Training,Powerlift,Female,44,Marketplace,Premium Consumer,Credit Card,Sports Event,1.0,120.67,20.0,96.54,52.4,44.14,4,No,Completed,37,2,909,6824.81,2060.83
ORD-100727,1970-01-01 05:00:45.417,CUST-10683,Pakistan,South Asia,Islamabad,Outdoor,Terrex,Unisex,43,Marketplace,Business,Cash on Delivery,Sports Event,1.0,231.47,10.0,208.32,153.68,54.64,4,No,Completed,33,3,809,80835.12,4672.2
ORD-100728,1970-01-01 05:00:45.833,CUST-10026,India,South Asia,Chennai,Lifestyle,Gazelle,Male,43,Marketplace,Premium Consumer,Credit Card,Summer Sale,1.0,154.82,5.0,147.08,62.63,84.45,4,No,Completed,21,1,188,17730.11,1194.08
ORD-100729,1970-01-01 05:00:45.825,CUST-10008,Uk,Europe,Birmingham,Football,X Crazyfast,Female,43,Online Store,Premium Consumer,Credit Card,Eid Campaign,1.0,116.33,5.0,110.51,65.06,45.45,4,No,Completed,21,3,58,63527.75,695.14
ORD-100730,1970-01-01 05:00:45.608,CUST-10618,Australia,Oceania,Brisbane,Outdoor,Five Ten,Female,38,Retail Store,Business,Cash on Delivery,New Year Sale,2.0,163.9,0.0,327.8,208.45,119.35,5,No,Cancelled,44,3,7,45263.31,4168.03
ORD-100731,1970-01-01 05:00:45.596,CUST-10687,India,South Asia,Chennai,Basketball,Own The Game,Unisex,36,Online Store,Business,Debit Card,Sports Event,3.0,172.65,0.0,517.95,271.76,246.19,3,No,Completed,39,6,483,77462.61,2926.86
ORD-100732,1970-01-01 05:00:44.933,CUST-10279,Australia,Oceania,Melbourne,Outdoor,Ridgewalker,Male,44,Marketplace,Business,Credit Card,No Campaign,1.0,235.28,5.0,223.52,154.4,69.12,5,No,Completed,41,6,824,82700.93,1494.77
ORD-100733,1970-01-01 05:00:45.767,CUST-10521,Uae,Middle East,Abu Dhabi,Football,X Crazyfast,Female,44,Retail Store,Premium Consumer,Debit Card,Sports Event,1.0,67.18,10.0,60.46,31.18,29.28,4,No,Completed,32,5,405,20817.94,2218.76
ORD-100734,1970-01-01 05:00:45.099,CUST-10043,Germany,Europe,Munich,Basketball,Harden,Female,40,Mobile App,Premium Consumer,Bank Transfer,No Campaign,1.0,83.47,5.0,79.3,40.4,38.9,2,No,Completed,44,6,613,67879.33,2672.04
ORD-100735,1970-01-01 05:00:45.109,CUST-10606,Pakistan,South Asia,Rawalpindi,Running,Adizero,Male,44,Retail Store,Consumer,Digital Wallet,New Year Sale,1.0,128.9,10.0,116.01,57.37,58.64,4,No,Completed,40,3,851,19395.8,3001.49
ORD-100736,1970-01-01 05:00:45.232,CUST-10430,Usa,North America,New York,Lifestyle,Campus,Female,40,Wholesale,Consumer,Credit Card,Sports Event,1.0,100.86,5.0,95.82,40.67,55.15,4,No,Completed,31,3,471,12837.83,4123.15
ORD-100737,1970-01-01 05:00:45.169,CUST-10045,Usa,North America,Los Angeles,Training,Rapidmove,Unisex,42,Retail Store,Premium Consumer,Cash on Delivery,Sports Event,1.0,98.52,11.99,98.52,61.97,36.55,5,No,Completed,29,3,20,93064.46,2032.33
ORD-100738,1970-01-01 05:00:45.810,CUST-10394,Australia,Oceania,Sydney,Training,Powerlift,Unisex,42,Marketplace,Business,Debit Card,Eid Campaign,1.0,134.56,10.0,121.1,75.3,45.8,3,No,Completed,61,2,383,16856.71,3414.87
ORD-100739,1970-01-01 05:00:44.985,CUST-10747,Uae,Middle East,Abu Dhabi,Training,Powerlift,Female,42,Wholesale,Premium Consumer,Debit Card,Black Friday,2.0,55.21,0.0,110.42,50.75,59.67,3,No,Completed,54,7,411,23199.13,4190.36
ORD-100740,1970-01-01 05:00:45.887,CUST-10181,Australia,Oceania,Sydney,Running,Ultraboost,Female,43,Retail Store,Business,Digital Wallet,Sports Event,1.0,160.69,0.0,160.69,108.08,52.61,5,No,Completed,31,4,304,13467.24,4234.49
ORD-100741,1970-01-01 05:00:45.076,CUST-10760,Usa,North America,New York,Outdoor,Agravic,Unisex,36,Online Store,Premium Consumer,Debit Card,Eid Campaign,1.0,210.64,0.0,210.64,102.42,108.22,3,No,Completed,26,2,918,47294.04,1345.8
ORD-100742,1970-01-01 05:00:44.937,CUST-10628,Germany,Europe,Munich,Lifestyle,Samba,Unisex,43,Marketplace,Premium Consumer,Cash on Delivery,Summer Sale,1.0,140.25,15.0,119.21,68.09,51.12,4,No,Completed,36,2,727,92000.93,1815.85
ORD-100743,1970-01-01 05:00:45.460,CUST-10372,Pakistan,South Asia,Karachi,Lifestyle,Gazelle,Unisex,44,Marketplace,Premium Consumer,Debit Card,No Campaign,1.0,61.72,0.0,61.72,33.21,28.51,2,No,Completed,44,3,309,26773.55,3015.04
ORD-100744,1970-01-01 05:00:45.217,CUST-10320,Germany,Europe,Munich,Outdoor,Five Ten,Male,42,Online Store,Consumer,Digital Wallet,Black Friday,1.0,162.98,15.0,138.53,110.51,28.02,5,No,Completed,31,1,230,45818.88057076948,4440.28
ORD-100745,1970-01-01 05:00:45.466,CUST-10735,Germany,Europe,Hamburg,Training,Everyday,Female,45,Marketplace,Premium Consumer,Debit Card,Black Friday,2.0,87.21,10.0,156.98,70.65,86.33,4,No,Completed,44,3,235,41440.14,3973.19
ORD-100746,1970-01-01 05:00:45.035,CUST-10434,Australia,Oceania,Sydney,Football,F50,Male,36,Retail Store,Consumer,Credit Card,Eid Campaign,1.0,149.44,15.0,127.02,101.04,25.98,4,No,Pending,35,4,662,33932.94,2961.42
ORD-100747,1970-01-01 05:00:45.820,CUST-10319,Uk,Europe,London,Football,F50,Female,36,Mobile App,Premium Consumer,Bank Transfer,Eid Campaign,1.0,97.37,30.0,68.16,40.51,27.65,3,No,Completed,49,3,579,57429.19,4920.29
ORD-100748,1970-01-01 05:00:45.230,CUST-10853,Australia,Oceania,Sydney,Training,Dropset,Female,38,Retail Store,Premium Consumer,Debit Card,Summer Sale,4.0,114.87,11.23,459.48,275.39,184.09,1,Yes,Returned,43,7,45,56109.84,2251.04
ORD-100749,1970-01-01 05:00:44.935,CUST-10381,Uk,Europe,Birmingham,Lifestyle,Gazelle,Unisex,40,Mobile App,Consumer,Debit Card,Eid Campaign,1.0,111.66,0.0,111.66,75.0,36.66,4,No,Completed,56,4,963,36256.98,4228.01
ORD-100750,1970-01-01 05:00:45.509,CUST-10458,India,South Asia,Delhi,Basketball,D.O.N. Issue,Female,42,Wholesale,Consumer,Cash on Delivery,Summer Sale,1.0,169.3,5.0,160.84,79.09,81.75,4,No,Completed,50,3,221,85131.05,4110.26
ORD-100751,1970-01-01 05:00:45.909,CUST-10395,Pakistan,South Asia,Faisalabad,Running,Duramo,Unisex,44,Wholesale,Business,Credit Card,Black Friday,1.0,156.19,5.0,148.38,76.42,71.96,3,No,Completed,31,7,751,5790.62,4549.39
ORD-100752,1970-01-01 05:00:45.592,CUST-10121,Pakistan,South Asia,Rawalpindi,Outdoor,Five Ten,Male,42,Online Store,Business,Cash on Delivery,No Campaign,4.0,117.44,20.0,375.81,299.55,76.26,4,No,Completed,49,5,155,8981.22,4939.62
ORD-100753,1970-01-01 05:00:45.708,CUST-10272,Pakistan,South Asia,Lahore,Outdoor,Terrex,Female,38,Retail Store,Consumer,Digital Wallet,No Campaign,1.0,234.39,0.0,234.39,139.24,95.15,4,No,Completed,32,4,94,99082.74,2528.91
ORD-100754,1970-01-01 05:00:45.722,CUST-10160,Pakistan,South Asia,Faisalabad,Football,X Crazyfast,Female,38,Online Store,Premium Consumer,Digital Wallet,Eid Campaign,1.0,163.09,10.0,146.78,117.4,29.38,5,No,Completed,56,5,608,74894.45,1058.59
ORD-100755,1970-01-01 05:00:45.662,CUST-10115,Uk,Europe,Birmingham,Outdoor,Ridgewalker,Male,42,Wholesale,Consumer,Digital Wallet,Eid Campaign,1.0,228.67,15.0,194.37,160.15,34.22,4,Yes,Returned,30,3,817,80490.93,2358.39
ORD-100756,1970-01-01 05:00:45.793,CUST-10889,Usa,North America,New York,Training,Everyday,Female,42,Wholesale,Consumer,Digital Wallet,Sports Event,1.0,96.26,15.0,81.82,50.43,31.39,4,No,Completed,27,2,82,60468.76,4284.04
ORD-100757,1970-01-01 05:00:45.978,CUST-10836,Usa,North America,Chicago,Running,Ultraboost,Female,42,Retail Store,Premium Consumer,Bank Transfer,Sports Event,2.0,170.04,10.0,306.07,197.57,108.5,5,No,Completed,28,3,244,42276.11,4196.92
ORD-100758,1970-01-01 05:00:45.822,CUST-10693,India,South Asia,Mumbai,Basketball,Own The Game,Female,44,Retail Store,Consumer,Cash on Delivery,Summer Sale,1.0,150.01,5.0,142.51,89.58,52.93,3,No,Completed,56,4,574,37892.024566981185,1746.25
ORD-100759,1970-01-01 05:00:45.083,CUST-10013,Usa,North America,New York,Basketball,D.O.N. Issue,Unisex,38,Wholesale,Premium Consumer,Digital Wallet,No Campaign,3.0,117.51,10.0,317.28,247.94,69.34,4,No,Completed,41,4,9,9712.18,331.8
ORD-100760,1970-01-01 05:00:45.654,CUST-10579,Australia,Oceania,Melbourne,Outdoor,Agravic,Unisex,38,Wholesale,Consumer,Credit Card,Sports Event,1.0,235.46,15.0,200.14,164.51,35.63,4,No,Completed,28,3,88,75898.03,2598.23
ORD-100761,1970-01-01 05:00:45.731,CUST-10443,Australia,Oceania,Sydney,Football,X Crazyfast,Male,43,Marketplace,Premium Consumer,Bank Transfer,Sports Event,1.0,113.69,10.0,102.32,80.62,21.7,4,No,Cancelled,25,2,676,54303.93,2423.09
ORD-100762,1970-01-01 05:00:45.469,CUST-10594,Australia,Oceania,Melbourne,Outdoor,Five Ten,Male,42,Retail Store,Consumer,Bank Transfer,Black Friday,1.0,125.94,10.0,113.35,89.69,23.66,3,No,Pending,60,3,908,95694.82,520.24
ORD-100763,1970-01-01 05:00:44.938,CUST-10306,India,South Asia,Chennai,Training,Dropset,Male,36,Retail Store,Business,Digital Wallet,Eid Campaign,1.0,149.25,15.0,126.86,82.11,44.75,3,No,Completed,21,1,325,63928.79,3994.96
ORD-100764,1970-01-01 05:00:45.547,CUST-10182,Usa,North America,Chicago,Outdoor,Five Ten,Unisex,43,Marketplace,Consumer,Debit Card,Summer Sale,2.0,137.97,8.41,275.94,182.89,93.05,5,No,Completed,25,2,285,15593.41,1489.59
ORD-100765,1970-01-01 05:00:44.959,CUST-10742,Pakistan,South Asia,Karachi,Football,Predator,Male,38,Mobile App,Business,Debit Card,No Campaign,1.0,81.63,50.0,40.82,37.67,3.15,2,No,Completed,53,2,214,38621.79124349873,3264.19
ORD-100766,1970-01-01 05:00:45.103,CUST-10464,Saudi Arabia,Middle East,Jeddah,Training,Powerlift,Female,40,Mobile App,Premium Consumer,Credit Card,No Campaign,1.0,42.33,15.0,35.98,22.57,13.41,1,No,Completed,33,4,995,6253.31,597.29
ORD-100767,1970-01-01 05:00:45.920,CUST-10406,Uae,Middle East,Abu Dhabi,Football,F50,Male,44,Wholesale,Consumer,Debit Card,No Campaign,1.0,98.36,15.0,83.61,46.94,36.67,3,No,Completed,37,14,847,74670.24,4317.45
ORD-100768,1970-01-01 05:00:44.943,CUST-10453,Usa,North America,New York,Running,Solarboost,Unisex,43,Mobile App,Premium Consumer,Bank Transfer,New Year Sale,1.0,109.18,15.0,92.8,60.87,31.93,4,No,Completed,49,5,71,50432.24,3722.45
ORD-100769,1970-01-01 05:00:45.745,CUST-10721,Uk,Europe,Manchester,Running,Duramo,Unisex,44,Retail Store,Business,Credit Card,New Year Sale,3.0,71.58,0.0,214.74,143.43,71.31,1,No,Completed,58,2,207,37280.51,2003.27
ORD-100770,1970-01-01 05:00:45.057,CUST-10787,Pakistan,South Asia,Islamabad,Training,Everyday,Unisex,43,Mobile App,Consumer,Digital Wallet,New Year Sale,1.0,131.01,5.0,124.46,64.48,59.98,5,No,Completed,31,5,138,96870.66,3184.5
ORD-100771,1970-01-01 05:00:44.969,CUST-10546,Germany,Europe,Berlin,Training,Rapidmove,Female,42,Mobile App,Premium Consumer,Digital Wallet,Summer Sale,2.0,92.83,10.0,167.09,103.37,63.72,3,No,Completed,34,4,757,94089.55,1018.52
ORD-100772,1970-01-01 05:00:45.886,CUST-10767,Saudi Arabia,Middle East,Riyadh,Lifestyle,Campus,Female,43,Mobile App,Business,Cash on Delivery,Eid Campaign,1.0,107.07,15.0,91.01,56.69,34.32,4,No,Completed,26,4,378,95306.78,4928.57
ORD-100773,1970-01-01 05:00:45.505,CUST-10231,Uae,Middle East,Sharjah,Lifestyle,Gazelle,Unisex,38,Mobile App,Consumer,Debit Card,Summer Sale,1.0,97.02,15.0,82.47,59.9,22.57,3,No,Completed,56,2,640,22486.54,4000.93
ORD-100774,1970-01-01 05:00:45.133,CUST-10596,Uae,Middle East,Abu Dhabi,Lifestyle,Superstar,Female,44,Retail Store,Consumer,Bank Transfer,No Campaign,1.0,119.34,3.27,119.34,81.67,37.67,3,No,Completed,44,3,981,72992.67,3965.81
ORD-100775,1970-01-01 05:00:45.658,CUST-10435,Pakistan,South Asia,Rawalpindi,Basketball,Dame,Male,45,Online Store,Consumer,Cash on Delivery,Eid Campaign,1.0,80.65,0.0,80.65,52.61,28.04,3,Yes,Returned,40,4,401,94565.52,851.56
ORD-100776,1970-01-01 05:00:45.174,CUST-10684,India,South Asia,Kolkata,Lifestyle,Gazelle,Male,44,Marketplace,Premium Consumer,Cash on Delivery,No Campaign,2.0,127.02,0.0,254.04,158.96,95.08,4,No,Completed,25,3,611,57301.59,186.89
ORD-100777,1970-01-01 05:00:45.030,CUST-10082,Uk,Europe,Manchester,Football,Predator,Female,38,Online Store,Business,Bank Transfer,No Campaign,1.0,141.88,5.0,134.79,95.82,38.97,4,No,Completed,35,2,522,21808.95,2968.32
ORD-100778,1970-01-01 05:00:45.269,CUST-10833,Pakistan,South Asia,Lahore,Lifestyle,Samba,Male,42,Retail Store,Business,Cash on Delivery,Sports Event,1.0,87.01,10.0,78.31,38.42,39.89,5,No,Completed,38,3,339,81872.34,806.19
ORD-100779,1970-01-01 05:00:45.130,CUST-10320,Australia,Oceania,Sydney,Lifestyle,Superstar,Unisex,42,Marketplace,Consumer,Credit Card,Summer Sale,1.0,114.67,20.0,91.74,48.95,42.79,3,No,Completed,43,2,905,88051.87,3924.12
ORD-100780,1970-01-01 05:00:45.429,CUST-10627,Australia,Oceania,Melbourne,Training,Dropset,Female,44,Wholesale,Consumer,Credit Card,Black Friday,2.0,74.12,10.0,133.42,105.75,27.67,2,No,Completed,59,4,175,70471.92,2138.77
ORD-100781,1970-01-01 05:00:45.665,CUST-10598,Germany,Europe,Hamburg,Outdoor,Five Ten,Unisex,42,Retail Store,Business,Digital Wallet,Summer Sale,1.0,193.43,50.0,96.72,121.52,-24.8,3,No,Completed,28,7,828,56876.28282391181,1759.11
ORD-100782,1970-01-01 05:00:45.765,CUST-10285,Uae,Middle East,Abu Dhabi,Training,Rapidmove,Male,42,Online Store,Premium Consumer,Debit Card,No Campaign,1.0,130.3,0.0,130.3,62.59,67.71,5,No,Completed,23,5,905,19474.04,460.88
ORD-100783,1970-01-01 05:00:45.571,CUST-10791,India,South Asia,Chennai,Running,Solarboost,Male,43,Online Store,Premium Consumer,Credit Card,Sports Event,1.0,177.02,5.0,168.17,122.51,45.66,3,No,Cancelled,36,5,356,62614.85,4980.72
ORD-100784,1970-01-01 05:00:45.991,CUST-10755,Uae,Middle East,Abu Dhabi,Lifestyle,Samba,Female,43,Wholesale,Premium Consumer,Cash on Delivery,Black Friday,1.0,77.92,20.0,62.34,55.45,6.89,2,No,Completed,38,5,377,48538.65,4784.45
ORD-100785,1970-01-01 05:00:45.754,CUST-10296,Pakistan,South Asia,Faisalabad,Basketball,Harden,Unisex,42,Wholesale,Business,Bank Transfer,Sports Event,1.0,100.03,50.0,50.02,65.0,-14.98,4,No,Completed,47,1,315,52341.53643382012,744.82
ORD-100786,1970-01-01 05:00:45.755,CUST-10536,Australia,Oceania,Sydney,Outdoor,Agravic,Female,38,Online Store,Business,Cash on Delivery,Eid Campaign,1.0,163.65,10.0,147.28,76.0,71.28,4,No,Completed,20,2,881,11614.12,1730.78
ORD-100787,1970-01-01 05:00:45.364,CUST-10611,Uae,Middle East,Dubai,Lifestyle,Campus,Unisex,45,Marketplace,Business,Cash on Delivery,Sports Event,1.0,115.94,15.0,98.55,60.59,37.96,4,No,Completed,55,3,661,14023.4,2014.86
ORD-100788,1970-01-01 05:00:45.456,CUST-10802,Uae,Middle East,Dubai,Running,Ultraboost,Female,43,Wholesale,Consumer,Credit Card,Black Friday,2.0,88.68,15.0,150.76,73.95,76.81,3,No,Completed,27,2,74,36607.51,1554.33
ORD-100789,1970-01-01 05:00:45.180,CUST-10225,Uk,Europe,London,Outdoor,Agravic,Unisex,38,Mobile App,Premium Consumer,Bank Transfer,Sports Event,1.0,227.62,20.0,182.1,155.61,26.49,4,No,Completed,27,5,98,26246.65,4678.9
ORD-100790,1970-01-01 05:00:45.410,CUST-10042,Pakistan,South Asia,Rawalpindi,Training,Everyday,Unisex,45,Wholesale,Consumer,Cash on Delivery,Black Friday,1.0,71.55,5.0,67.97,43.39,24.58,4,No,Completed,35,1,264,62124.19,3634.57
ORD-100791,1970-01-01 05:00:45.700,CUST-10358,Uk,Europe,Birmingham,Outdoor,Ridgewalker,Unisex,42,Online Store,Premium Consumer,Bank Transfer,New Year Sale,1.0,112.9,10.0,101.61,58.99,42.62,3,No,Completed,55,3,910,37070.28,4783.99
ORD-100792,1970-01-01 05:00:45.127,CUST-10668,Saudi Arabia,Middle East,Riyadh,Basketball,Own The Game,Unisex,43,Mobile App,Consumer,Credit Card,No Campaign,1.0,95.15,5.0,90.39,47.09,43.3,5,No,Completed,51,3,754,68555.09,4385.08
ORD-100793,1970-01-01 05:00:45.366,CUST-10472,Usa,North America,Houston,Football,F50,Male,42,Wholesale,Premium Consumer,Bank Transfer,New Year Sale,1.0,100.53,15.0,85.45,51.27,34.18,3,No,Completed,63,4,82,76995.44,3797.25
ORD-100794,1970-01-01 05:00:45.794,CUST-10648,Usa,North America,Houston,Basketball,Own The Game,Unisex,44,Mobile App,Consumer,Debit Card,New Year Sale,1.0,174.3,10.0,156.87,83.76,73.11,4,Yes,Returned,30,4,804,19123.17,3515.14
ORD-100795,1970-01-01 05:00:45.191,CUST-10184,Uae,Middle East,Sharjah,Training,Rapidmove,Male,45,Online Store,Business,Debit Card,Eid Campaign,1.0,116.56,0.0,0.0,48.57,67.99,4,No,Completed,36,7,581,92022.47,4344.2
ORD-100796,1970-01-01 05:00:45.683,CUST-10887,Australia,Oceania,Sydney,Running,Adizero,Unisex,43,Online Store,Consumer,Cash on Delivery,New Year Sale,1.0,139.27,15.0,118.38,66.95,51.43,4,No,Completed,25,3,227,78822.4,3452.33
ORD-100797,1970-01-01 05:00:45.168,CUST-10058,Uk,Europe,Manchester,Running,Adizero,Female,42,Marketplace,Premium Consumer,Digital Wallet,No Campaign,2.0,164.14,15.0,279.04,148.81,130.23,4,No,Completed,21,4,683,62864.69,1024.73
ORD-100798,1970-01-01 05:00:45.026,CUST-10072,Uae,Middle East,Abu Dhabi,Football,F50,Female,42,Retail Store,Business,Digital Wallet,No Campaign,1.0,91.34,15.0,77.64,44.53,33.11,3,No,Completed,32,1,964,90938.42,3275.82
ORD-100799,1970-01-01 05:00:45.065,CUST-10898,India,South Asia,Delhi,Lifestyle,Campus,Female,44,Wholesale,Premium Consumer,Bank Transfer,Eid Campaign,1.0,127.65,15.0,108.5,86.74,21.76,4,No,Completed,29,1,130,26953.94,2623.51
ORD-100800,1970-01-01 05:00:45.198,CUST-10315,Germany,Europe,Berlin,Training,Rapidmove,Unisex,44,Mobile App,Business,Digital Wallet,Summer Sale,1.0,133.88,20.0,107.1,67.94,39.16,3,No,Completed,42,1,9,42460.46,4911.28
ORD-100801,1970-01-01 05:00:45.720,CUST-10598,Germany,Europe,Berlin,Running,Duramo,Female,42,Wholesale,Consumer,Digital Wallet,Sports Event,2.0,79.96,10.0,143.93,74.78,69.15,4,No,Completed,44,3,972,9035.8,2598.83
ORD-100802,1970-01-01 05:00:45.266,CUST-10392,Uk,Europe,Birmingham,Outdoor,Terrex,Male,44,Wholesale,Business,Credit Card,Sports Event,1.0,136.87,0.0,136.87,63.09,73.78,5,No,Pending,32,4,899,45890.09,288.43
ORD-100803,1970-01-01 05:00:45.995,CUST-10542,India,South Asia,Mumbai,Football,Predator,Female,38,Online Store,Consumer,Bank Transfer,Summer Sale,1.0,82.7,5.0,78.56,44.97,33.59,3,No,Completed,50,1,567,50886.87,1394.53
ORD-100804,1970-01-01 05:00:45.429,CUST-10697,Pakistan,South Asia,Rawalpindi,Basketball,Harden,Female,38,Wholesale,Business,Cash on Delivery,Eid Campaign,1.0,141.34,0.0,141.34,96.24,45.1,4,No,Completed,26,3,935,61798.66,4595.17
ORD-100805,1970-01-01 05:00:45.623,CUST-10892,Pakistan,South Asia,Faisalabad,Training,Dropset,Male,43,Online Store,Business,Cash on Delivery,No Campaign,2.0,50.02,4.41,100.04,61.19,38.85,5,No,Completed,48,1,544,64226.969121293325,4815.55
ORD-100806,1970-01-01 05:00:45.130,CUST-10344,Uk,Europe,Birmingham,Running,Ultraboost,Male,38,Retail Store,Consumer,Cash on Delivery,No Campaign,2.0,182.25,5.0,346.28,205.44,140.84,5,No,Completed,52,4,243,3730.37,3669.64
ORD-100807,1970-01-01 05:00:45.273,CUST-10100,Uae,Middle East,Dubai,Basketball,Own The Game,Unisex,42,Retail Store,Consumer,Credit Card,Black Friday,1.0,168.33,10.0,151.5,78.55,72.95,4,No,Completed,33,4,225,42279.07,378.63
ORD-100808,1970-01-01 05:00:45.218,CUST-10849,Usa,North America,Houston,Running,Solarboost,Male,44,Mobile App,Consumer,Credit Card,Summer Sale,1.0,124.6,10.0,112.14,85.5,26.64,4,No,Completed,39,5,227,19318.76,215.35
ORD-100809,1970-01-01 05:00:45.936,CUST-10025,Saudi Arabia,Middle East,Dammam,Lifestyle,Gazelle,Unisex,43,Online Store,Premium Consumer,Credit Card,Black Friday,2.0,140.96,10.0,253.73,147.26,106.47,5,No,Completed,43,4,244,75999.44,2450.02
ORD-100810,1970-01-01 05:00:45.061,CUST-10860,Australia,Oceania,Melbourne,Lifestyle,Superstar,Male,43,Retail Store,Consumer,Cash on Delivery,New Year Sale,2.0,96.5,5.0,183.35,81.51,101.84,4,No,Completed,34,4,928,67039.26,4998.39
ORD-100811,1970-01-01 05:00:45.550,CUST-10341,India,South Asia,Kolkata,Football,X Crazyfast,Female,44,Online Store,Business,Bank Transfer,Summer Sale,1.0,150.33,11.81,135.3,106.04,29.26,3,No,Completed,51,3,443,32919.78,4359.55
ORD-100812,1970-01-01 05:00:45.429,CUST-10411,Uae,Middle East,Sharjah,Basketball,Harden,Female,45,Mobile App,Consumer,Credit Card,No Campaign,1.0,89.2,0.0,89.2,60.88,28.32,5,No,Completed,50,4,916,5055.43,4672.23
ORD-100813,1970-01-01 05:00:44.928,CUST-10858,Uk,Europe,London,Outdoor,Ridgewalker,Female,44,Wholesale,Premium Consumer,Digital Wallet,Black Friday,1.0,180.17,15.0,153.14,103.09,50.05,5,No,Completed,58,5,614,18653.14,3155.35
ORD-100814,1970-01-01 05:00:45.020,CUST-10634,Saudi Arabia,Middle East,Riyadh,Lifestyle,Campus,Male,45,Wholesale,Consumer,Cash on Delivery,No Campaign,2.0,71.5,0.0,143.0,88.26,54.74,3,No,Cancelled,41,4,708,69322.09,4309.71
ORD-100815,1970-01-01 05:00:45.213,CUST-10650,Usa,North America,Chicago,Outdoor,Terrex,Female,42,Wholesale,Business,Cash on Delivery,Sports Event,1.0,224.9,15.0,191.16,133.9,57.26,4,No,Completed,34,7,886,99021.41,1666.52
ORD-100816,1970-01-01 05:00:45.854,CUST-10041,Germany,Europe,Munich,Outdoor,Agravic,Male,42,Marketplace,Consumer,Digital Wallet,New Year Sale,1.0,178.53,20.0,142.82,120.99,21.83,4,Yes,Returned,27,14,812,32982.81,234.08
ORD-100817,1970-01-01 05:00:44.931,CUST-10658,Germany,Europe,Hamburg,Running,Adizero,Female,36,Online Store,Business,Debit Card,Eid Campaign,1.0,167.7,15.0,142.54,69.65,72.89,4,No,Completed,24,5,824,80298.63,4599.43
ORD-100818,1970-01-01 05:00:45.085,CUST-10531,Australia,Oceania,Brisbane,Training,Dropset,Male,38,Online Store,Premium Consumer,Digital Wallet,New Year Sale,1.0,149.96,0.0,149.96,102.63,47.33,4,No,Completed,30,14,460,86776.1,1170.31
ORD-100819,1970-01-01 05:00:44.944,CUST-10328,Germany,Europe,Berlin,Training,Powerlift,Female,42,Retail Store,Premium Consumer,Credit Card,Summer Sale,1.0,74.93,15.0,63.69,35.54,28.15,3,No,Completed,22,4,935,64052.591028162475,3669.58
ORD-100820,1970-01-01 05:00:45.319,CUST-10246,Pakistan,South Asia,Rawalpindi,Basketball,Dame,Unisex,44,Retail Store,Consumer,Digital Wallet,No Campaign,1.0,140.57,15.0,119.48,74.71,44.77,4,No,Completed,51,2,720,91664.05,3328.94
ORD-100821,1970-01-01 05:00:45.355,CUST-10116,Pakistan,South Asia,Lahore,Basketball,Own The Game,Male,43,Online Store,Premium Consumer,Bank Transfer,New Year Sale,1.0,124.73,5.0,118.49,60.05,58.44,5,No,Completed,25,5,381,46887.17,875.0
ORD-100822,1970-01-01 05:00:45.286,CUST-10126,Australia,Oceania,Sydney,Football,X Crazyfast,Unisex,38,Online Store,Consumer,Cash on Delivery,New Year Sale,1.0,67.51,12.73,60.76,34.41,26.35,3,No,Pending,38,5,191,96442.1,1059.32
ORD-100823,1970-01-01 05:00:45.319,CUST-10708,Saudi Arabia,Middle East,Dammam,Lifestyle,Campus,Male,45,Wholesale,Premium Consumer,Bank Transfer,Eid Campaign,1.0,112.36,15.0,95.51,46.33,49.18,4,No,Completed,47,2,638,54086.3,1712.46
ORD-100824,1970-01-01 05:00:45.588,CUST-10885,Pakistan,South Asia,Faisalabad,Training,Dropset,Female,44,Online Store,Business,Bank Transfer,No Campaign,1.0,147.7,20.0,118.16,64.02,54.14,4,No,Completed,49,1,521,23896.78,3808.96
ORD-100825,1970-01-01 05:00:45.386,CUST-10305,Australia,Oceania,Sydney,Basketball,D.O.N. Issue,Female,43,Wholesale,Premium Consumer,Cash on Delivery,No Campaign,1.0,115.24,20.0,92.19,53.33,38.86,3,No,Completed,35,3,841,46382.541769571086,292.3
ORD-100826,1970-01-01 05:00:45.094,CUST-10147,Usa,North America,New York,Football,Copa,Unisex,38,Mobile App,Consumer,Debit Card,Summer Sale,1.0,86.51,0.0,86.51,60.41,26.1,3,No,Completed,41,3,577,24708.84,2094.64
ORD-100827,1970-01-01 05:00:45.055,CUST-10329,Uae,Middle East,Sharjah,Basketball,Dame,Male,38,Online Store,Premium Consumer,Digital Wallet,No Campaign,1.0,88.13,15.0,74.91,59.02,15.89,4,No,Completed,35,4,869,88306.58,3359.05
ORD-100828,1970-01-01 05:00:45.147,CUST-10330,Germany,Europe,Munich,Basketball,Harden,Male,42,Online Store,Premium Consumer,Bank Transfer,Summer Sale,99.0,130.65,7.01,117.58,72.07,45.51,4,No,Completed,30,4,852,17726.29,940.21
ORD-100829,1970-01-01 05:00:45.122,CUST-10747,India,South Asia,Chennai,Lifestyle,Superstar,Unisex,38,Online Store,Consumer,Credit Card,Eid Campaign,1.0,61.7,15.0,52.44,30.11,22.33,5,No,Completed,30,3,960,67639.37,685.14
ORD-100830,1970-01-01 05:00:45.188,CUST-10219,Germany,Europe,Berlin,Outdoor,Terrex,Female,36,Marketplace,Business,Digital Wallet,No Campaign,1.0,85.44,5.0,81.17,50.16,31.01,4,No,Completed,59,4,157,41423.52,2012.04
ORD-100831,1970-01-01 05:00:45.033,CUST-10411,India,South Asia,Bangalore,Outdoor,Terrex,Female,43,Online Store,Business,Digital Wallet,Summer Sale,1.0,241.36,20.0,193.09,123.7,69.39,5,No,Completed,49,3,255,97215.81,1504.14
ORD-100832,1970-01-01 05:00:45.877,CUST-10573,Pakistan,South Asia,Faisalabad,Training,Rapidmove,Male,38,Marketplace,Business,Credit Card,Eid Campaign,1.0,84.39,20.0,67.51,42.26,25.25,4,No,Completed,47,1,849,18884.88,3280.57
ORD-100833,1970-01-01 05:00:45.148,CUST-10307,Germany,Europe,Berlin,Lifestyle,Gazelle,Male,38,Wholesale,Consumer,Bank Transfer,Summer Sale,1.0,92.98,0.0,92.98,57.08,35.9,3,No,Cancelled,53,6,546,41175.07,4850.89
ORD-100834,1970-01-01 05:00:45.912,CUST-10772,Uk,Europe,Birmingham,Basketball,Own The Game,Unisex,44,Retail Store,Consumer,Debit Card,No Campaign,1.0,131.06,0.0,131.06,54.01,77.05,2,No,Completed,44,3,505,64157.74,121.9
ORD-100835,1970-01-01 05:00:45.819,CUST-10190,Pakistan,South Asia,Rawalpindi,Football,Copa,Unisex,42,Marketplace,Business,Bank Transfer,Summer Sale,1.0,127.53,20.0,102.02,75.01,27.01,5,No,Completed,48,3,820,39685.41764845374,4521.66
ORD-100836,1970-01-01 05:00:45.629,CUST-10540,Uae,Middle East,Abu Dhabi,Training,Everyday,Female,36,Wholesale,Business,Debit Card,No Campaign,1.0,149.3,20.0,119.44,78.6,40.84,4,No,Completed,49,4,166,30734.38,2222.79
ORD-100837,1970-01-01 05:00:45.791,CUST-10683,Saudi Arabia,Middle East,Jeddah,Lifestyle,Samba,Male,42,Retail Store,Consumer,Cash on Delivery,Summer Sale,2.0,57.88,0.0,115.76,77.51,38.25,4,No,Completed,18,3,879,39988.67,3353.64
ORD-100838,1970-01-01 05:00:45.605,CUST-10119,Australia,Oceania,Brisbane,Outdoor,Five Ten,Unisex,42,Wholesale,Premium Consumer,Digital Wallet,Black Friday,1.0,123.29,30.0,86.3,79.9,6.4,4,No,Cancelled,58,3,21,46448.3,4270.03
ORD-100839,1970-01-01 05:00:45.013,CUST-10675,Uae,Middle East,Abu Dhabi,Running,Duramo,Male,36,Retail Store,Business,Debit Card,Eid Campaign,1.0,176.95,0.0,176.95,107.85,69.1,5,No,Completed,50,3,66,25643.7,2909.95
ORD-100840,1970-01-01 05:00:45.605,CUST-10218,Saudi Arabia,Middle East,Dammam,Football,F50,Female,42,Mobile App,Consumer,Credit Card,Black Friday,2.0,143.29,0.0,286.58,122.98,163.6,2,No,Completed,49,2,709,81826.79,576.83
ORD-100841,1970-01-01 05:00:44.988,CUST-10695,Pakistan,South Asia,Rawalpindi,Running,Solarboost,Male,40,Marketplace,Premium Consumer,Debit Card,Sports Event,1.0,214.9,15.0,182.66,100.88,81.78,2,No,Completed,39,1,611,9653.56,788.92
ORD-100842,1970-01-01 05:00:45.334,CUST-10499,Germany,Europe,Berlin,Running,Ultraboost,Female,40,Retail Store,Premium Consumer,Debit Card,Black Friday,1.0,136.0,15.0,115.6,86.36,29.24,4,No,Completed,63,10,847,70626.6,3967.47
ORD-100843,1970-01-01 05:00:44.971,CUST-10352,Saudi Arabia,Middle East,Riyadh,Football,X Crazyfast,Female,38,Online Store,Business,Debit Card,Eid Campaign,2.0,178.61,15.0,303.64,154.78,148.86,5,No,Completed,33,4,706,53625.93,1222.58
ORD-100844,1970-01-01 05:00:45.551,CUST-10532,India,South Asia,Chennai,Basketball,Harden,Male,42,Marketplace,Business,Debit Card,New Year Sale,1.0,110.81,30.0,77.57,78.01,-0.44,4,No,Completed,38,2,611,24571.73,2888.28
ORD-100845,1970-01-01 05:00:45.169,CUST-10729,Usa,North America,Los Angeles,Outdoor,Terrex,Male,42,Retail Store,Business,Digital Wallet,Sports Event,2.0,227.24,15.0,386.31,319.8,66.51,3,No,Completed,48,4,586,49536.63,2197.59
ORD-100846,1970-01-01 05:00:45.427,CUST-10286,Germany,Europe,Berlin,Basketball,Own The Game,Unisex,42,Wholesale,Premium Consumer,Debit Card,Black Friday,1.0,74.59,15.0,63.4,33.35,30.05,3,Yes,Returned,24,2,887,83079.93,1587.83
ORD-100847,1970-01-01 05:00:45.185,CUST-10854,Saudi Arabia,Middle East,Dammam,Running,Solarboost,Unisex,44,Retail Store,Business,Credit Card,Eid Campaign,2.0,94.3,9.13,160.31,78.31,82.0,5,Yes,Returned,32,3,16,44821.44,3956.14
ORD-100848,1970-01-01 05:00:45.969,CUST-10493,India,South Asia,Bangalore,Football,F50,Female,45,Mobile App,Consumer,Cash on Delivery,Sports Event,2.0,114.81,15.0,195.18,122.48,72.7,4,No,Completed,59,5,658,12628.83,3682.96
ORD-100849,1970-01-01 05:00:45.940,CUST-10669,Germany,Europe,Munich,Lifestyle,Superstar,Female,43,Wholesale,Business,Credit Card,Summer Sale,1.0,85.79,15.0,72.92,49.94,22.98,3,No,Completed,39,6,761,4559.8,3265.93
ORD-100850,1970-01-01 05:00:45.407,CUST-10411,Saudi Arabia,Middle East,Jeddah,Football,F50,Male,44,Mobile App,Premium Consumer,Bank Transfer,Summer Sale,1.0,158.47,10.0,142.62,100.89,41.73,5,No,Completed,30,4,254,77890.73,1926.09
ORD-100851,1970-01-01 05:00:45.202,CUST-10436,Germany,Europe,Berlin,Basketball,D.O.N. Issue,Female,44,Wholesale,Premium Consumer,Debit Card,New Year Sale,2.0,60.97,30.0,85.36,87.72,-2.36,3,Yes,Returned,40,7,187,33378.1,1209.7
ORD-100852,1970-01-01 05:00:45.799,CUST-10199,Pakistan,South Asia,Faisalabad,Training,Everyday,Female,43,Mobile App,Premium Consumer,Digital Wallet,No Campaign,1.0,142.5,0.0,142.5,79.51,62.99,5,No,Completed,36,6,327,93158.85,2627.89
ORD-100853,1970-01-01 05:00:45.294,CUST-10261,Uk,Europe,Manchester,Training,Dropset,Male,44,Online Store,Premium Consumer,Credit Card,Black Friday,1.0,112.34,0.0,112.34,61.52,50.82,4,No,Completed,20,4,379,61906.14,4103.81
ORD-100854,1970-01-01 05:00:45.128,CUST-10720,India,South Asia,Delhi,Basketball,Harden,Male,38,Online Store,Business,Debit Card,Black Friday,1.0,140.2,5.0,133.19,71.63,61.56,4,No,Pending,56,6,973,43910.25,2920.76
ORD-100855,1970-01-01 05:00:45.439,CUST-10154,Saudi Arabia,Middle East,Jeddah,Outdoor,Agravic,Unisex,44,Retail Store,Business,Bank Transfer,Summer Sale,1.0,126.42,5.0,120.1,75.34,44.76,4,No,Cancelled,30,2,345,56664.26,4853.68
ORD-100856,1970-01-01 05:00:45.504,CUST-10241,Uk,Europe,Manchester,Running,Solarboost,Female,43,Wholesale,Business,Credit Card,Eid Campaign,1.0,209.9,0.0,209.9,104.11,105.79,4,No,Completed,63,4,239,28074.41253050833,175.64
ORD-100857,1970-01-01 05:00:45.391,CUST-10884,Uae,Middle East,Sharjah,Training,Powerlift,Unisex,42,Mobile App,Consumer,Bank Transfer,New Year Sale,1.0,64.45,6.28,64.45,38.42,26.03,3,No,Completed,60,5,472,90628.2,4991.9
ORD-100858,1970-01-01 05:00:45.624,CUST-10600,Australia,Oceania,Sydney,Outdoor,Five Ten,Female,42,Mobile App,Business,Digital Wallet,Summer Sale,2.0,139.1,11.71,278.2,114.74,163.46,5,No,Completed,59,2,306,46073.18,3487.9
ORD-100859,1970-01-01 05:00:45.694,CUST-10858,Australia,Oceania,Sydney,Training,Dropset,Unisex,40,Marketplace,Business,Credit Card,Eid Campaign,2.0,121.04,0.0,242.08,161.77,80.31,5,No,Completed,34,3,175,10854.42,4180.1
ORD-100860,1970-01-01 05:00:45.785,CUST-10111,Germany,Europe,Munich,Basketball,Harden,Unisex,43,Wholesale,Premium Consumer,Cash on Delivery,New Year Sale,2.0,142.14,0.0,284.28,183.41,100.87,2,No,Completed,46,3,312,59910.26,1741.27
ORD-100861,1970-01-01 05:00:45.211,CUST-10690,Pakistan,South Asia,Karachi,Lifestyle,Samba,Female,43,Mobile App,Consumer,Digital Wallet,No Campaign,2.0,114.93,30.0,160.9,154.52,6.38,4,No,Completed,18,5,905,62486.61,2590.87
ORD-100862,1970-01-01 05:00:45.149,CUST-10102,Usa,North America,Chicago,Football,F50,Unisex,38,Marketplace,Consumer,Debit Card,No Campaign,1.0,159.52,10.0,143.57,97.17,46.4,1,No,Completed,64,2,543,54895.221727172626,4005.25
ORD-100863,1970-01-01 05:00:44.981,CUST-10805,Uae,Middle East,Dubai,Running,Duramo,Male,38,Mobile App,Premium Consumer,Debit Card,Summer Sale,1.0,75.58,0.0,75.58,43.73,31.85,4,No,Completed,27,3,334,93361.77,3827.18
ORD-100864,1970-01-01 05:00:45.858,CUST-10564,Uk,Europe,London,Outdoor,Terrex,Female,45,Online Store,Consumer,Cash on Delivery,Eid Campaign,2.0,118.73,0.0,237.46,127.31,110.15,5,No,Completed,18,3,378,44586.63,1736.77
ORD-100865,1970-01-01 05:00:45.191,CUST-10130,Usa,North America,Houston,Football,Predator,Female,38,Mobile App,Consumer,Debit Card,Summer Sale,1.0,156.28,15.0,132.84,93.12,39.72,5,No,Completed,40,4,633,35531.62,1689.61
ORD-100866,1970-01-01 05:00:45.252,CUST-10445,Uk,Europe,Birmingham,Training,Rapidmove,Unisex,44,Wholesale,Consumer,Bank Transfer,Sports Event,1.0,136.93,10.0,123.24,63.18,60.06,4,No,Completed,43,3,835,49331.72,3347.77
ORD-100867,1970-01-01 05:00:44.942,CUST-10307,Australia,Oceania,Sydney,Basketball,Harden,Female,38,Mobile App,Business,Debit Card,New Year Sale,1.0,109.91,15.0,93.42,62.61,30.81,5,No,Cancelled,23,4,539,90069.79,4674.93
ORD-100868,1970-01-01 05:00:45.869,CUST-10846,Germany,Europe,Munich,Lifestyle,Superstar,Male,36,Online Store,Premium Consumer,Digital Wallet,Black Friday,2.0,102.28,15.0,173.88,145.94,27.94,4,No,Completed,50,14,899,98008.25,2250.05
ORD-100869,1970-01-01 05:00:45.777,CUST-10433,Uk,Europe,London,Training,Powerlift,Male,43,Mobile App,Premium Consumer,Debit Card,Sports Event,1.0,72.93,10.0,65.64,45.63,20.01,4,No,Completed,46,1,700,97137.88,1829.41
ORD-100870,1970-01-01 05:00:45.417,CUST-10543,India,South Asia,Mumbai,Training,Dropset,Female,45,Marketplace,Business,Credit Card,Sports Event,1.0,111.29,10.0,100.16,64.49,35.67,3,No,Completed,26,6,332,23354.7,4483.97
ORD-100871,1970-01-01 05:00:45.175,CUST-10759,Saudi Arabia,Middle East,Jeddah,Training,Rapidmove,Male,38,Wholesale,Premium Consumer,Digital Wallet,Eid Campaign,1.0,110.95,20.0,88.76,49.86,38.9,5,No,Completed,62,3,139,49941.09,3446.97
ORD-100872,1970-01-01 05:00:45.963,CUST-10339,Uae,Middle East,Dubai,Basketball,Harden,Male,36,Online Store,Business,Digital Wallet,Eid Campaign,3.0,73.82,6.61,199.31,151.6,47.71,5,No,Completed,46,3,782,26317.67,2002.55
ORD-100873,1970-01-01 05:00:45.325,CUST-10371,Germany,Europe,Munich,Outdoor,Five Ten,Male,36,Marketplace,Consumer,Debit Card,Black Friday,1.0,244.07,10.0,219.66,106.35,113.31,4,No,Pending,32,5,284,37114.29,380.65
ORD-100874,1970-01-01 05:00:45.066,CUST-10379,Australia,Oceania,Sydney,Training,Rapidmove,Unisex,42,Mobile App,Consumer,Digital Wallet,Black Friday,1.0,57.64,0.0,57.64,34.09,23.55,5,No,Completed,20,7,342,3652.57,3635.3
ORD-100875,1970-01-01 05:00:45.132,CUST-10526,Uae,Middle East,Dubai,Football,Predator,Female,38,Wholesale,Business,Digital Wallet,Summer Sale,1.0,142.21,7.18,142.21,82.84,59.37,5,No,Completed,34,1,268,16479.82,1829.14
ORD-100876,1970-01-01 05:00:45.486,CUST-10185,India,South Asia,Mumbai,Outdoor,Terrex,Female,42,Retail Store,Consumer,Credit Card,Sports Event,3.0,234.06,10.0,631.96,414.37,217.59,3,No,Completed,64,4,805,40009.06,445.77
ORD-100877,1970-01-01 05:00:45.997,CUST-10036,Saudi Arabia,Middle East,Dammam,Training,Dropset,Unisex,38,Mobile App,Business,Cash on Delivery,Eid Campaign,1.0,53.39,15.0,45.38,35.74,9.64,4,No,Completed,37,1,185,42887.15412240707,3100.22
ORD-100878,1970-01-01 05:00:45.026,CUST-10057,Pakistan,South Asia,Faisalabad,Lifestyle,Samba,Male,42,Marketplace,Consumer,Debit Card,No Campaign,1.0,97.52,5.0,92.64,39.13,53.51,4,No,Completed,48,4,109,28243.84,1682.73
ORD-100879,1970-01-01 05:00:44.956,CUST-10350,Pakistan,South Asia,Islamabad,Training,Dropset,Male,38,Retail Store,Consumer,Debit Card,Sports Event,1.0,56.67,12.09,48.17,37.38,10.79,3,No,Cancelled,22,5,766,23415.8,1758.44
ORD-100880,1970-01-01 05:00:45.976,CUST-10809,Uae,Middle East,Dubai,Running,Duramo,Female,42,Wholesale,Business,Debit Card,New Year Sale,1.0,169.57,20.0,135.66,86.07,49.59,4,No,Completed,47,2,34,75021.09,2447.93
ORD-100881,1970-01-01 05:00:45.803,CUST-10148,Saudi Arabia,Middle East,Riyadh,Lifestyle,Superstar,Male,42,Online Store,Premium Consumer,Cash on Delivery,Summer Sale,1.0,138.62,20.0,110.9,71.04,39.86,3,Yes,Returned,52,5,935,29807.7,3615.63
ORD-100882,1970-01-01 05:00:44.951,CUST-10419,Pakistan,South Asia,Faisalabad,Training,Everyday,Male,44,Retail Store,Consumer,Cash on Delivery,No Campaign,2.0,42.75,0.0,85.5,59.31,26.19,3,No,Completed,41,3,843,70801.09,1454.02
ORD-100883,1970-01-01 05:00:45.374,CUST-10380,Germany,Europe,Munich,Running,Ultraboost,Female,38,Online Store,Business,Bank Transfer,New Year Sale,1.0,87.33,28.83,61.13,60.38,0.75,5,No,Completed,29,4,221,34686.11854411276,496.63
ORD-100884,1970-01-01 05:00:45.591,CUST-10113,Uae,Middle East,Sharjah,Basketball,D.O.N. Issue,Male,43,Retail Store,Premium Consumer,Debit Card,No Campaign,1.0,74.73,20.0,59.78,30.47,29.31,3,No,Completed,27,4,621,80296.93,2179.69
ORD-100885,1970-01-01 05:00:45.065,CUST-10313,Germany,Europe,Munich,Outdoor,Five Ten,Male,44,Mobile App,Business,Debit Card,New Year Sale,1.0,108.65,13.54,97.79,71.76,26.03,4,No,Cancelled,58,4,772,17139.72,369.13
ORD-100886,1970-01-01 05:00:45.181,CUST-10245,Pakistan,South Asia,Islamabad,Football,Predator,Male,43,Retail Store,Business,Credit Card,No Campaign,1.0,89.7,20.0,71.76,57.35,14.41,5,No,Completed,34,1,513,77749.30692377145,3516.62
ORD-100887,1970-01-01 05:00:45.534,CUST-10409,Uae,Middle East,Dubai,Basketball,Own The Game,Male,43,Retail Store,Business,Credit Card,Summer Sale,1.0,166.44,20.0,133.15,72.88,60.27,5,No,Completed,54,2,745,68127.39,4800.29
ORD-100888,1970-01-01 05:00:45.201,CUST-10254,Australia,Oceania,Melbourne,Outdoor,Agravic,Female,36,Wholesale,Premium Consumer,Cash on Delivery,No Campaign,1.0,237.62,30.0,166.33,101.88,64.45,3,No,Completed,40,6,797,91534.07,3327.92
ORD-100889,1970-01-01 05:00:45.628,CUST-10566,Saudi Arabia,Middle East,Riyadh,Outdoor,Agravic,Male,45,Online Store,Business,Debit Card,Sports Event,1.0,225.57,0.0,225.57,140.0,85.57,4,No,Completed,19,7,98,14727.18,1449.41
ORD-100890,1970-01-01 05:00:45.994,CUST-10261,Saudi Arabia,Middle East,Jeddah,Lifestyle,Superstar,Male,44,Online Store,Consumer,Digital Wallet,No Campaign,1.0,104.28,10.0,93.85,55.41,38.44,2,No,Completed,28,4,630,7833.61,990.34
ORD-100891,1970-01-01 05:00:45.345,CUST-10832,Saudi Arabia,Middle East,Riyadh,Running,Adizero,Male,40,Wholesale,Business,Debit Card,Summer Sale,1.0,101.33,15.0,86.13,63.69,22.44,4,No,Completed,55,4,9,93496.4,1240.64
ORD-100892,1970-01-01 05:00:45.564,CUST-10704,India,South Asia,Mumbai,Training,Rapidmove,Male,42,Retail Store,Premium Consumer,Debit Card,New Year Sale,3.0,44.71,11.73,120.72,90.48,30.24,5,No,Completed,33,5,584,12174.03,1185.89
ORD-100893,1970-01-01 05:00:45.845,CUST-10507,Saudi Arabia,Middle East,Dammam,Basketball,Dame,Male,44,Mobile App,Consumer,Cash on Delivery,Eid Campaign,2.0,121.11,0.0,242.22,130.35,111.87,5,No,Completed,34,3,208,25411.51,1637.77
ORD-100894,1970-01-01 05:00:45.830,CUST-10752,Usa,North America,Houston,Football,F50,Unisex,43,Retail Store,Premium Consumer,Credit Card,Eid Campaign,1.0,175.39,0.0,175.39,79.14,96.25,4,No,Completed,37,3,635,92984.67,577.0
ORD-100895,1970-01-01 05:00:45.239,CUST-10864,Usa,North America,Los Angeles,Running,Solarboost,Female,43,Mobile App,Premium Consumer,Digital Wallet,Black Friday,1.0,176.83,10.0,159.15,118.62,40.53,5,No,Completed,61,5,37,80390.33,4489.02
ORD-100896,1970-01-01 05:00:45.074,CUST-10483,Usa,North America,Chicago,Lifestyle,Superstar,Male,44,Retail Store,Consumer,Debit Card,No Campaign,2.0,81.96,15.0,139.33,112.56,26.77,4,No,Completed,52,1,954,34604.4,4437.09
ORD-100897,1970-01-01 05:00:45.933,CUST-10677,Pakistan,South Asia,Faisalabad,Lifestyle,Campus,Female,43,Marketplace,Premium Consumer,Digital Wallet,Black Friday,1.0,76.46,10.0,68.81,36.01,32.8,5,No,Cancelled,44,6,93,95475.51,3114.66
ORD-100898,1970-01-01 05:00:45.181,CUST-10678,India,South Asia,Chennai,Training,Dropset,Unisex,40,Retail Store,Premium Consumer,Cash on Delivery,Sports Event,1.0,77.37,0.0,77.37,42.19,35.18,5,No,Cancelled,47,3,232,57020.83,403.41
ORD-100899,1970-01-01 05:00:45.681,CUST-10083,Germany,Europe,Hamburg,Lifestyle,Superstar,Male,43,Mobile App,Business,Debit Card,No Campaign,1.0,51.35,20.0,41.08,31.56,9.52,5,Yes,Returned,32,3,886,7688.7,4039.6
ORD-100900,1970-01-01 05:00:44.984,CUST-10375,Australia,Oceania,Brisbane,Running,Solarboost,Unisex,40,Marketplace,Business,Digital Wallet,Sports Event,2.0,117.14,10.0,210.85,102.71,108.14,4,No,Completed,42,4,162,70455.15,402.76
ORD-100901,1970-01-01 05:00:45.257,CUST-10868,Uae,Middle East,Dubai,Basketball,Harden,Male,38,Mobile App,Premium Consumer,Bank Transfer,No Campaign,2.0,172.62,0.0,345.24,207.56,137.68,4,No,Completed,57,3,838,53959.1,621.46
ORD-100902,1970-01-01 05:00:45.801,CUST-10160,Saudi Arabia,Middle East,Jeddah,Training,Powerlift,Unisex,44,Wholesale,Business,Digital Wallet,New Year Sale,1.0,70.25,15.0,59.71,28.24,31.47,4,No,Completed,50,4,651,57472.51,1693.95
ORD-100903,1970-01-01 05:00:45.109,CUST-10262,Uk,Europe,London,Outdoor,Five Ten,Unisex,42,Retail Store,Premium Consumer,Debit Card,Sports Event,3.0,90.94,20.0,218.26,130.15,88.11,4,No,Completed,43,4,241,99413.37,2214.2
ORD-100904,1970-01-01 05:00:44.940,CUST-10074,Usa,North America,Los Angeles,Outdoor,Agravic,Female,36,Online Store,Consumer,Digital Wallet,New Year Sale,1.0,249.24,15.0,211.85,117.84,94.01,3,No,Completed,54,3,681,15675.17,1834.06
ORD-100905,1970-01-01 05:00:45.809,CUST-10510,Usa,North America,Houston,Outdoor,Agravic,Male,42,Retail Store,Business,Debit Card,Summer Sale,2.0,223.18,20.0,357.09,211.53,145.56,2,No,Completed,31,4,97,65851.19,909.63
ORD-100906,1970-01-01 05:00:45.849,CUST-10365,Australia,Oceania,Brisbane,Football,Predator,Male,40,Retail Store,Consumer,Debit Card,Summer Sale,1.0,81.03,5.0,76.98,37.22,39.76,5,No,Completed,43,3,944,53721.262700620435,649.44
ORD-100907,1970-01-01 05:00:45.150,CUST-10655,Uk,Europe,Birmingham,Training,Rapidmove,Male,38,Marketplace,Consumer,Digital Wallet,No Campaign,1.0,141.71,5.0,134.62,81.59,53.03,5,No,Completed,63,4,382,27553.37,4311.13
ORD-100908,1970-01-01 05:00:44.987,CUST-10599,Uk,Europe,Birmingham,Running,Solarboost,Male,44,Mobile App,Business,Credit Card,No Campaign,1.0,194.83,30.0,136.38,130.75,5.63,4,No,Completed,61,1,578,69507.71,1879.59
ORD-100909,1970-01-01 05:00:45.012,CUST-10668,Pakistan,South Asia,Lahore,Basketball,D.O.N. Issue,Male,45,Online Store,Premium Consumer,Bank Transfer,New Year Sale,2.0,150.22,15.0,255.37,135.38,119.99,3,No,Cancelled,38,5,288,66987.17,1171.14
ORD-100910,1970-01-01 05:00:45.617,CUST-10124,Uk,Europe,Birmingham,Training,Rapidmove,Female,42,Marketplace,Business,Cash on Delivery,Black Friday,1.0,51.79,5.0,49.2,23.62,25.58,5,No,Completed,32,2,615,56936.21314158749,2486.26
ORD-100911,1970-01-01 05:00:45.702,CUST-10194,Saudi Arabia,Middle East,Dammam,Basketball,Own The Game,Male,42,Marketplace,Consumer,Credit Card,Eid Campaign,3.0,60.56,5.0,172.6,110.71,61.89,2,No,Completed,57,4,140,32692.077464688457,280.43
ORD-100912,1970-01-01 05:00:44.979,CUST-10106,Usa,North America,New York,Outdoor,Ridgewalker,Male,44,Retail Store,Premium Consumer,Digital Wallet,New Year Sale,2.0,135.95,15.94,217.52,182.51,35.01,3,No,Completed,62,5,202,56401.04,3041.38
ORD-100913,1970-01-01 05:00:45.311,CUST-10158,Australia,Oceania,Sydney,Lifestyle,Superstar,Unisex,42,Online Store,Business,Cash on Delivery,No Campaign,1.0,157.17,0.0,157.17,100.54,56.63,4,No,Completed,50,5,487,32894.47,1317.6
ORD-100914,1970-01-01 05:00:45.405,CUST-10205,Germany,Europe,Hamburg,Outdoor,Five Ten,Female,43,Wholesale,Consumer,Cash on Delivery,Eid Campaign,1.0,224.69,10.0,202.22,104.75,97.47,4,No,Completed,20,5,403,53193.25,3031.16
ORD-100915,1970-01-01 05:00:45.715,CUST-10443,Australia,Oceania,Melbourne,Outdoor,Terrex,Unisex,42,Retail Store,Business,Bank Transfer,Sports Event,1.0,188.96,10.0,170.06,129.95,40.11,4,No,Completed,50,3,990,36245.89,3109.21
ORD-100916,1970-01-01 05:00:45.105,CUST-10849,Pakistan,South Asia,Islamabad,Football,F50,Unisex,45,Mobile App,Consumer,Digital Wallet,No Campaign,1.0,124.74,0.0,124.74,76.81,47.93,4,No,Completed,62,10,416,28096.93,4065.2
ORD-100917,1970-01-01 05:00:45.425,CUST-10535,Australia,Oceania,Sydney,Outdoor,Ridgewalker,Male,38,Online Store,Premium Consumer,Credit Card,Summer Sale,1.0,173.14,0.0,173.14,111.6,61.54,4,No,Completed,19,1,801,55381.75,1226.53
ORD-100918,1970-01-01 05:00:45.378,CUST-10394,Germany,Europe,Hamburg,Training,Everyday,Female,44,Online Store,Business,Debit Card,New Year Sale,2.0,67.78,15.0,115.23,68.31,46.92,5,No,Completed,27,3,305,65964.45,2370.98
ORD-100919,1970-01-01 05:00:45.385,CUST-10723,Australia,Oceania,Brisbane,Running,Solarboost,Unisex,38,Marketplace,Premium Consumer,Digital Wallet,Sports Event,2.0,77.47,15.0,131.7,76.32,55.38,5,No,Pending,64,3,945,59261.84,4813.25
ORD-100920,1970-01-01 05:00:45.457,CUST-10614,Usa,North America,New York,Football,X Crazyfast,Female,38,Online Store,Consumer,Cash on Delivery,Sports Event,2.0,166.43,20.0,266.29,226.63,39.66,4,No,Completed,41,5,136,95464.74,3662.91
ORD-100921,1970-01-01 05:00:45.680,CUST-10155,Saudi Arabia,Middle East,Riyadh,Outdoor,Terrex,Female,43,Wholesale,Business,Credit Card,Black Friday,1.0,187.38,4.31,178.01,88.87,89.14,5,No,Completed,27,5,774,30214.29,4879.18
ORD-100922,1970-01-01 05:00:45.721,CUST-10581,Pakistan,South Asia,Faisalabad,Lifestyle,Gazelle,Female,42,Retail Store,Business,Bank Transfer,New Year Sale,2.0,135.2,10.0,243.36,121.68,121.68,5,No,Completed,57,5,904,37548.0,4644.09
ORD-100923,1970-01-01 05:00:44.945,CUST-10813,Saudi Arabia,Middle East,Dammam,Running,Duramo,Female,42,Retail Store,Premium Consumer,Debit Card,No Campaign,1.0,90.7,5.0,86.16,40.75,45.41,4,No,Completed,53,3,617,66930.46,3092.67
ORD-100924,1970-01-01 05:00:45.225,CUST-10894,Australia,Oceania,Brisbane,Football,Copa,Unisex,36,Wholesale,Premium Consumer,Cash on Delivery,New Year Sale,1.0,147.92,0.0,147.92,105.93,41.99,5,No,Completed,18,3,921,60235.68,1393.26
ORD-100925,1970-01-01 05:00:45.368,CUST-10505,India,South Asia,Chennai,Basketball,Own The Game,Female,43,Online Store,Premium Consumer,Debit Card,Sports Event,1.0,126.0,15.0,107.1,75.16,31.94,4,No,Completed,23,4,129,685.41,3808.93
ORD-100926,1970-01-01 05:00:45.034,CUST-10871,Saudi Arabia,Middle East,Riyadh,Outdoor,Ridgewalker,Female,43,Marketplace,Business,Debit Card,No Campaign,2.0,129.78,10.2,220.63,130.03,90.6,5,No,Completed,34,7,772,31572.4,3520.78
ORD-100927,1970-01-01 05:00:45.896,CUST-10686,Usa,North America,Chicago,Basketball,Own The Game,Female,43,Online Store,Business,Cash on Delivery,Black Friday,1.0,102.22,50.0,51.11,73.05,-21.94,5,No,Completed,43,2,624,25749.3,2985.56
ORD-100928,1970-01-01 05:00:45.126,CUST-10472,Saudi Arabia,Middle East,Riyadh,Outdoor,Five Ten,Male,36,Marketplace,Premium Consumer,Debit Card,New Year Sale,1.0,213.41,10.0,192.07,108.27,83.8,2,No,Completed,53,7,833,84071.53,3519.36
ORD-100929,1970-01-01 05:00:45.523,CUST-10126,Uae,Middle East,Dubai,Training,Rapidmove,Male,42,Retail Store,Business,Credit Card,Black Friday,1.0,108.11,0.0,108.11,75.62,32.49,2,No,Completed,23,4,115,86691.75,3106.57
ORD-100930,1970-01-01 05:00:45.698,CUST-10438,India,South Asia,Chennai,Outdoor,Ridgewalker,Male,40,Online Store,Consumer,Cash on Delivery,Eid Campaign,1.0,143.71,0.0,143.71,89.38,54.33,4,No,Pending,61,5,137,28747.37,2644.96
ORD-100931,1970-01-01 05:00:45.982,CUST-10392,Uae,Middle East,Sharjah,Running,Ultraboost,Female,43,Retail Store,Business,Digital Wallet,Summer Sale,4.0,164.91,0.0,659.64,430.89,228.75,5,No,Completed,38,3,414,10656.08,2138.18
ORD-100932,1970-01-01 05:00:45.739,CUST-10747,Pakistan,South Asia,Rawalpindi,Running,Adizero,Female,40,Mobile App,Business,Credit Card,Eid Campaign,3.0,76.13,15.0,194.13,107.14,86.99,5,No,Pending,21,5,160,20917.59,319.07
ORD-100933,1970-01-01 05:00:45.679,CUST-10882,Usa,North America,New York,Basketball,Own The Game,Male,38,Online Store,Consumer,Digital Wallet,Sports Event,1.0,105.56,20.0,84.45,49.31,35.14,5,No,Completed,36,10,619,18068.56,4341.87
ORD-100934,1970-01-01 05:00:45.487,CUST-10789,Saudi Arabia,Middle East,Dammam,Running,Duramo,Unisex,38,Wholesale,Consumer,Digital Wallet,Eid Campaign,3.0,100.86,20.0,242.06,152.79,89.27,4,No,Completed,59,2,247,24124.82,4341.15
ORD-100935,1970-01-01 05:00:45.130,CUST-10854,Usa,North America,Chicago,Basketball,Harden,Male,45,Retail Store,Premium Consumer,Credit Card,No Campaign,0.0,115.44,30.0,161.62,158.4,3.22,5,No,Completed,49,3,878,23847.17,3010.83
ORD-100936,1970-01-01 05:00:45.351,CUST-10759,Australia,Oceania,Brisbane,Running,Ultraboost,Male,40,Wholesale,Business,Debit Card,No Campaign,1.0,110.89,0.0,110.89,47.6,63.29,3,No,Completed,56,5,133,48243.95,1412.63
ORD-100937,1970-01-01 05:00:45.007,CUST-10523,Australia,Oceania,Sydney,Basketball,D.O.N. Issue,Male,42,Retail Store,Consumer,Bank Transfer,Black Friday,1.0,102.0,0.0,102.0,62.03,39.97,3,Yes,Returned,26,2,525,32304.32,237.84
ORD-100938,1970-01-01 05:00:45.963,CUST-10403,Pakistan,South Asia,Islamabad,Running,Ultraboost,Female,45,Retail Store,Premium Consumer,Credit Card,Summer Sale,2.0,206.27,10.0,371.29,269.33,101.96,4,No,Completed,37,3,589,56202.26,107.0
ORD-100939,1970-01-01 05:00:46.020,CUST-10473,Uk,Europe,London,Running,Solarboost,Male,44,Marketplace,Business,Cash on Delivery,New Year Sale,1.0,161.3,0.0,161.3,84.99,76.31,4,No,Cancelled,52,2,270,44349.27289368314,457.25
ORD-100940,1970-01-01 05:00:45.018,CUST-10064,Saudi Arabia,Middle East,Dammam,Outdoor,Terrex,Male,42,Retail Store,Premium Consumer,Debit Card,Summer Sale,1.0,173.75,10.0,156.38,70.38,86.0,5,No,Completed,43,4,224,81560.35,1863.44
ORD-100941,1970-01-01 05:00:45.495,CUST-10314,Saudi Arabia,Middle East,Dammam,Lifestyle,Campus,Unisex,43,Online Store,Business,Cash on Delivery,Black Friday,3.0,114.4,0.0,343.2,165.9,177.3,3,No,Completed,53,2,120,95103.85,1023.14
ORD-100942,1970-01-01 05:00:45.746,CUST-10033,Usa,North America,Houston,Outdoor,Ridgewalker,Male,44,Mobile App,Business,Debit Card,No Campaign,1.0,176.1,5.0,167.3,92.55,74.75,4,No,Completed,50,3,734,56612.52388740383,1398.78
ORD-100943,1970-01-01 05:00:45.321,CUST-10087,Saudi Arabia,Middle East,Dammam,Running,Solarboost,Female,45,Wholesale,Consumer,Digital Wallet,Summer Sale,2.0,125.0,20.0,200.0,136.7,63.3,4,No,Completed,24,3,720,5422.12,3528.34
ORD-100944,1970-01-01 05:00:44.980,CUST-10208,Germany,Europe,Hamburg,Training,Rapidmove,Male,38,Marketplace,Consumer,Bank Transfer,No Campaign,1.0,145.04,0.0,145.04,69.36,75.68,5,No,Cancelled,48,3,938,24338.04,4799.83
ORD-100945,1970-01-01 05:00:45.109,CUST-10381,Usa,North America,Chicago,Running,Solarboost,Female,44,Retail Store,Consumer,Cash on Delivery,No Campaign,1.0,70.91,20.0,56.73,28.71,28.02,5,No,Completed,50,4,462,10634.89,1113.2
ORD-100946,1970-01-01 05:00:45.702,CUST-10211,India,South Asia,Delhi,Training,Powerlift,Male,40,Wholesale,Business,Cash on Delivery,No Campaign,1.0,123.85,5.0,117.66,59.24,58.42,3,No,Completed,40,2,915,34804.01,2381.66
ORD-100947,1970-01-01 05:00:45.504,CUST-10591,Australia,Oceania,Brisbane,Running,Solarboost,Female,38,Online Store,Consumer,Cash on Delivery,No Campaign,1.0,172.03,5.0,163.43,83.79,79.64,2,No,Completed,19,6,239,64688.87,4958.25
ORD-100948,1970-01-01 05:00:45.903,CUST-10817,Uae,Middle East,Dubai,Basketball,Own The Game,Male,44,Online Store,Business,Bank Transfer,Sports Event,1.0,107.21,20.0,85.77,49.99,35.78,2,No,Completed,42,3,20,52131.34,4665.2
ORD-100949,1970-01-01 05:00:45.219,CUST-10812,Uae,Middle East,Abu Dhabi,Outdoor,Ridgewalker,Unisex,44,Online Store,Business,Cash on Delivery,Sports Event,1.0,111.76,15.0,95.0,58.14,36.86,5,No,Pending,59,4,447,24666.13,1826.35
ORD-100950,1970-01-01 05:00:45.864,CUST-10110,Saudi Arabia,Middle East,Riyadh,Outdoor,Five Ten,Male,38,Mobile App,Business,Cash on Delivery,Black Friday,1.0,159.57,50.0,79.78,85.55,-5.77,4,Yes,Returned,31,4,796,76842.28,1666.48
ORD-100951,1970-01-01 05:00:45.552,CUST-10207,Usa,North America,New York,Lifestyle,Gazelle,Female,43,Marketplace,Consumer,Credit Card,No Campaign,1.0,50.13,0.0,50.13,23.13,27.0,5,Yes,Returned,47,1,954,13582.33,1286.64
ORD-100952,1970-01-01 05:00:45.044,CUST-10860,Saudi Arabia,Middle East,Riyadh,Running,Adizero,Unisex,44,Wholesale,Premium Consumer,Credit Card,Eid Campaign,1.0,157.03,10.0,141.33,110.34,30.99,3,No,Completed,22,2,328,23205.5,861.47
ORD-100953,1970-01-01 05:00:45.981,CUST-10861,Uae,Middle East,Sharjah,Training,Rapidmove,Unisex,45,Online Store,Premium Consumer,Credit Card,New Year Sale,1.0,54.79,15.0,46.57,31.23,15.34,5,No,Cancelled,36,7,447,67766.69,2354.26
ORD-100954,1970-01-01 05:00:45.797,CUST-10583,Saudi Arabia,Middle East,Dammam,Outdoor,Terrex,Unisex,42,Retail Store,Business,Bank Transfer,Sports Event,2.0,203.21,0.0,406.42,238.2,168.22,3,No,Completed,36,4,604,20124.82,1771.49
ORD-100955,1970-01-01 05:00:45.272,CUST-10196,Pakistan,South Asia,Rawalpindi,Lifestyle,Superstar,Male,38,Online Store,Premium Consumer,Debit Card,New Year Sale,1.0,60.53,0.0,60.53,31.6,28.93,5,No,Completed,25,3,939,68036.89,3749.7
ORD-100956,1970-01-01 05:00:45.941,CUST-10375,Germany,Europe,Munich,Running,Duramo,Male,42,Online Store,Premium Consumer,Debit Card,New Year Sale,1.0,150.07,15.0,127.56,83.81,43.75,4,No,Completed,50,5,254,97705.66,1260.65
ORD-100957,1970-01-01 05:00:45.916,CUST-10519,India,South Asia,Bangalore,Basketball,Dame,Female,42,Online Store,Business,Bank Transfer,No Campaign,1.0,106.61,20.0,85.29,72.2,13.09,5,No,Completed,39,5,161,83219.65,3708.03
ORD-100958,1970-01-01 05:00:45.875,CUST-10245,Saudi Arabia,Middle East,Dammam,Basketball,D.O.N. Issue,Female,36,Marketplace,Consumer,Bank Transfer,Eid Campaign,1.0,69.8,15.0,59.33,47.12,12.21,5,No,Completed,26,4,302,16421.05,1511.92
ORD-100959,1970-01-01 05:00:45.146,CUST-10404,Germany,Europe,Berlin,Basketball,Dame,Male,40,Mobile App,Premium Consumer,Credit Card,No Campaign,1.0,94.43,0.0,94.43,42.75,51.68,3,No,Completed,58,10,763,52289.59,3004.37
ORD-100960,1970-01-01 05:00:45.100,CUST-10630,Usa,North America,Los Angeles,Training,Powerlift,Female,38,Mobile App,Consumer,Debit Card,Sports Event,1.0,45.72,0.0,45.72,21.87,23.85,5,No,Completed,50,4,776,42521.0,3228.31
ORD-100961,1970-01-01 05:00:45.736,CUST-10700,Uk,Europe,Manchester,Football,F50,Female,42,Mobile App,Consumer,Bank Transfer,Black Friday,2.0,159.84,15.0,271.73,217.49,54.24,4,No,Cancelled,60,2,187,99171.11,3391.73
ORD-100962,1970-01-01 05:00:45.258,CUST-10761,India,South Asia,Mumbai,Training,Rapidmove,Female,38,Online Store,Premium Consumer,Debit Card,No Campaign,2.0,50.37,5.0,95.7,64.58,31.12,4,No,Completed,63,1,623,96457.87,959.16
ORD-100963,1970-01-01 05:00:45.200,CUST-10741,Saudi Arabia,Middle East,Jeddah,Basketball,D.O.N. Issue,Female,42,Online Store,Consumer,Debit Card,Eid Campaign,1.0,85.25,0.0,85.25,52.73,32.52,4,No,Completed,26,3,29,13147.65,1485.29
ORD-100964,1970-01-01 05:00:45.928,CUST-10049,Uk,Europe,Birmingham,Running,Duramo,Female,40,Marketplace,Premium Consumer,Bank Transfer,Sports Event,1.0,162.26,5.0,154.15,104.08,50.07,5,No,Completed,37,4,784,90918.72,1305.97
ORD-100965,1970-01-01 05:00:45.147,CUST-10345,Usa,North America,New York,Football,Predator,Male,40,Marketplace,Business,Credit Card,No Campaign,2.0,92.68,0.0,185.36,80.83,104.53,2,No,Completed,29,2,435,19745.12,2923.19
ORD-100966,1970-01-01 05:00:45.806,CUST-10104,Saudi Arabia,Middle East,Dammam,Running,Solarboost,Unisex,36,Mobile App,Premium Consumer,Cash on Delivery,Black Friday,1.0,82.7,20.0,66.16,48.16,18.0,4,No,Completed,36,1,314,32285.42,471.16
ORD-100967,1970-01-01 05:00:45.434,CUST-10685,Australia,Oceania,Brisbane,Running,Duramo,Male,45,Retail Store,Consumer,Cash on Delivery,No Campaign,2.0,155.52,10.0,279.94,200.34,79.6,4,No,Completed,46,6,886,35664.09,2639.46
ORD-100968,1970-01-01 05:00:45.805,CUST-10796,Uk,Europe,London,Outdoor,Ridgewalker,Female,38,Wholesale,Business,Debit Card,Summer Sale,1.0,191.63,20.0,153.3,99.54,53.76,5,No,Completed,53,3,387,29038.79,528.59
ORD-100969,1970-01-01 05:00:45.197,CUST-10165,Uae,Middle East,Abu Dhabi,Football,Predator,Male,44,Retail Store,Consumer,Digital Wallet,No Campaign,1.0,129.73,5.0,123.24,66.8,56.44,5,No,Completed,60,3,679,85397.76,1751.57
ORD-100970,1970-01-01 05:00:45.705,CUST-10446,Saudi Arabia,Middle East,Jeddah,Running,Ultraboost,Unisex,44,Retail Store,Consumer,Cash on Delivery,Eid Campaign,1.0,99.76,15.0,84.8,39.91,44.89,3,No,Completed,31,3,479,33328.27,3464.86
ORD-100971,1970-01-01 05:00:45.032,CUST-10825,Australia,Oceania,Melbourne,Running,Duramo,Male,44,Marketplace,Premium Consumer,Cash on Delivery,Sports Event,1.0,173.66,5.88,173.66,111.14,62.52,4,No,Completed,42,3,607,81765.47,2121.56
ORD-100972,1970-01-01 05:00:45.024,CUST-10675,Usa,North America,Houston,Football,Copa,Male,36,Online Store,Business,Cash on Delivery,Summer Sale,1.0,146.75,0.0,146.75,80.91,65.84,5,No,Completed,34,3,134,99440.49,1473.68
ORD-100973,1970-01-01 05:00:45.133,CUST-10697,Uk,Europe,Manchester,Training,Everyday,Male,44,Mobile App,Premium Consumer,Cash on Delivery,Black Friday,1.0,81.38,15.0,69.17,38.11,31.06,4,No,Pending,39,6,37,84155.77,3117.7
ORD-100974,1970-01-01 05:00:45.193,CUST-10571,India,South Asia,Bangalore,Running,Ultraboost,Female,42,Wholesale,Business,Bank Transfer,Black Friday,1.0,126.32,5.0,120.0,77.07,42.93,5,No,Completed,27,6,287,34941.22,3727.32
ORD-100975,1970-01-01 05:00:45.357,CUST-10112,Saudi Arabia,Middle East,Dammam,Outdoor,Agravic,Female,38,Online Store,Consumer,Bank Transfer,No Campaign,1.0,106.15,10.0,95.54,60.72,34.82,4,No,Completed,20,2,68,71269.61,1347.47
ORD-100976,1970-01-01 05:00:45.322,CUST-10135,Pakistan,South Asia,Faisalabad,Lifestyle,Gazelle,Male,38,Wholesale,Business,Cash on Delivery,Black Friday,1.0,121.91,30.0,85.34,86.71,-1.37,5,No,Completed,38,4,745,53625.38,1567.06
ORD-100977,1970-01-01 05:00:45.016,CUST-10033,Australia,Oceania,Sydney,Football,X Crazyfast,Male,38,Wholesale,Business,Cash on Delivery,New Year Sale,1.0,157.72,30.0,110.4,89.68,20.72,4,No,Completed,33,5,66,78758.52,3237.44
ORD-100978,1970-01-01 05:00:45.167,CUST-10310,Germany,Europe,Munich,Basketball,Own The Game,Male,44,Mobile App,Business,Bank Transfer,No Campaign,2.0,118.63,5.0,225.4,167.31,58.09,5,No,Completed,45,3,567,15733.19,4829.59
ORD-100979,1970-01-01 05:00:45.191,CUST-10388,Uae,Middle East,Abu Dhabi,Lifestyle,Campus,Male,36,Retail Store,Business,Digital Wallet,Eid Campaign,3.0,147.6,20.0,354.24,215.59,138.65,2,No,Completed,42,3,787,63994.39,1147.97
ORD-100980,1970-01-01 05:00:45.970,CUST-10549,India,South Asia,Chennai,Football,F50,Unisex,43,Mobile App,Business,Cash on Delivery,Summer Sale,1.0,152.22,0.0,152.22,102.27,49.95,4,No,Completed,23,14,191,77479.84,3305.81
ORD-100981,1970-01-01 05:00:45.373,CUST-10575,Uae,Middle East,Sharjah,Running,Adizero,Unisex,36,Wholesale,Premium Consumer,Bank Transfer,Sports Event,1.0,200.63,10.0,180.57,113.6,66.97,5,No,Completed,48,5,119,76242.52,4542.29
ORD-100982,1970-01-01 05:00:45.533,CUST-10747,Uk,Europe,Birmingham,Basketball,Harden,Female,45,Online Store,Consumer,Debit Card,No Campaign,1.0,104.01,30.0,72.81,65.08,7.73,5,No,Completed,58,3,400,96377.5,2363.64
ORD-100983,1970-01-01 05:00:45.230,CUST-10406,Saudi Arabia,Middle East,Jeddah,Basketball,D.O.N. Issue,Male,44,Online Store,Business,Debit Card,Summer Sale,2.0,82.71,5.0,157.15,89.66,67.49,3,No,Completed,55,4,399,6311.93,1652.54
ORD-100984,1970-01-01 05:00:45.682,CUST-10533,India,South Asia,Bangalore,Running,Solarboost,Male,45,Marketplace,Business,Debit Card,Eid Campaign,4.0,70.53,10.0,253.91,178.8,75.11,4,No,Completed,46,4,522,34905.05,3367.67
ORD-100985,1970-01-01 05:00:44.948,CUST-10408,Uk,Europe,Manchester,Basketball,D.O.N. Issue,Male,44,Retail Store,Premium Consumer,Credit Card,New Year Sale,2.0,145.03,15.0,246.55,133.08,113.47,4,No,Cancelled,32,3,908,47917.08,254.02
ORD-100986,1970-01-01 05:00:45.454,CUST-10259,India,South Asia,Kolkata,Outdoor,Five Ten,Male,42,Mobile App,Consumer,Cash on Delivery,Black Friday,2.0,168.13,0.0,336.26,146.37,189.89,4,No,Completed,53,3,657,31321.47,1864.79
ORD-100987,1970-01-01 05:00:45.245,CUST-10142,Saudi Arabia,Middle East,Jeddah,Lifestyle,Superstar,Male,43,Marketplace,Consumer,Digital Wallet,No Campaign,1.0,90.55,15.0,76.97,64.63,12.34,5,No,Completed,49,3,13,31324.06,1364.07
ORD-100988,1970-01-01 05:00:45.305,CUST-10621,Australia,Oceania,Sydney,Football,F50,Male,44,Retail Store,Business,Cash on Delivery,No Campaign,1.0,73.54,10.0,66.19,52.41,13.78,4,No,Pending,37,2,545,18024.8,1200.65
ORD-100989,1970-01-01 05:00:45.734,CUST-10354,Uk,Europe,Birmingham,Football,X Crazyfast,Unisex,42,Online Store,Consumer,Credit Card,Eid Campaign,1.0,55.2,5.0,52.44,29.51,22.93,2,Yes,Returned,54,10,715,81388.66,980.82
ORD-100990,1970-01-01 05:00:45.132,CUST-10173,Saudi Arabia,Middle East,Dammam,Training,Rapidmove,Unisex,40,Online Store,Business,Credit Card,Eid Campaign,1.0,110.52,10.0,99.47,67.01,32.46,3,No,Pending,43,2,597,90852.87,3711.61
ORD-100991,1970-01-01 05:00:44.954,CUST-10663,Usa,North America,New York,Running,Ultraboost,Male,42,Online Store,Premium Consumer,Debit Card,Sports Event,2.0,154.75,0.0,309.5,180.99,128.51,3,No,Completed,58,4,468,8691.57,4779.99
ORD-100992,1970-01-01 05:00:45.620,CUST-10033,Pakistan,South Asia,Lahore,Running,Ultraboost,Male,40,Mobile App,Business,Digital Wallet,Summer Sale,1.0,160.21,20.0,128.17,73.37,54.8,4,No,Completed,19,10,892,15912.44,1985.38
ORD-100993,1970-01-01 05:00:45.243,CUST-10406,Uk,Europe,London,Basketball,Own The Game,Male,45,Marketplace,Business,Bank Transfer,No Campaign,1.0,92.75,0.0,92.75,37.22,55.53,4,No,Completed,45,3,153,23231.07,340.61
ORD-100994,1970-01-01 05:00:45.534,CUST-10436,Pakistan,South Asia,Lahore,Running,Ultraboost,Unisex,43,Retail Store,Consumer,Debit Card,No Campaign,1.0,216.34,30.0,151.44,90.14,61.3,4,No,Completed,32,2,169,51144.25,3622.67
ORD-100995,1970-01-01 05:00:45.228,CUST-10739,Saudi Arabia,Middle East,Jeddah,Training,Rapidmove,Unisex,38,Retail Store,Business,Digital Wallet,Sports Event,1.0,128.24,0.0,128.24,65.43,62.81,2,No,Completed,26,10,956,23094.383586115688,2737.2
ORD-100996,1970-01-01 05:00:45.152,CUST-10139,India,South Asia,Mumbai,Training,Powerlift,Male,44,Marketplace,Consumer,Bank Transfer,Black Friday,1.0,56.15,10.0,50.54,28.96,21.58,3,No,Completed,27,5,678,7609.82,3645.86
ORD-100997,1970-01-01 05:00:45.015,CUST-10133,India,South Asia,Kolkata,Basketball,D.O.N. Issue,Male,40,Mobile App,Business,Cash on Delivery,New Year Sale,2.0,63.26,5.0,120.19,83.35,36.84,3,No,Completed,24,4,385,37917.89081515032,3274.73
ORD-100998,1970-01-01 05:00:45.234,CUST-10821,Uae,Middle East,Sharjah,Outdoor,Five Ten,Unisex,44,Wholesale,Premium Consumer,Cash on Delivery,No Campaign,3.0,194.37,12.35,408.18,385.59,22.59,3,No,Completed,44,4,696,15358.88,4536.64
ORD-100999,1970-01-01 05:00:45.470,CUST-10603,Uk,Europe,Birmingham,Training,Everyday,Male,36,Retail Store,Business,Debit Card,Black Friday,1.0,99.14,6.66,99.14,49.77,49.37,2,No,Completed,59,3,305,97159.98,788.16
ORD-101000,1970-01-01 05:00:45.906,CUST-10533,Uae,Middle East,Dubai,Training,Rapidmove,Male,43,Marketplace,Consumer,Credit Card,Black Friday,1.0,132.59,15.0,112.7,70.82,41.88,4,No,Completed,26,4,624,89927.96,928.89
ORD-101001,1970-01-01 05:00:45.649,CUST-10683,Uae,Middle East,Abu Dhabi,Football,F50,Female,43,Mobile App,Business,Digital Wallet,New Year Sale,1.0,115.54,30.0,80.88,77.18,3.7,4,Yes,Returned,23,5,655,94983.49,1773.69
ORD-101002,1970-01-01 05:00:45.711,CUST-10373,Germany,Europe,Munich,Football,X Crazyfast,Male,44,Wholesale,Business,Digital Wallet,New Year Sale,1.0,175.62,0.0,175.62,87.47,88.15,4,No,Completed,47,2,317,11063.31,2507.81
ORD-101003,1970-01-01 05:00:45.790,CUST-10783,Saudi Arabia,Middle East,Dammam,Training,Dropset,Unisex,42,Online Store,Consumer,Cash on Delivery,No Campaign,1.0,132.89,10.0,119.6,62.08,57.52,3,No,Completed,45,2,353,49059.62,4636.0
ORD-101004,1970-01-01 05:00:45.897,CUST-10541,Saudi Arabia,Middle East,Riyadh,Running,Solarboost,Male,36,Marketplace,Premium Consumer,Debit Card,Black Friday,1.0,87.79,5.0,83.4,43.86,39.54,5,No,Completed,39,3,906,16942.03,4544.12
ORD-101005,1970-01-01 05:00:45.423,CUST-10230,Australia,Oceania,Sydney,Football,F50,Male,36,Retail Store,Consumer,Debit Card,Eid Campaign,1.0,134.06,10.0,120.65,54.05,66.6,4,No,Completed,33,3,210,60235.38,4372.17
ORD-101006,1970-01-01 05:00:45.688,CUST-10371,Pakistan,South Asia,Lahore,Outdoor,Five Ten,Unisex,38,Wholesale,Consumer,Digital Wallet,New Year Sale,1.0,115.95,1.88,110.15,49.9,60.25,4,Yes,Returned,26,6,894,23657.54,1190.38
ORD-101007,1970-01-01 05:00:45.675,CUST-10456,Uae,Middle East,Dubai,Running,Adizero,Male,42,Online Store,Consumer,Bank Transfer,Eid Campaign,1.0,118.82,15.0,101.0,83.98,17.02,4,No,Completed,64,4,702,77177.78,3675.41
ORD-101008,1970-01-01 05:00:45.213,CUST-10013,Uae,Middle East,Sharjah,Football,F50,Unisex,44,Mobile App,Premium Consumer,Cash on Delivery,Eid Campaign,1.0,91.22,15.0,77.54,38.38,39.16,4,No,Completed,25,3,797,64578.26,1979.11
ORD-101009,1970-01-01 05:00:45.246,CUST-10591,Pakistan,South Asia,Lahore,Basketball,D.O.N. Issue,Unisex,36,Wholesale,Consumer,Bank Transfer,Summer Sale,2.0,88.13,0.0,176.26,88.77,87.49,3,No,Completed,59,5,693,57374.66,4662.8
ORD-101010,1970-01-01 05:00:45.857,CUST-10639,Pakistan,South Asia,Rawalpindi,Training,Rapidmove,Unisex,44,Wholesale,Business,Cash on Delivery,Sports Event,1.0,131.89,10.0,118.7,91.89,26.81,5,No,Completed,38,3,454,82610.1,1151.23
ORD-101011,1970-01-01 05:00:45.483,CUST-10227,Saudi Arabia,Middle East,Riyadh,Training,Powerlift,Unisex,43,Retail Store,Business,Debit Card,Eid Campaign,1.0,61.74,10.0,55.57,38.16,17.41,4,No,Completed,59,14,666,50277.17,792.16
ORD-101012,1970-01-01 05:00:45.303,CUST-10860,Pakistan,South Asia,Rawalpindi,Football,F50,Unisex,38,Mobile App,Premium Consumer,Cash on Delivery,Sports Event,1.0,88.48,10.0,79.63,59.83,19.8,4,No,Completed,58,5,853,27350.25,4227.69
ORD-101013,1970-01-01 05:00:45.038,CUST-10157,Usa,North America,Chicago,Training,Powerlift,Unisex,43,Retail Store,Premium Consumer,Credit Card,No Campaign,1.0,73.93,10.0,66.54,42.35,24.19,3,No,Completed,19,5,191,62260.2,3612.85
ORD-101014,1970-01-01 05:00:44.984,CUST-10001,India,South Asia,Mumbai,Basketball,Dame,Female,40,Wholesale,Consumer,Credit Card,Summer Sale,1.0,62.44,20.0,49.95,30.92,19.03,4,No,Completed,37,3,592,95727.73,4124.97
ORD-101015,1970-01-01 05:00:45.340,CUST-10278,Pakistan,South Asia,Lahore,Basketball,Harden,Male,44,Online Store,Business,Bank Transfer,No Campaign,1.0,161.52,0.0,161.52,65.52,96.0,4,No,Completed,19,2,334,60315.36,873.92
ORD-101016,1970-01-01 05:00:45.571,CUST-10449,Australia,Oceania,Sydney,Running,Ultraboost,Female,36,Marketplace,Premium Consumer,Digital Wallet,New Year Sale,2.0,211.07,5.0,401.03,286.71,114.32,5,No,Completed,51,3,904,63147.14,4435.48
ORD-101017,1970-01-01 05:00:45.655,CUST-10291,Saudi Arabia,Middle East,Riyadh,Basketball,Own The Game,Unisex,38,Marketplace,Premium Consumer,Bank Transfer,No Campaign,1.0,172.56,5.0,163.93,109.36,54.57,4,No,Completed,18,3,843,93507.69,3420.34
ORD-101018,1970-01-01 05:00:45.903,CUST-10244,Uae,Middle East,Sharjah,Running,Duramo,Male,44,Retail Store,Consumer,Digital Wallet,No Campaign,1.0,121.73,0.0,121.73,50.14,71.59,3,No,Completed,22,5,967,51769.87,3292.65
ORD-101019,1970-01-01 05:00:45.368,CUST-10405,India,South Asia,Mumbai,Outdoor,Ridgewalker,Male,40,Wholesale,Business,Bank Transfer,Sports Event,2.0,227.86,20.0,364.58,232.82,131.76,5,No,Completed,57,2,897,99637.57,2954.66
ORD-101020,1970-01-01 05:00:45.621,CUST-10197,Germany,Europe,Munich,Training,Powerlift,Female,43,Online Store,Business,Digital Wallet,Summer Sale,2.0,145.59,20.0,232.94,157.06,75.88,4,No,Cancelled,49,4,560,16386.37,3847.89
ORD-101021,1970-01-01 05:00:45.239,CUST-10581,Saudi Arabia,Middle East,Dammam,Lifestyle,Samba,Unisex,44,Online Store,Consumer,Debit Card,Black Friday,2.0,121.23,5.0,230.34,135.3,95.04,4,Yes,Returned,28,4,815,53935.46,2136.48
ORD-101022,1970-01-01 05:00:45.858,CUST-10603,India,South Asia,Bangalore,Training,Dropset,Male,44,Retail Store,Consumer,Cash on Delivery,New Year Sale,1.0,60.08,10.44,51.07,35.2,15.87,4,No,Completed,63,3,566,21683.63,750.82
ORD-101023,1970-01-01 05:00:45.072,CUST-10325,Germany,Europe,Berlin,Basketball,D.O.N. Issue,Unisex,44,Marketplace,Premium Consumer,Cash on Delivery,Eid Campaign,1.0,106.44,10.0,95.8,49.12,46.68,5,Yes,Returned,31,2,847,45605.97,2742.4
ORD-101024,1970-01-01 05:00:45.008,CUST-10176,Uae,Middle East,Abu Dhabi,Running,Duramo,Female,43,Mobile App,Business,Debit Card,Eid Campaign,1.0,86.69,10.0,78.02,53.03,24.99,5,No,Completed,29,6,66,17472.1,3765.7
ORD-101025,1970-01-01 05:00:45.692,CUST-10422,Germany,Europe,Berlin,Lifestyle,Campus,Unisex,43,Wholesale,Premium Consumer,Cash on Delivery,Sports Event,2.0,105.62,15.0,179.55,121.96,57.59,5,No,Completed,61,2,626,22641.61,852.87
ORD-101026,1970-01-01 05:00:45.428,CUST-10079,Pakistan,South Asia,Rawalpindi,Lifestyle,Samba,Male,40,Online Store,Premium Consumer,Digital Wallet,Summer Sale,1.0,105.97,30.0,74.18,75.15,-0.97,5,Yes,Returned,27,3,111,71884.77047618863,1197.7
ORD-101027,1970-01-01 05:00:45.722,CUST-10806,Usa,North America,Houston,Running,Adizero,Unisex,38,Marketplace,Premium Consumer,Digital Wallet,Sports Event,1.0,198.61,0.0,198.61,137.61,61.0,4,No,Completed,47,5,670,32343.12,3513.07
ORD-101028,1970-01-01 05:00:45.296,CUST-10598,Australia,Oceania,Brisbane,Running,Ultraboost,Male,43,Mobile App,Consumer,Digital Wallet,Black Friday,1.0,126.23,0.0,126.23,86.41,39.82,3,No,Completed,18,4,106,13893.2,1421.29
ORD-101029,1970-01-01 05:00:45.922,CUST-10467,India,South Asia,Mumbai,Basketball,Dame,Male,38,Online Store,Premium Consumer,Digital Wallet,No Campaign,2.0,124.59,5.0,500000.0,114.74,121.98,5,No,Completed,42,5,25,81029.55,932.71
ORD-101030,1970-01-01 05:00:45.364,CUST-10794,Uae,Middle East,Abu Dhabi,Training,Powerlift,Unisex,36,Wholesale,Premium Consumer,Credit Card,Black Friday,1.0,87.2,30.0,61.04,58.61,2.43,3,Yes,Returned,28,5,621,22457.22,4458.02
ORD-101031,1970-01-01 05:00:45.037,CUST-10787,Usa,North America,Los Angeles,Training,Powerlift,Male,43,Marketplace,Premium Consumer,Debit Card,No Campaign,1.0,149.47,20.0,119.58,80.03,39.55,5,No,Completed,51,6,65,41948.62,888.39
ORD-101032,1970-01-01 05:00:45.756,CUST-10521,Uae,Middle East,Dubai,Running,Solarboost,Female,44,Mobile App,Business,Debit Card,Sports Event,2.0,93.95,0.0,187.9,81.49,106.41,5,No,Completed,46,3,413,2097.69,1786.33
ORD-101033,1970-01-01 05:00:45.116,CUST-10826,Uk,Europe,Manchester,Football,Predator,Female,44,Retail Store,Consumer,Cash on Delivery,Eid Campaign,1.0,111.42,15.0,94.71,52.71,42.0,4,No,Cancelled,44,3,716,10935.71,2199.31
ORD-101034,1970-01-01 05:00:45.821,CUST-10829,Australia,Oceania,Melbourne,Training,Powerlift,Unisex,43,Online Store,Business,Bank Transfer,Summer Sale,4.0,81.21,0.0,324.84,218.66,106.18,4,No,Completed,43,4,612,89679.05,2433.09
ORD-101035,1970-01-01 05:00:45.590,CUST-10604,India,South Asia,Bangalore,Outdoor,Ridgewalker,Male,40,Mobile App,Consumer,Digital Wallet,Black Friday,1.0,239.13,30.0,167.39,137.22,30.17,4,No,Completed,22,5,499,83797.44,1870.42
ORD-101036,1970-01-01 05:00:45.465,CUST-10164,India,South Asia,Kolkata,Outdoor,Five Ten,Unisex,36,Mobile App,Consumer,Digital Wallet,Sports Event,1.0,140.4,5.0,133.38,78.59,54.79,5,No,Completed,27,4,717,84171.78,4571.44
ORD-101037,1970-01-01 05:00:45.311,CUST-10233,India,South Asia,Chennai,Running,Adizero,Unisex,45,Retail Store,Business,Digital Wallet,Summer Sale,1.0,158.71,20.0,126.97,74.66,52.31,3,Yes,Returned,59,2,0,41429.67,3327.26
ORD-101038,1970-01-01 05:00:44.956,CUST-10155,Germany,Europe,Munich,Football,X Crazyfast,Female,36,Marketplace,Premium Consumer,Bank Transfer,No Campaign,1.0,83.07,30.0,58.15,57.84,0.31,5,No,Completed,62,4,735,39413.81302476421,1861.52
ORD-101039,1970-01-01 05:00:45.774,CUST-10462,Australia,Oceania,Melbourne,Outdoor,Five Ten,Female,42,Wholesale,Premium Consumer,Bank Transfer,Black Friday,1.0,131.21,5.0,124.65,68.84,55.81,1,No,Completed,18,3,581,11235.5,1852.83
ORD-101040,1970-01-01 05:00:45.804,CUST-10554,India,South Asia,Bangalore,Football,F50,Male,45,Wholesale,Consumer,Bank Transfer,Eid Campaign,1.0,71.91,0.0,71.91,31.74,40.17,5,No,Completed,23,6,661,32737.628587480183,2564.47
ORD-101041,1970-01-01 05:00:45.507,CUST-10647,Usa,North America,New York,Basketball,Own The Game,Male,38,Online Store,Business,Credit Card,New Year Sale,1.0,89.63,0.0,89.63,58.38,31.25,3,No,Completed,35,2,458,82905.23,264.95
ORD-101042,1970-01-01 05:00:45.131,CUST-10216,Usa,North America,Houston,Running,Duramo,Unisex,36,Marketplace,Premium Consumer,Debit Card,Summer Sale,2.0,85.33,10.0,153.59,80.23,73.36,5,No,Completed,63,6,368,90061.39,4640.55
ORD-101043,1970-01-01 05:00:45.161,CUST-10735,Australia,Oceania,Sydney,Lifestyle,Superstar,Female,38,Marketplace,Premium Consumer,Digital Wallet,Sports Event,3.0,141.07,15.88,338.57,206.15,132.42,2,No,Completed,24,4,726,29228.8,1194.22
ORD-101044,1970-01-01 05:00:45.385,CUST-10384,Usa,North America,Chicago,Running,Solarboost,Female,44,Marketplace,Premium Consumer,Debit Card,No Campaign,1.0,218.92,0.0,218.92,104.0,114.92,3,No,Completed,33,4,821,32442.14,3518.2
ORD-101045,1970-01-01 05:00:44.980,CUST-10003,Usa,North America,Los Angeles,Running,Ultraboost,Female,45,Wholesale,Premium Consumer,Cash on Delivery,No Campaign,1.0,192.89,20.0,154.31,107.3,47.01,1,No,Completed,59,3,141,10537.23,3910.84
ORD-101046,1970-01-01 05:00:45.321,CUST-10614,Usa,North America,Houston,Football,F50,Male,43,Retail Store,Business,Digital Wallet,Sports Event,1.0,84.22,30.0,58.95,39.5,19.45,4,No,Completed,50,3,13,77553.77,4154.18
ORD-101047,1970-01-01 05:00:45.986,CUST-10373,Uae,Middle East,Dubai,Training,Everyday,Female,42,Online Store,Business,Debit Card,New Year Sale,2.0,45.71,12.96,45.71,40.23,5.48,4,No,Completed,31,6,467,27931.18,911.65
ORD-101048,1970-01-01 05:00:45.459,CUST-10687,India,South Asia,Kolkata,Outdoor,Five Ten,Male,42,Retail Store,Consumer,Credit Card,No Campaign,3.0,146.13,20.0,350.71,217.72,132.99,4,No,Completed,20,1,710,50630.04891639034,2729.8
ORD-101049,1970-01-01 05:00:44.983,CUST-10660,Usa,North America,New York,Running,Adizero,Unisex,43,Online Store,Business,Debit Card,Eid Campaign,1.0,133.62,30.0,93.53,89.47,4.06,4,No,Cancelled,64,3,530,92925.28,510.0
ORD-101050,1970-01-01 05:00:45.381,CUST-10472,Germany,Europe,Munich,Football,X Crazyfast,Male,45,Retail Store,Business,Digital Wallet,Black Friday,1.0,59.64,15.0,50.69,42.81,7.88,4,No,Pending,49,3,409,75345.47,4043.48
ORD-101051,1970-01-01 05:00:45.221,CUST-10838,Pakistan,South Asia,Lahore,Basketball,D.O.N. Issue,Unisex,38,Online Store,Premium Consumer,Bank Transfer,No Campaign,1.0,121.45,0.0,121.45,75.75,45.7,4,No,Completed,54,2,826,5747.42,2483.61
ORD-101052,1970-01-01 05:00:45.463,CUST-10119,India,South Asia,Mumbai,Football,Copa,Male,38,Mobile App,Premium Consumer,Debit Card,Eid Campaign,1.0,62.51,10.0,56.26,33.17,23.09,4,No,Completed,57,3,149,1311.38,876.6
ORD-101053,1970-01-01 05:00:45.774,CUST-10000,India,South Asia,Delhi,Training,Dropset,Female,38,Retail Store,Business,Digital Wallet,Eid Campaign,1.0,90.61,15.0,77.02,61.82,15.2,3,Yes,Returned,28,2,773,78847.09,3621.53
ORD-101054,1970-01-01 05:00:45.256,CUST-10457,Germany,Europe,Berlin,Outdoor,Five Ten,Female,36,Retail Store,Business,Bank Transfer,Sports Event,1.0,97.59,5.0,92.71,67.73,24.98,5,Yes,Returned,37,4,830,55473.77,1722.73
ORD-101055,1970-01-01 05:00:45.637,CUST-10698,Pakistan,South Asia,Faisalabad,Running,Solarboost,Unisex,45,Online Store,Consumer,Bank Transfer,Sports Event,1.0,184.66,10.0,166.19,81.12,85.07,5,No,Completed,22,4,332,72173.27,661.08
ORD-101056,1970-01-01 05:00:44.987,CUST-10560,Uk,Europe,Birmingham,Running,Adizero,Male,45,Wholesale,Consumer,Debit Card,Black Friday,1.0,175.29,15.0,149.0,102.77,46.23,3,Yes,Returned,47,6,73,16103.12,2359.26
ORD-101057,1970-01-01 05:00:45.597,CUST-10542,India,South Asia,Mumbai,Football,Predator,Male,38,Retail Store,Premium Consumer,Cash on Delivery,Eid Campaign,1.0,93.51,5.67,88.83,59.72,29.11,3,No,Pending,54,3,437,87268.76,1252.71
ORD-101058,1970-01-01 05:00:45.529,CUST-10588,Saudi Arabia,Middle East,Jeddah,Running,Solarboost,Unisex,44,Mobile App,Business,Digital Wallet,Summer Sale,1.0,181.69,20.0,145.35,92.26,53.09,4,No,Cancelled,54,3,382,77445.84,4756.09
ORD-101059,1970-01-01 05:00:45.502,CUST-10436,Uk,Europe,London,Football,X Crazyfast,Male,44,Retail Store,Consumer,Digital Wallet,Eid Campaign,1.0,77.41,10.0,69.67,53.23,16.44,5,No,Pending,46,2,914,89138.47,1870.67
ORD-101060,1970-01-01 05:00:45.579,CUST-10398,Australia,Oceania,Brisbane,Training,Everyday,Male,43,Mobile App,Consumer,Bank Transfer,No Campaign,1.0,79.92,20.0,63.94,56.9,7.04,4,No,Completed,23,5,350,34439.06,2905.02
ORD-101061,1970-01-01 05:00:45.847,CUST-10510,Germany,Europe,Berlin,Outdoor,Terrex,Male,45,Marketplace,Business,Digital Wallet,Black Friday,2.0,214.25,0.0,428.5,253.63,174.87,4,Yes,Returned,48,3,265,27932.67,4746.97
ORD-101062,1970-01-01 05:00:45.161,CUST-10603,Germany,Europe,Berlin,Training,Dropset,Female,43,Retail Store,Premium Consumer,Debit Card,No Campaign,1.0,145.59,5.0,138.31,63.79,74.52,3,Yes,Returned,55,4,804,15597.28,2029.23
ORD-101063,1970-01-01 05:00:45.688,CUST-10889,Saudi Arabia,Middle East,Riyadh,Outdoor,Agravic,Female,38,Online Store,Premium Consumer,Credit Card,Sports Event,1.0,147.8,15.0,125.63,62.58,63.05,2,No,Completed,50,3,972,93043.81,1854.82
ORD-101064,1970-01-01 05:00:45.585,CUST-10582,Germany,Europe,Berlin,Football,F50,Unisex,38,Mobile App,Premium Consumer,Bank Transfer,Summer Sale,2.0,127.53,5.0,242.31,165.08,77.23,4,No,Cancelled,48,2,656,18094.51,895.79
ORD-101065,1970-01-01 05:00:45.080,CUST-10160,Saudi Arabia,Middle East,Dammam,Running,Solarboost,Unisex,38,Mobile App,Premium Consumer,Cash on Delivery,Summer Sale,3.0,92.39,5.0,263.31,169.18,94.13,4,Yes,Returned,59,2,950,12372.06,4697.69
ORD-101066,1970-01-01 05:00:45.948,CUST-10028,Saudi Arabia,Middle East,Riyadh,Running,Duramo,Female,43,Online Store,Consumer,Digital Wallet,Summer Sale,1.0,192.22,10.0,173.0,109.12,63.88,3,Yes,Returned,42,6,644,19671.48,4023.65
ORD-101067,1970-01-01 05:00:45.411,CUST-10277,Germany,Europe,Hamburg,Lifestyle,Superstar,Male,38,Online Store,Business,Bank Transfer,No Campaign,2.0,119.8,15.0,203.66,116.19,87.47,4,No,Completed,22,3,404,77252.48,1182.95
ORD-101068,1970-01-01 05:00:45.751,CUST-10822,Australia,Oceania,Sydney,Basketball,Harden,Unisex,45,Online Store,Premium Consumer,Credit Card,No Campaign,1.0,77.6,10.0,69.84,44.69,25.15,5,No,Completed,18,7,885,89008.16,1730.1
ORD-101069,1970-01-01 05:00:45.543,CUST-10023,Australia,Oceania,Melbourne,Running,Duramo,Female,42,Mobile App,Consumer,Bank Transfer,Black Friday,1.0,151.84,10.0,136.66,66.6,70.06,4,No,Completed,41,7,422,81185.89,4583.07
ORD-101070,1970-01-01 05:00:45.732,CUST-10491,Australia,Oceania,Sydney,Lifestyle,Samba,Unisex,44,Mobile App,Business,Credit Card,No Campaign,3.0,80.98,10.0,218.65,171.54,47.11,4,No,Pending,63,3,659,56542.24,2732.67
ORD-101071,1970-01-01 05:00:45.024,CUST-10386,India,South Asia,Delhi,Running,Adizero,Male,38,Marketplace,Business,Digital Wallet,Summer Sale,1.0,154.41,5.0,146.69,76.76,69.93,5,No,Completed,27,10,966,99391.48,2826.04
ORD-101072,1970-01-01 05:00:45.682,CUST-10298,Uae,Middle East,Sharjah,Running,Adizero,Male,36,Marketplace,Consumer,Credit Card,No Campaign,2.0,86.58,11.07,164.5,88.74,75.76,2,No,Completed,48,1,910,7350.98,3275.91
ORD-101073,1970-01-01 05:00:45.601,CUST-10327,Uk,Europe,Birmingham,Running,Solarboost,Unisex,43,Marketplace,Business,Debit Card,Summer Sale,1.0,166.9,15.0,141.86,81.71,60.15,3,No,Completed,51,2,78,86785.57,3834.6
ORD-101074,1970-01-01 05:00:45.580,CUST-10594,Australia,Oceania,Sydney,Running,Adizero,Unisex,43,Mobile App,Business,Credit Card,New Year Sale,1.0,116.33,15.0,98.88,66.54,32.34,4,No,Completed,60,2,308,43057.53,4702.5
ORD-101075,1970-01-01 05:00:45.930,CUST-10018,Saudi Arabia,Middle East,Jeddah,Lifestyle,Superstar,Female,38,Retail Store,Consumer,Cash on Delivery,Black Friday,1.0,95.04,15.0,80.78,63.33,17.45,5,No,Completed,38,2,726,45784.67,4030.9
ORD-101076,1970-01-01 05:00:45.348,CUST-10747,India,South Asia,Delhi,Basketball,Harden,Male,44,Online Store,Consumer,Credit Card,Sports Event,1.0,116.72,5.0,110.88,75.6,35.28,2,No,Completed,43,2,32,37752.906046159056,4679.29
ORD-101077,1970-01-01 05:00:45.311,CUST-10419,Saudi Arabia,Middle East,Jeddah,Training,Rapidmove,Male,42,Retail Store,Business,Bank Transfer,New Year Sale,2.0,68.37,20.0,109.39,69.89,39.5,4,No,Completed,62,3,889,3826.58,4120.99
ORD-101078,1970-01-01 05:00:45.242,CUST-10862,Germany,Europe,Hamburg,Basketball,Own The Game,Male,40,Retail Store,Premium Consumer,Digital Wallet,No Campaign,2.0,119.53,15.0,203.2,142.78,60.42,3,No,Completed,34,1,427,32004.52,327.53
ORD-101079,1970-01-01 05:00:45.067,CUST-10744,Saudi Arabia,Middle East,Jeddah,Training,Powerlift,Female,40,Marketplace,Business,Credit Card,Summer Sale,1.0,68.22,15.0,57.99,28.14,29.85,5,Yes,Returned,61,4,705,17897.93,675.92
ORD-101080,1970-01-01 05:00:45.419,CUST-10082,Australia,Oceania,Sydney,Running,Ultraboost,Female,40,Marketplace,Consumer,Digital Wallet,Sports Event,2.0,148.67,10.0,267.61,198.7,68.91,5,No,Completed,20,3,689,48592.21,4435.98
ORD-101081,1970-01-01 05:00:45.169,CUST-10821,Australia,Oceania,Brisbane,Basketball,Dame,Male,42,Mobile App,Consumer,Debit Card,Eid Campaign,1.0,98.52,5.0,93.59,63.44,30.15,4,No,Completed,62,1,799,15159.39,235.71
ORD-101082,1970-01-01 05:00:45.035,CUST-10057,Usa,North America,Houston,Lifestyle,Campus,Female,42,Online Store,Consumer,Digital Wallet,Sports Event,1.0,60.52,15.0,51.44,27.6,23.84,4,No,Cancelled,42,5,334,14223.81,3991.46
ORD-101083,1970-01-01 05:00:45.314,CUST-10114,Usa,North America,Houston,Football,Copa,Male,44,Wholesale,Business,Digital Wallet,New Year Sale,1.0,88.96,0.0,88.96,38.75,50.21,5,No,Completed,40,4,454,87759.41,4264.23
ORD-101084,1970-01-01 05:00:45.436,CUST-10298,Usa,North America,New York,Running,Ultraboost,Male,38,Online Store,Consumer,Bank Transfer,Black Friday,1.0,195.24,20.0,156.19,121.75,34.44,5,No,Completed,58,5,712,92168.82,2135.78
ORD-101085,1970-01-01 05:00:45.491,CUST-10686,Saudi Arabia,Middle East,Riyadh,Running,Ultraboost,Unisex,43,Mobile App,Premium Consumer,Credit Card,Summer Sale,1.0,212.49,5.0,201.87,151.5,50.37,5,No,Completed,56,7,950,96439.51,1838.79
ORD-101086,1970-01-01 05:00:45.277,CUST-10268,Uk,Europe,London,Training,Powerlift,Female,44,Wholesale,Premium Consumer,Credit Card,No Campaign,1.0,98.7,0.0,98.7,53.0,45.7,3,No,Completed,62,4,411,68209.99,1052.58
ORD-101087,1970-01-01 05:00:45.552,CUST-10115,Uae,Middle East,Sharjah,Lifestyle,Superstar,Male,38,Marketplace,Business,Credit Card,Summer Sale,2.0,140.07,10.0,252.13,176.97,75.16,1,No,Cancelled,43,5,469,77216.14,339.7
ORD-101088,1970-01-01 05:00:45.217,CUST-10497,Uae,Middle East,Dubai,Basketball,Own The Game,Unisex,44,Mobile App,Premium Consumer,Credit Card,Summer Sale,1.0,175.03,0.0,175.03,117.38,57.65,4,No,Completed,38,2,514,83660.58,3752.38
ORD-101089,1970-01-01 05:00:44.946,CUST-10739,Uk,Europe,Birmingham,Running,Adizero,Female,44,Wholesale,Consumer,Digital Wallet,Summer Sale,1.0,136.13,10.0,122.52,93.59,28.93,3,No,Completed,41,3,564,66062.74,461.26
ORD-101090,1970-01-01 05:00:44.962,CUST-10203,Australia,Oceania,Brisbane,Running,Ultraboost,Unisex,44,Retail Store,Business,Bank Transfer,Summer Sale,1.0,178.1,0.0,178.1,74.41,103.69,5,No,Completed,38,4,937,33359.19,4728.88
ORD-101091,1970-01-01 05:00:45.550,CUST-10095,Uae,Middle East,Sharjah,Running,Ultraboost,Female,38,Mobile App,Business,Cash on Delivery,New Year Sale,1.0,76.04,5.0,72.24,48.83,23.41,3,No,Pending,60,4,769,16060.51,1554.04
ORD-101092,1970-01-01 05:00:45.446,CUST-10343,Uk,Europe,Manchester,Outdoor,Five Ten,Female,36,Marketplace,Premium Consumer,Cash on Delivery,New Year Sale,2.0,131.78,0.0,263.56,184.34,79.22,4,No,Completed,58,5,120,24108.69,3991.8
ORD-101093,1970-01-01 05:00:45.990,CUST-10051,Australia,Oceania,Brisbane,Running,Solarboost,Unisex,36,Retail Store,Premium Consumer,Debit Card,Sports Event,2.0,208.06,0.0,416.12,267.87,148.25,3,No,Completed,56,5,149,84121.2,392.44
ORD-101094,1970-01-01 05:00:44.990,CUST-10552,Uae,Middle East,Dubai,Basketball,Own The Game,Unisex,43,Marketplace,Consumer,Credit Card,Summer Sale,1.0,67.57,0.0,67.57,40.28,27.29,5,No,Completed,46,4,152,69761.68,2727.77
ORD-101095,1970-01-01 05:00:45.487,CUST-10060,Usa,North America,Houston,Outdoor,Terrex,Unisex,40,Marketplace,Business,Cash on Delivery,Black Friday,1.0,113.54,30.0,79.48,64.98,14.5,5,No,Completed,61,4,728,45851.68,1810.59
ORD-101096,1970-01-01 05:00:45.492,CUST-10241,Usa,North America,Chicago,Lifestyle,Superstar,Male,38,Wholesale,Business,Cash on Delivery,New Year Sale,1.0,148.7,20.0,118.96,103.23,15.73,4,No,Completed,60,3,927,3425.81,247.01
ORD-101097,1970-01-01 05:00:45.637,CUST-10064,India,South Asia,Bangalore,Training,Rapidmove,Male,36,Mobile App,Business,Debit Card,Eid Campaign,1.0,131.43,20.0,105.14,73.46,31.68,4,No,Cancelled,23,4,646,26987.33,3313.42
ORD-101098,1970-01-01 05:00:45.260,CUST-10783,Uae,Middle East,Abu Dhabi,Lifestyle,Campus,Female,44,Online Store,Premium Consumer,Credit Card,Eid Campaign,1.0,119.84,50.0,59.92,61.89,-1.97,2,No,Pending,38,3,255,73025.3,4721.5
ORD-101099,1970-01-01 05:00:45.179,CUST-10001,Pakistan,South Asia,Lahore,Football,Copa,Female,44,Online Store,Premium Consumer,Cash on Delivery,Sports Event,2.0,169.9,10.0,305.82,191.93,113.89,5,Yes,Returned,32,1,573,51482.53,152.69
ORD-101100,1970-01-01 05:00:45.209,CUST-10596,Pakistan,South Asia,Islamabad,Running,Solarboost,Female,45,Wholesale,Consumer,Credit Card,Sports Event,1.0,132.8,50.0,66.4,91.87,-25.47,5,No,Completed,63,14,798,43835.48,1425.14
ORD-101101,1970-01-01 05:00:45.811,CUST-10896,Uk,Europe,Birmingham,Football,X Crazyfast,Male,44,Retail Store,Consumer,Digital Wallet,Black Friday,1.0,81.78,15.0,69.51,52.38,17.13,5,No,Completed,42,10,62,31711.1,3547.67
ORD-101102,1970-01-01 05:00:45.792,CUST-10859,Saudi Arabia,Middle East,Jeddah,Outdoor,Five Ten,Male,38,Marketplace,Business,Cash on Delivery,Summer Sale,1.0,134.82,20.0,107.86,61.71,46.15,2,No,Completed,50,5,292,60889.72,4369.14
ORD-101103,1970-01-01 05:00:45.212,CUST-10778,Usa,North America,Los Angeles,Outdoor,Agravic,Female,40,Mobile App,Business,Debit Card,Black Friday,1.0,143.7,10.0,129.33,77.11,52.22,3,No,Completed,28,1,67,96655.35,1034.82
ORD-101104,1970-01-01 05:00:45.871,CUST-10134,Uk,Europe,Birmingham,Running,Solarboost,Male,43,Mobile App,Consumer,Debit Card,New Year Sale,1.0,136.05,0.0,136.05,82.51,53.54,4,No,Completed,31,3,224,90161.8,446.51
ORD-101105,1970-01-01 05:00:45.958,CUST-10137,Australia,Oceania,Brisbane,Outdoor,Agravic,Unisex,42,Mobile App,Premium Consumer,Digital Wallet,Eid Campaign,1.0,109.56,10.0,98.6,75.8,22.8,5,No,Pending,61,3,846,3534.54,142.34
ORD-101106,1970-01-01 05:00:44.983,CUST-10871,Usa,North America,New York,Training,Rapidmove,Female,38,Retail Store,Business,Cash on Delivery,Summer Sale,1.0,119.36,20.0,-1000.0,64.98,30.51,3,No,Cancelled,42,4,648,48354.91,1154.51
ORD-101107,1970-01-01 05:00:45.036,CUST-10138,Germany,Europe,Munich,Football,Copa,Male,43,Online Store,Premium Consumer,Bank Transfer,Eid Campaign,1.0,172.38,50.0,86.19,97.74,-11.55,3,No,Completed,56,1,453,33282.2,449.45
ORD-101108,1970-01-01 05:00:45.480,CUST-10519,Pakistan,South Asia,Lahore,Running,Ultraboost,Female,38,Marketplace,Business,Digital Wallet,Sports Event,1.0,186.9,15.0,158.86,134.25,24.61,5,No,Completed,37,3,557,51305.16,1860.97
ORD-101109,1970-01-01 05:00:45.973,CUST-10822,Germany,Europe,Hamburg,Running,Ultraboost,Unisex,36,Retail Store,Business,Debit Card,New Year Sale,2.0,218.38,5.0,414.92,282.03,132.89,5,No,Completed,24,5,606,60818.26,2256.62
ORD-101110,1970-01-01 05:00:45.243,CUST-10059,Australia,Oceania,Melbourne,Football,X Crazyfast,Male,44,Online Store,Premium Consumer,Bank Transfer,No Campaign,1.0,159.37,5.0,151.4,83.19,68.21,5,No,Cancelled,46,14,289,20402.79,2451.63
ORD-101111,1970-01-01 05:00:44.927,CUST-10693,Saudi Arabia,Middle East,Riyadh,Running,Ultraboost,Unisex,38,Wholesale,Consumer,Debit Card,Summer Sale,1.0,203.31,0.0,203.31,138.53,64.78,5,No,Completed,29,4,875,78266.02,797.41
ORD-101112,1970-01-01 05:00:45.962,CUST-10857,India,South Asia,Mumbai,Training,Dropset,Female,36,Online Store,Premium Consumer,Digital Wallet,Eid Campaign,1.0,110.26,15.0,93.72,65.9,27.82,5,No,Cancelled,30,7,246,47769.27,2373.54
ORD-101113,1970-01-01 05:00:45.826,CUST-10729,Uae,Middle East,Sharjah,Football,Copa,Unisex,38,Mobile App,Consumer,Credit Card,Summer Sale,2.0,78.4,20.0,125.44,96.74,28.7,5,No,Pending,26,14,315,99204.6,144.35
ORD-101114,1970-01-01 05:00:45.276,CUST-10448,Uae,Middle East,Sharjah,Outdoor,Ridgewalker,Unisex,45,Retail Store,Premium Consumer,Digital Wallet,Black Friday,2.0,174.02,15.0,295.83,182.67,113.16,4,No,Completed,64,3,997,49894.45938032529,1273.16
ORD-101115,1970-01-01 05:00:45.936,CUST-10170,Uk,Europe,Manchester,Outdoor,Terrex,Unisex,44,Mobile App,Premium Consumer,Credit Card,Eid Campaign,1.0,169.2,0.0,169.2,106.49,62.71,3,No,Completed,45,4,908,19377.06,1908.52
ORD-101116,1970-01-01 05:00:44.984,CUST-10223,Usa,North America,Chicago,Training,Powerlift,Female,38,Wholesale,Premium Consumer,Credit Card,New Year Sale,2.0,60.99,0.0,121.98,60.6,61.38,3,No,Completed,25,2,291,69118.17,679.92
ORD-101117,1970-01-01 05:00:45.014,CUST-10778,Uk,Europe,Manchester,Running,Duramo,Male,44,Mobile App,Premium Consumer,Credit Card,Summer Sale,4.0,71.8,10.0,258.48,139.59,118.89,2,No,Completed,25,3,479,69670.38,4088.62
ORD-101118,1970-01-01 05:00:45.641,CUST-10796,Germany,Europe,Hamburg,Lifestyle,Gazelle,Male,43,Wholesale,Consumer,Debit Card,Sports Event,1.0,70.9,15.0,60.26,30.53,29.73,4,No,Cancelled,63,1,213,58427.73,1085.94
ORD-101119,1970-01-01 05:00:45.868,CUST-10869,Uae,Middle East,Sharjah,Basketball,Dame,Male,44,Marketplace,Premium Consumer,Credit Card,Sports Event,1.0,126.66,0.0,126.66,63.29,63.37,5,No,Completed,63,1,767,97210.02,3798.96
ORD-101120,1970-01-01 05:00:45.296,CUST-10055,Australia,Oceania,Brisbane,Training,Rapidmove,Unisex,45,Wholesale,Premium Consumer,Debit Card,Sports Event,1.0,67.25,15.06,47.08,47.39,-0.31,5,No,Completed,34,6,559,41823.84,2422.08
ORD-101121,1970-01-01 05:00:45.753,CUST-10594,Germany,Europe,Berlin,Lifestyle,Campus,Male,38,Retail Store,Consumer,Credit Card,No Campaign,2.0,133.76,5.0,254.14,165.02,89.12,2,No,Completed,56,6,604,41995.16,2450.74
ORD-101122,1970-01-01 05:00:45.589,CUST-10016,India,South Asia,Mumbai,Training,Rapidmove,Unisex,42,Online Store,Consumer,Digital Wallet,Eid Campaign,1.0,64.7,10.0,58.23,39.95,18.28,5,No,Completed,21,3,970,91092.4,3261.45
ORD-101123,1970-01-01 05:00:45.161,CUST-10187,India,South Asia,Delhi,Running,Solarboost,Unisex,38,Mobile App,Premium Consumer,Bank Transfer,Sports Event,3.0,215.35,20.0,516.84,366.68,150.16,4,No,Completed,40,3,517,54074.96,316.96
ORD-101124,1970-01-01 05:00:45.147,CUST-10480,Pakistan,South Asia,Faisalabad,Football,Copa,Female,40,Wholesale,Business,Debit Card,Summer Sale,1.0,79.29,0.0,79.29,47.37,31.92,5,No,Completed,27,3,900,35695.9,485.92
ORD-101125,1970-01-01 05:00:45.512,CUST-10155,Uk,Europe,London,Training,Rapidmove,Male,40,Mobile App,Business,Debit Card,No Campaign,1.0,50.78,50.0,25.39,26.6,-1.21,5,No,Completed,21,4,192,72034.33,1701.53
ORD-101126,1970-01-01 05:00:45.343,CUST-10118,Pakistan,South Asia,Lahore,Outdoor,Terrex,Male,36,Marketplace,Premium Consumer,Bank Transfer,New Year Sale,1.0,166.31,15.0,141.36,100.06,41.3,5,No,Completed,24,2,614,62157.23,2142.43
ORD-101127,1970-01-01 05:00:46.008,CUST-10309,India,South Asia,Chennai,Basketball,Harden,Male,42,Wholesale,Premium Consumer,Bank Transfer,Black Friday,1.0,110.13,0.0,110.13,56.71,53.42,3,No,Completed,62,5,433,30987.8,2206.71
ORD-101128,1970-01-01 05:00:45.064,CUST-10347,Germany,Europe,Munich,Lifestyle,Gazelle,Female,43,Online Store,Business,Credit Card,Summer Sale,1.0,127.35,20.0,101.88,71.4,30.48,5,No,Completed,48,3,73,30143.92,3416.75
ORD-101129,1970-01-01 05:00:45.948,CUST-10720,Uk,Europe,London,Running,Ultraboost,Male,45,Marketplace,Consumer,Debit Card,Black Friday,1.0,128.59,15.0,109.3,64.44,44.86,5,Yes,Returned,38,1,73,39863.47,103.45
ORD-101130,1970-01-01 05:00:45.066,CUST-10142,Uk,Europe,London,Training,Everyday,Female,38,Wholesale,Business,Debit Card,New Year Sale,1.0,130.46,15.0,110.89,77.08,33.81,4,No,Completed,43,4,624,7626.2,4799.61
ORD-101131,1970-01-01 05:00:45.154,CUST-10201,Uk,Europe,Birmingham,Training,Dropset,Female,44,Online Store,Consumer,Cash on Delivery,Eid Campaign,2.0,141.26,0.0,282.52,184.5,98.02,2,Yes,Returned,19,5,663,94290.38,954.99
ORD-101132,1970-01-01 05:00:45.048,CUST-10499,Uk,Europe,London,Football,Copa,Male,45,Marketplace,Business,Credit Card,Summer Sale,1.0,105.0,15.0,89.25,69.18,20.07,4,No,Completed,63,7,262,18710.49,1318.3
ORD-101133,1970-01-01 05:00:45.635,CUST-10804,Australia,Oceania,Sydney,Running,Ultraboost,Female,38,Wholesale,Premium Consumer,Debit Card,Black Friday,1.0,151.58,5.0,144.0,96.33,47.67,4,No,Cancelled,24,4,85,52415.25691767589,4537.57
ORD-101134,1970-01-01 05:00:45.944,CUST-10669,Pakistan,South Asia,Rawalpindi,Running,Ultraboost,Male,42,Mobile App,Premium Consumer,Cash on Delivery,Summer Sale,1.0,146.73,0.0,146.73,82.29,64.44,4,No,Completed,35,2,57,64880.32,126.91
ORD-101135,1970-01-01 05:00:45.328,CUST-10381,Pakistan,South Asia,Rawalpindi,Running,Ultraboost,Unisex,43,Online Store,Business,Digital Wallet,No Campaign,2.0,195.83,5.0,372.08,173.9,198.18,5,Yes,Returned,22,4,660,72562.58,4957.4
ORD-101136,1970-01-01 05:00:45.807,CUST-10379,Usa,North America,Houston,Training,Powerlift,Male,40,Online Store,Premium Consumer,Credit Card,New Year Sale,1.0,126.23,15.0,107.3,86.4,20.9,5,No,Completed,29,7,725,73815.13,276.19
ORD-101137,1970-01-01 05:00:45.629,CUST-10063,Germany,Europe,Munich,Basketball,Harden,Male,42,Retail Store,Consumer,Bank Transfer,No Campaign,2.0,106.18,10.0,191.12,125.91,65.21,5,No,Completed,43,3,416,37819.96,690.67
ORD-101138,1970-01-01 05:00:44.957,CUST-10202,Saudi Arabia,Middle East,Dammam,Training,Dropset,Male,36,Online Store,Consumer,Debit Card,Eid Campaign,2.0,56.02,10.0,100.84,63.13,37.71,4,No,Completed,54,10,811,87396.23,1276.52
ORD-101139,1970-01-01 05:00:45.570,CUST-10510,Uae,Middle East,Dubai,Basketball,D.O.N. Issue,Unisex,42,Marketplace,Consumer,Bank Transfer,Eid Campaign,2.0,117.37,50.0,117.37,136.42,-19.05,2,No,Completed,50,2,280,54627.91,2249.74
ORD-101140,1970-01-01 05:00:45.084,CUST-10709,Australia,Oceania,Sydney,Outdoor,Terrex,Female,45,Retail Store,Premium Consumer,Cash on Delivery,Summer Sale,2.0,123.63,15.0,210.17,174.7,35.47,5,No,Pending,32,2,606,44139.46,2640.41
ORD-101141,1970-01-01 05:00:45.678,CUST-10238,Australia,Oceania,Brisbane,Outdoor,Agravic,Female,42,Wholesale,Premium Consumer,Cash on Delivery,Sports Event,2.0,126.31,20.0,202.1,107.82,94.28,5,No,Cancelled,59,3,207,81133.45,613.12
ORD-101142,1970-01-01 05:00:45.768,CUST-10490,India,South Asia,Kolkata,Running,Solarboost,Female,44,Online Store,Consumer,Debit Card,New Year Sale,1.0,143.13,15.0,121.66,94.23,27.43,4,No,Completed,36,5,883,24734.34,461.0
ORD-101143,1970-01-01 05:00:45.178,CUST-10532,Saudi Arabia,Middle East,Jeddah,Basketball,Harden,Unisex,40,Online Store,Consumer,Digital Wallet,Sports Event,1.0,137.0,10.0,123.3,70.37,52.93,4,No,Completed,63,2,142,86088.45,256.11
ORD-101144,1970-01-01 05:00:45.948,CUST-10159,Australia,Oceania,Sydney,Running,Ultraboost,Female,38,Wholesale,Premium Consumer,Cash on Delivery,No Campaign,1.0,95.85,0.0,95.85,49.49,46.36,4,No,Completed,62,3,412,54113.52,1358.08
ORD-101145,1970-01-01 05:00:45.941,CUST-10744,Pakistan,South Asia,Lahore,Basketball,Own The Game,Female,43,Mobile App,Consumer,Debit Card,Summer Sale,1.0,105.07,5.0,99.82,49.58,50.24,4,No,Cancelled,54,5,594,90055.79,4615.51
ORD-101146,1970-01-01 05:00:46.017,CUST-10629,Usa,North America,New York,Football,F50,Unisex,44,Online Store,Business,Cash on Delivery,No Campaign,2.0,162.77,0.0,325.54,176.8,148.74,4,No,Completed,43,3,51,20560.45,2010.23
ORD-101147,1970-01-01 05:00:44.983,CUST-10386,Germany,Europe,Munich,Basketball,Harden,Unisex,43,Mobile App,Business,Credit Card,No Campaign,1.0,96.42,10.0,86.78,40.35,46.43,3,No,Completed,46,6,16,93638.28,3843.64
ORD-101148,1970-01-01 05:00:46.022,CUST-10884,Usa,North America,Houston,Outdoor,Agravic,Female,45,Marketplace,Consumer,Digital Wallet,Eid Campaign,1.0,233.57,0.0,233.57,109.62,123.95,5,No,Cancelled,26,3,729,68943.74,1031.92
ORD-101149,1970-01-01 05:00:45.501,CUST-10135,Saudi Arabia,Middle East,Dammam,Football,Predator,Female,38,Retail Store,Business,Cash on Delivery,Black Friday,1.0,54.64,15.0,46.44,30.04,16.4,5,No,Completed,63,14,739,62023.69,416.93
ORD-101150,1970-01-01 05:00:45.667,CUST-10090,Usa,North America,Chicago,Running,Solarboost,Unisex,44,Wholesale,Consumer,Credit Card,Black Friday,2.0,74.35,20.0,500000.0,93.3,25.66,4,No,Completed,25,1,803,42495.72,2815.97
ORD-101151,1970-01-01 05:00:45.835,CUST-10736,Germany,Europe,Munich,Basketball,Harden,Male,44,Online Store,Premium Consumer,Credit Card,Black Friday,4.0,172.6,30.0,483.28,322.77,160.51,4,No,Completed,46,4,418,95653.34,4128.25
ORD-101152,1970-01-01 05:00:45.763,CUST-10478,Australia,Oceania,Sydney,Outdoor,Ridgewalker,Unisex,38,Marketplace,Business,Bank Transfer,Black Friday,3.0,160.81,15.0,410.07,251.27,158.8,5,No,Completed,53,7,423,44670.0,4502.45
ORD-101153,1970-01-01 05:00:45.455,CUST-10744,India,South Asia,Bangalore,Training,Powerlift,Female,44,Retail Store,Consumer,Debit Card,Summer Sale,1.0,49.34,10.0,44.41,28.57,15.84,3,No,Completed,34,4,918,50081.72880049893,2776.4
ORD-101154,1970-01-01 05:00:45.005,CUST-10895,Pakistan,South Asia,Rawalpindi,Football,Predator,Unisex,45,Mobile App,Business,Cash on Delivery,No Campaign,1.0,116.41,5.0,110.59,55.62,54.97,3,No,Completed,62,14,200,78259.06,1540.76
ORD-101155,1970-01-01 05:00:45.454,CUST-10732,Saudi Arabia,Middle East,Riyadh,Running,Solarboost,Unisex,42,Wholesale,Business,Credit Card,No Campaign,1.0,151.44,10.0,136.3,99.13,37.17,5,No,Completed,28,4,417,28841.82,636.61
ORD-101156,1970-01-01 05:00:45.085,CUST-10070,Saudi Arabia,Middle East,Dammam,Basketball,D.O.N. Issue,Female,38,Wholesale,Consumer,Debit Card,Summer Sale,1.0,123.18,0.0,123.18,65.3,57.88,5,No,Pending,43,3,441,29503.78,3372.33
ORD-101157,1970-01-01 05:00:45.778,CUST-10041,Germany,Europe,Berlin,Lifestyle,Campus,Unisex,38,Marketplace,Consumer,Credit Card,Black Friday,1.0,148.19,15.0,125.96,102.78,23.18,4,No,Completed,30,4,501,77642.12,1474.14
ORD-101158,1970-01-01 05:00:45.694,CUST-10179,Germany,Europe,Munich,Basketball,Own The Game,Female,36,Retail Store,Premium Consumer,Credit Card,Black Friday,1.0,179.28,0.0,0.0,82.57,96.71,5,No,Completed,33,6,81,13293.69,4235.42
ORD-101159,1970-01-01 05:00:45.144,CUST-10644,Uae,Middle East,Sharjah,Lifestyle,Samba,Male,42,Wholesale,Business,Bank Transfer,New Year Sale,1.0,123.78,30.0,86.65,71.92,14.73,3,No,Completed,27,10,639,82384.97,3065.09
ORD-101160,1970-01-01 05:00:44.993,CUST-10784,Germany,Europe,Hamburg,Football,F50,Unisex,40,Mobile App,Business,Credit Card,No Campaign,2.0,70.22,15.97,133.42,99.06,34.36,5,No,Completed,45,4,79,62704.91,4308.5
ORD-101161,1970-01-01 05:00:45.175,CUST-10248,Saudi Arabia,Middle East,Dammam,Lifestyle,Superstar,Male,44,Wholesale,Business,Digital Wallet,Black Friday,1.0,91.28,10.0,82.15,39.06,43.09,5,No,Completed,26,3,188,54138.83,2876.6
ORD-101162,1970-01-01 05:00:45.426,CUST-10867,Uk,Europe,Manchester,Football,Copa,Male,42,Retail Store,Premium Consumer,Cash on Delivery,Sports Event,1.0,101.03,0.0,101.03,71.55,29.48,4,No,Completed,42,3,479,23296.38,3881.54
ORD-101163,1970-01-01 05:00:45.838,CUST-10131,India,South Asia,Chennai,Outdoor,Ridgewalker,Female,38,Marketplace,Business,Bank Transfer,No Campaign,3.0,136.98,5.0,390.39,235.72,154.67,3,No,Completed,21,3,155,78743.63,1542.1
ORD-101164,1970-01-01 05:00:45.398,CUST-10680,Germany,Europe,Munich,Outdoor,Five Ten,Female,42,Wholesale,Consumer,Bank Transfer,Summer Sale,1.0,88.6,20.0,70.88,41.88,29.0,3,No,Completed,51,3,827,80592.83,2564.99
ORD-101165,1970-01-01 05:00:45.460,CUST-10451,Usa,North America,Houston,Outdoor,Ridgewalker,Female,42,Online Store,Consumer,Digital Wallet,Eid Campaign,1.0,82.78,8.64,74.5,42.52,31.98,4,No,Completed,59,3,159,48552.72,195.09
ORD-101166,1970-01-01 05:00:45.332,CUST-10096,Uae,Middle East,Dubai,Lifestyle,Superstar,Female,36,Retail Store,Consumer,Digital Wallet,No Campaign,1.0,118.44,10.0,106.6,71.79,34.81,5,No,Completed,61,5,753,39222.31,3078.38
ORD-101167,1970-01-01 05:00:45.185,CUST-10615,Australia,Oceania,Sydney,Outdoor,Terrex,Female,36,Retail Store,Consumer,Debit Card,New Year Sale,2.0,94.01,20.0,150.42,75.85,74.57,5,No,Completed,46,3,825,24993.1,2715.32
ORD-101168,1970-01-01 05:00:45.188,CUST-10766,Usa,North America,Houston,Training,Everyday,Unisex,45,Retail Store,Business,Cash on Delivery,No Campaign,1.0,110.86,30.0,77.6,52.07,25.53,4,No,Cancelled,33,4,593,75546.28,3800.88
ORD-101169,1970-01-01 05:00:45.019,CUST-10445,Germany,Europe,Berlin,Basketball,D.O.N. Issue,Unisex,42,Mobile App,Premium Consumer,Digital Wallet,Sports Event,1.0,146.01,10.0,131.41,73.32,58.09,3,No,Completed,27,2,43,64125.47,3671.88
ORD-101170,1970-01-01 05:00:45.202,CUST-10026,Usa,North America,Los Angeles,Basketball,Own The Game,Unisex,45,Online Store,Consumer,Credit Card,New Year Sale,2.0,134.74,30.0,188.64,129.4,59.24,5,No,Completed,56,5,161,21059.79,3175.32
ORD-101171,1970-01-01 05:00:45.703,CUST-10541,Germany,Europe,Munich,Outdoor,Five Ten,Female,40,Wholesale,Business,Bank Transfer,Black Friday,1.0,87.4,10.0,78.66,38.61,40.05,4,No,Completed,30,3,732,79549.57,377.76
ORD-101172,1970-01-01 05:00:45.937,CUST-10783,India,South Asia,Bangalore,Football,Copa,Male,45,Wholesale,Business,Bank Transfer,Eid Campaign,1.0,71.28,0.0,71.28,48.59,22.69,2,No,Completed,33,3,660,88279.43,4524.75
ORD-101173,1970-01-01 05:00:45.579,CUST-10851,Uk,Europe,London,Basketball,Own The Game,Male,36,Retail Store,Premium Consumer,Bank Transfer,Black Friday,1.0,116.44,20.0,93.15,47.86,45.29,4,No,Cancelled,19,4,635,6395.1,188.29
ORD-101174,1970-01-01 05:00:45.510,CUST-10103,Germany,Europe,Berlin,Running,Solarboost,Male,44,Marketplace,Premium Consumer,Digital Wallet,Summer Sale,1.0,219.07,0.0,-1000.0,103.62,115.45,4,No,Completed,61,2,509,77355.85,4036.01
ORD-101175,1970-01-01 05:00:45.144,CUST-10437,Uae,Middle East,Dubai,Basketball,Dame,Unisex,44,Retail Store,Consumer,Debit Card,New Year Sale,1.0,167.79,0.0,167.79,108.78,59.01,4,Yes,Returned,51,3,512,85353.79,2448.8
ORD-101176,1970-01-01 05:00:45.326,CUST-10753,Uae,Middle East,Dubai,Running,Ultraboost,Female,38,Marketplace,Consumer,Cash on Delivery,No Campaign,2.0,121.49,0.0,242.98,112.02,130.96,1,No,Completed,25,5,694,99155.04,4108.17
ORD-101177,1970-01-01 05:00:45.993,CUST-10056,Usa,North America,Los Angeles,Outdoor,Five Ten,Female,44,Online Store,Business,Credit Card,Eid Campaign,1.0,217.66,10.0,195.89,88.91,106.98,2,No,Pending,36,3,207,24141.35,2378.84
ORD-101178,1970-01-01 05:00:45.104,CUST-10112,Usa,North America,Los Angeles,Training,Everyday,Female,38,Marketplace,Consumer,Debit Card,Sports Event,1.0,65.46,20.0,52.37,28.39,23.98,3,No,Completed,55,3,944,37414.82,3270.0
ORD-101179,1970-01-01 05:00:45.965,CUST-10398,India,South Asia,Bangalore,Basketball,Harden,Female,44,Wholesale,Business,Credit Card,Sports Event,1.0,94.81,0.0,94.81,65.36,29.45,5,No,Completed,52,4,96,96636.01,1880.0
ORD-101180,1970-01-01 05:00:45.132,CUST-10167,Germany,Europe,Hamburg,Running,Duramo,Unisex,42,Retail Store,Business,Credit Card,Sports Event,3.0,198.13,0.0,594.39,341.73,252.66,5,No,Completed,63,4,20,9854.55,3744.03
ORD-101181,1970-01-01 05:00:45.697,CUST-10064,Pakistan,South Asia,Karachi,Football,X Crazyfast,Unisex,42,Marketplace,Premium Consumer,Debit Card,Eid Campaign,1.0,146.99,20.0,117.59,81.9,35.69,4,No,Completed,29,3,354,52608.93,1345.46
ORD-101182,1970-01-01 05:00:45.505,CUST-10470,Uae,Middle East,Dubai,Outdoor,Five Ten,Male,38,Wholesale,Business,Debit Card,No Campaign,1.0,164.11,0.0,164.11,114.42,49.69,4,No,Completed,44,5,950,50921.09,3624.84
ORD-101183,1970-01-01 05:00:45.354,CUST-10808,Usa,North America,Los Angeles,Running,Duramo,Male,43,Marketplace,Business,Digital Wallet,Sports Event,1.0,180.16,4.3,180.16,99.87,80.29,2,No,Completed,23,4,504,60851.5,1047.57
ORD-101184,1970-01-01 05:00:45.918,CUST-10168,Saudi Arabia,Middle East,Dammam,Outdoor,Agravic,Unisex,40,Marketplace,Consumer,Cash on Delivery,Sports Event,1.0,92.88,0.0,92.88,55.25,37.63,2,No,Completed,19,5,922,33413.87,3638.62
ORD-101185,1970-01-01 05:00:45.658,CUST-10433,Australia,Oceania,Brisbane,Training,Rapidmove,Female,44,Online Store,Consumer,Credit Card,Black Friday,1.0,112.24,0.0,112.24,47.93,64.31,2,No,Completed,48,3,403,92628.85,1538.99
ORD-101186,1970-01-01 05:00:45.433,CUST-10056,Usa,North America,Houston,Training,Everyday,Male,40,Mobile App,Premium Consumer,Credit Card,Black Friday,1.0,112.32,50.0,56.16,64.27,-8.11,4,No,Completed,45,4,222,27371.1,1465.3
ORD-101187,1970-01-01 05:00:45.917,CUST-10804,Usa,North America,Houston,Outdoor,Ridgewalker,Unisex,43,Retail Store,Consumer,Cash on Delivery,Black Friday,2.0,228.96,20.0,366.34,199.07,167.27,4,No,Pending,30,7,399,65144.7,4076.32
ORD-101188,1970-01-01 05:00:45.588,CUST-10728,Saudi Arabia,Middle East,Jeddah,Training,Dropset,Unisex,42,Mobile App,Premium Consumer,Digital Wallet,Eid Campaign,2.0,84.54,15.0,143.72,78.7,65.02,4,No,Completed,35,3,461,49844.74,4087.09
ORD-101189,1970-01-01 05:00:45.476,CUST-10823,Usa,North America,Houston,Basketball,D.O.N. Issue,Unisex,42,Marketplace,Business,Credit Card,Black Friday,1.0,64.48,0.0,64.48,26.66,37.82,3,No,Completed,62,14,559,27034.01,3487.87
ORD-101190,1970-01-01 05:00:45.268,CUST-10445,Australia,Oceania,Brisbane,Training,Powerlift,Male,38,Wholesale,Business,Cash on Delivery,Summer Sale,1.0,136.1,15.0,115.68,74.57,41.11,5,No,Completed,34,3,31,19290.95,4627.15
ORD-101191,1970-01-01 05:00:45.703,CUST-10524,Pakistan,South Asia,Lahore,Outdoor,Terrex,Male,42,Marketplace,Business,Credit Card,Sports Event,1.0,80.57,0.0,80.57,47.45,33.12,3,No,Completed,35,1,488,95677.93,865.35
ORD-101192,1970-01-01 05:00:45.668,CUST-10744,Pakistan,South Asia,Rawalpindi,Lifestyle,Gazelle,Male,40,Wholesale,Premium Consumer,Debit Card,Black Friday,1.0,108.35,5.0,102.93,61.38,41.55,5,No,Completed,38,3,287,56348.5,1419.67
ORD-101193,1970-01-01 05:00:45.773,CUST-10584,Uae,Middle East,Dubai,Basketball,Dame,Unisex,42,Online Store,Consumer,Credit Card,New Year Sale,1.0,63.42,0.0,63.42,37.32,26.1,4,Yes,Returned,64,3,436,60617.0,1540.67
ORD-101194,1970-01-01 05:00:45.920,CUST-10446,India,South Asia,Delhi,Lifestyle,Superstar,Male,44,Marketplace,Consumer,Debit Card,Sports Event,1.0,133.36,15.0,113.36,70.49,42.87,2,No,Completed,60,3,379,78398.1,1595.9
ORD-101195,1970-01-01 05:00:45.180,CUST-10561,Saudi Arabia,Middle East,Jeddah,Running,Solarboost,Unisex,43,Retail Store,Business,Cash on Delivery,No Campaign,1.0,141.9,30.0,99.33,73.84,25.49,4,No,Completed,48,2,436,8582.05,1707.36
ORD-101196,1970-01-01 05:00:44.968,CUST-10655,India,South Asia,Delhi,Running,Duramo,Unisex,45,Wholesale,Consumer,Credit Card,Sports Event,2.0,122.3,0.0,244.6,163.34,81.26,4,No,Completed,53,2,129,71519.54,3515.34
ORD-101197,1970-01-01 05:00:45.589,CUST-10339,Usa,North America,Houston,Football,Copa,Unisex,36,Marketplace,Premium Consumer,Digital Wallet,Summer Sale,1.0,175.16,20.0,140.13,108.99,31.14,4,No,Completed,39,2,440,16931.44,1426.71
ORD-101198,1970-01-01 05:00:45.698,CUST-10355,India,South Asia,Mumbai,Basketball,Own The Game,Female,38,Retail Store,Premium Consumer,Bank Transfer,Black Friday,2.0,149.36,0.0,298.72,188.11,110.61,5,No,Completed,24,1,492,74177.87,1501.02
ORD-101199,1970-01-01 05:00:45.710,CUST-10775,Australia,Oceania,Sydney,Basketball,Harden,Female,43,Marketplace,Business,Credit Card,Eid Campaign,1.0,141.92,10.0,127.73,68.15,59.58,4,No,Pending,19,3,789,40032.075969633246,2895.03
ORD-101200,1970-01-01 05:00:45.740,CUST-10573,Saudi Arabia,Middle East,Riyadh,Lifestyle,Samba,Female,42,Mobile App,Business,Credit Card,Sports Event,1.0,90.26,0.0,90.26,39.63,50.63,4,No,Completed,60,7,996,83333.12,1047.46
ORD-101201,1970-01-01 05:00:45.098,CUST-10017,Uk,Europe,London,Basketball,Harden,Unisex,40,Retail Store,Premium Consumer,Bank Transfer,Summer Sale,1.0,158.53,0.0,158.53,94.27,64.26,4,No,Completed,50,7,244,68261.12,1887.95
ORD-101202,1970-01-01 05:00:45.896,CUST-10236,India,South Asia,Kolkata,Football,F50,Unisex,42,Online Store,Premium Consumer,Cash on Delivery,Eid Campaign,1.0,58.91,5.0,55.96,29.18,26.78,4,No,Completed,21,5,51,38896.08,383.91
ORD-101203,1970-01-01 05:00:45.235,CUST-10407,Uk,Europe,London,Outdoor,Agravic,Female,43,Online Store,Premium Consumer,Debit Card,New Year Sale,1.0,164.23,30.0,114.96,112.56,2.4,4,No,Completed,58,1,720,36204.03,4767.48
ORD-101204,1970-01-01 05:00:45.568,CUST-10535,Australia,Oceania,Brisbane,Lifestyle,Superstar,Male,42,Mobile App,Business,Digital Wallet,New Year Sale,1.0,69.45,0.0,69.45,47.87,21.58,3,No,Completed,30,1,863,70513.67799878411,1654.81
ORD-101205,1970-01-01 05:00:45.085,CUST-10525,India,South Asia,Mumbai,Running,Duramo,Male,36,Retail Store,Business,Credit Card,Summer Sale,1.0,144.19,0.0,144.19,94.58,49.61,5,No,Completed,23,1,229,90453.31,4265.21
ORD-101206,1970-01-01 05:00:45.006,CUST-10634,Saudi Arabia,Middle East,Jeddah,Training,Dropset,Female,40,Wholesale,Premium Consumer,Debit Card,Sports Event,1.0,139.84,0.0,139.84,65.93,73.91,2,No,Completed,46,3,464,12293.66,2696.73
ORD-101207,1970-01-01 05:00:45.534,CUST-10606,Usa,North America,New York,Training,Dropset,Female,44,Marketplace,Business,Cash on Delivery,New Year Sale,1.0,57.98,10.0,52.18,32.21,19.97,5,No,Completed,47,14,185,47471.7,1218.24
ORD-101208,1970-01-01 05:00:45.216,CUST-10049,Germany,Europe,Munich,Lifestyle,Gazelle,Male,38,Wholesale,Business,Cash on Delivery,No Campaign,1.0,118.84,0.0,118.84,49.65,69.19,4,No,Completed,21,6,161,24033.59,1047.8
ORD-101209,1970-01-01 05:00:45.358,CUST-10690,Uk,Europe,Manchester,Training,Rapidmove,Unisex,40,Retail Store,Business,Digital Wallet,No Campaign,1.0,76.14,0.0,76.14,45.54,30.6,4,Yes,Returned,53,2,198,99634.59,3505.31
ORD-101210,1970-01-01 05:00:45.234,CUST-10476,Germany,Europe,Munich,Training,Powerlift,Male,36,Marketplace,Business,Debit Card,Summer Sale,1.0,148.13,0.0,148.13,72.92,75.21,4,No,Completed,18,3,988,58791.48,4827.86
ORD-101211,1970-01-01 05:00:45.604,CUST-10693,India,South Asia,Delhi,Lifestyle,Superstar,Male,44,Wholesale,Consumer,Credit Card,Black Friday,3.0,125.68,0.0,377.04,184.81,192.23,3,No,Completed,30,5,400,15383.66,997.04
ORD-101212,1970-01-01 05:00:45.321,CUST-10729,Saudi Arabia,Middle East,Jeddah,Basketball,D.O.N. Issue,Female,43,Wholesale,Business,Cash on Delivery,Black Friday,2.0,100.16,15.0,170.27,111.18,59.09,4,Yes,Returned,62,5,471,66922.62,665.56
ORD-101213,1970-01-01 05:00:45.085,CUST-10527,Usa,North America,Los Angeles,Basketball,Harden,Male,42,Marketplace,Consumer,Cash on Delivery,New Year Sale,2.0,140.11,5.0,266.21,176.55,89.66,5,Yes,Returned,23,2,455,99165.1,1996.79
ORD-101214,1970-01-01 05:00:45.603,CUST-10382,India,South Asia,Kolkata,Football,F50,Unisex,44,Wholesale,Business,Digital Wallet,Summer Sale,1.0,161.23,15.0,137.05,109.39,27.66,5,No,Completed,39,2,790,60701.81,2029.67
ORD-101215,1970-01-01 05:00:45.370,CUST-10740,Uae,Middle East,Dubai,Running,Adizero,Unisex,40,Retail Store,Consumer,Digital Wallet,No Campaign,3.0,117.95,10.0,318.47,247.73,70.74,1,No,Completed,24,4,544,46009.22,4050.64
ORD-101216,1970-01-01 05:00:45.207,CUST-10045,Germany,Europe,Hamburg,Running,Ultraboost,Female,43,Mobile App,Premium Consumer,Cash on Delivery,New Year Sale,2.0,70.66,10.0,127.19,59.29,67.9,4,No,Completed,42,2,412,29680.38,2397.56
ORD-101217,1970-01-01 05:00:45.699,CUST-10728,India,South Asia,Chennai,Football,F50,Unisex,44,Marketplace,Premium Consumer,Bank Transfer,Black Friday,1.0,77.03,23.1,53.92,42.88,11.04,5,No,Completed,20,5,530,38957.16190323199,406.06
ORD-101218,1970-01-01 05:00:45.267,CUST-10785,India,South Asia,Bangalore,Lifestyle,Gazelle,Unisex,40,Mobile App,Business,Digital Wallet,Eid Campaign,1.0,100.58,20.0,80.46,53.68,26.78,5,No,Completed,23,2,120,56359.94590114589,4611.27
ORD-101219,1970-01-01 05:00:45.818,CUST-10441,Uk,Europe,Birmingham,Outdoor,Terrex,Female,38,Online Store,Premium Consumer,Digital Wallet,No Campaign,1.0,86.33,5.0,82.01,53.74,28.27,4,No,Pending,55,2,68,55585.27,1928.62
ORD-101220,1970-01-01 05:00:45.364,CUST-10433,Germany,Europe,Hamburg,Outdoor,Five Ten,Unisex,42,Mobile App,Premium Consumer,Debit Card,No Campaign,1.0,247.89,5.0,235.5,164.24,71.26,4,No,Pending,58,2,292,75501.68,3375.81
ORD-101221,1970-01-01 05:00:45.666,CUST-10805,Pakistan,South Asia,Rawalpindi,Football,F50,Male,36,Wholesale,Premium Consumer,Cash on Delivery,No Campaign,1.0,76.43,30.0,500000.0,51.99,1.51,5,No,Completed,42,1,726,36823.45289219065,3370.69
ORD-101222,1970-01-01 05:00:45.486,CUST-10553,Germany,Europe,Berlin,Basketball,D.O.N. Issue,Unisex,44,Mobile App,Premium Consumer,Credit Card,Sports Event,2.0,89.75,20.0,143.6,104.65,38.95,5,No,Cancelled,64,4,634,79474.37,376.08
ORD-101223,1970-01-01 05:00:44.989,CUST-10423,Uk,Europe,Birmingham,Basketball,D.O.N. Issue,Female,44,Mobile App,Consumer,Digital Wallet,Sports Event,1.0,165.56,10.0,149.0,111.4,37.6,5,Yes,Returned,18,2,409,12983.79,117.66
ORD-101224,1970-01-01 05:00:44.986,CUST-10876,India,South Asia,Kolkata,Running,Solarboost,Unisex,40,Retail Store,Consumer,Credit Card,Eid Campaign,2.0,119.25,0.0,238.5,121.19,117.31,5,No,Cancelled,34,2,279,77459.26,531.38
ORD-101225,1970-01-01 05:00:45.054,CUST-10662,India,South Asia,Mumbai,Running,Duramo,Male,45,Marketplace,Consumer,Bank Transfer,Sports Event,1.0,105.11,10.0,94.6,71.94,22.66,4,No,Completed,41,5,565,58369.65,4787.0
ORD-101226,1970-01-01 05:00:45.273,CUST-10351,Pakistan,South Asia,Rawalpindi,Basketball,Dame,Unisex,42,Wholesale,Consumer,Digital Wallet,Eid Campaign,3.0,142.3,30.0,298.83,226.96,71.87,4,No,Completed,55,1,532,47176.2,3990.57
ORD-101227,1970-01-01 05:00:45.954,CUST-10598,Pakistan,South Asia,Karachi,Running,Adizero,Unisex,44,Online Store,Consumer,Digital Wallet,No Campaign,2.0,216.71,30.0,303.39,271.24,32.15,3,No,Completed,59,2,608,57490.03,746.86
ORD-101228,1970-01-01 05:00:45.962,CUST-10276,Uk,Europe,Manchester,Lifestyle,Gazelle,Male,36,Marketplace,Premium Consumer,Bank Transfer,Black Friday,1.0,96.34,10.0,86.71,68.99,17.72,4,No,Completed,25,2,857,1303.5,3112.86
ORD-101229,1970-01-01 05:00:45.103,CUST-10200,India,South Asia,Kolkata,Basketball,Own The Game,Female,38,Online Store,Consumer,Debit Card,Sports Event,2.0,93.86,0.0,187.72,126.52,61.2,5,No,Completed,54,1,649,7239.16,3098.67
ORD-101230,1970-01-01 05:00:44.968,CUST-10330,India,South Asia,Mumbai,Football,Copa,Male,42,Marketplace,Premium Consumer,Credit Card,Sports Event,1.0,99.68,50.0,49.84,61.46,-11.62,5,No,Completed,18,4,553,25859.317607138935,102.74
ORD-101231,1970-01-01 05:00:45.198,CUST-10123,Saudi Arabia,Middle East,Jeddah,Basketball,Harden,Male,43,Marketplace,Consumer,Cash on Delivery,Summer Sale,1.0,92.24,15.0,78.4,44.67,33.73,3,No,Completed,55,3,924,17775.12,2202.41
ORD-101232,1970-01-01 05:00:45.312,CUST-10341,Germany,Europe,Munich,Training,Powerlift,Male,40,Marketplace,Premium Consumer,Digital Wallet,Black Friday,1.0,54.42,17.36,43.54,36.74,6.8,4,No,Completed,30,4,952,41232.70161677562,3587.7
ORD-101233,1970-01-01 05:00:45.671,CUST-10291,India,South Asia,Bangalore,Training,Everyday,Unisex,45,Mobile App,Business,Debit Card,No Campaign,2.0,130.49,15.0,221.83,127.8,94.03,5,No,Completed,43,3,757,35744.25,1015.28
ORD-101234,1970-01-01 05:00:45.815,CUST-10186,Usa,North America,Chicago,Football,X Crazyfast,Unisex,44,Retail Store,Premium Consumer,Bank Transfer,New Year Sale,2.0,161.44,5.0,306.74,146.7,160.04,5,No,Completed,39,4,418,90787.5,4269.43
ORD-101235,1970-01-01 05:00:45.455,CUST-10111,Uk,Europe,London,Running,Adizero,Female,38,Online Store,Consumer,Bank Transfer,Sports Event,1.0,179.87,15.0,152.89,90.05,62.84,5,No,Completed,56,14,27,94993.5,3335.49
ORD-101236,1970-01-01 05:00:45.883,CUST-10202,Uae,Middle East,Sharjah,Training,Powerlift,Female,42,Wholesale,Premium Consumer,Bank Transfer,No Campaign,1.0,136.34,10.0,122.71,95.21,27.5,4,No,Completed,28,2,395,97988.52,133.93
ORD-101237,1970-01-01 05:00:45.661,CUST-10200,Germany,Europe,Berlin,Outdoor,Terrex,Male,43,Mobile App,Premium Consumer,Cash on Delivery,Sports Event,1.0,110.74,15.0,94.13,79.48,14.65,4,Yes,Returned,23,2,569,89944.33,4289.08
ORD-101238,1970-01-01 05:00:45.554,CUST-10787,India,South Asia,Mumbai,Football,Copa,Female,45,Retail Store,Consumer,Digital Wallet,New Year Sale,1.0,155.7,30.0,108.99,87.32,21.67,5,No,Completed,56,5,638,98596.14,195.06
ORD-101239,1970-01-01 05:00:45.744,CUST-10468,Australia,Oceania,Melbourne,Lifestyle,Superstar,Male,38,Marketplace,Business,Cash on Delivery,Eid Campaign,1.0,90.54,15.0,76.96,62.71,14.25,2,No,Completed,41,10,427,70761.64,4450.85
ORD-101240,1970-01-01 05:00:45.406,CUST-10109,Usa,North America,New York,Basketball,D.O.N. Issue,Female,43,Marketplace,Business,Digital Wallet,New Year Sale,99.0,131.34,15.0,111.64,90.61,21.03,3,No,Completed,38,4,774,96073.96,1735.22
ORD-101241,1970-01-01 05:00:45.542,CUST-10320,Pakistan,South Asia,Rawalpindi,Football,X Crazyfast,Unisex,45,Retail Store,Business,Debit Card,Summer Sale,2.0,132.8,5.0,252.32,135.98,116.34,4,No,Completed,32,2,143,64358.35,3523.39
ORD-101242,1970-01-01 05:00:45.560,CUST-10331,Germany,Europe,Berlin,Running,Ultraboost,Female,44,Mobile App,Consumer,Digital Wallet,No Campaign,2.0,182.05,0.0,364.1,154.97,209.13,5,Yes,Returned,41,1,979,81016.81,3958.41
ORD-101243,1970-01-01 05:00:45.544,CUST-10202,Uae,Middle East,Abu Dhabi,Football,X Crazyfast,Male,40,Retail Store,Consumer,Digital Wallet,No Campaign,1.0,102.88,4.07,102.88,52.96,49.92,5,No,Completed,51,3,92,13625.04,1478.22
ORD-101244,1970-01-01 05:00:44.937,CUST-10209,Saudi Arabia,Middle East,Jeddah,Football,Copa,Male,42,Online Store,Premium Consumer,Bank Transfer,No Campaign,1.0,50.45,5.0,47.93,20.59,27.34,5,No,Completed,43,7,34,68418.66,1846.54
ORD-101245,1970-01-01 05:00:45.894,CUST-10288,Usa,North America,Houston,Outdoor,Ridgewalker,Female,42,Online Store,Premium Consumer,Debit Card,Black Friday,1.0,194.29,5.0,184.58,78.81,105.77,4,No,Completed,46,4,603,93144.78,2596.75
ORD-101246,1970-01-01 05:00:45.506,CUST-10743,Uae,Middle East,Sharjah,Training,Everyday,Unisex,43,Wholesale,Premium Consumer,Bank Transfer,No Campaign,1.0,45.01,20.0,36.01,24.2,11.81,4,No,Cancelled,30,4,774,54234.8,2955.19
ORD-101247,1970-01-01 05:00:45.381,CUST-10398,Germany,Europe,Hamburg,Training,Dropset,Male,42,Marketplace,Premium Consumer,Cash on Delivery,New Year Sale,1.0,111.72,10.0,100.55,59.08,41.47,5,No,Completed,48,4,469,19088.56,1531.01
ORD-101248,1970-01-01 05:00:45.085,CUST-10684,Pakistan,South Asia,Karachi,Lifestyle,Superstar,Male,44,Retail Store,Consumer,Debit Card,Black Friday,2.0,77.11,10.0,138.8,103.43,35.37,4,No,Completed,45,3,525,52925.41,4962.74
ORD-101249,1970-01-01 05:00:45.713,CUST-10398,Usa,North America,Los Angeles,Running,Solarboost,Female,40,Marketplace,Premium Consumer,Digital Wallet,Sports Event,1.0,150.09,0.0,150.09,84.05,66.04,5,No,Completed,23,2,314,70840.63,3711.32
ORD-101250,1970-01-01 05:00:45.790,CUST-10562,Australia,Oceania,Sydney,Running,Solarboost,Male,43,Wholesale,Consumer,Digital Wallet,No Campaign,1.0,121.92,0.0,121.92,84.68,37.24,5,No,Completed,54,10,483,77093.96,1443.34
ORD-101251,1970-01-01 05:00:45.755,CUST-10087,Germany,Europe,Munich,Outdoor,Terrex,Male,42,Retail Store,Business,Bank Transfer,Eid Campaign,2.0,108.78,15.0,184.93,103.56,81.37,4,No,Completed,23,5,829,52608.35,3238.12
ORD-101252,1970-01-01 05:00:45.749,CUST-10369,Australia,Oceania,Melbourne,Running,Duramo,Male,44,Mobile App,Premium Consumer,Credit Card,New Year Sale,2.0,96.88,20.0,155.01,79.94,75.07,4,No,Completed,31,4,713,22128.12,2233.32
ORD-101253,1970-01-01 05:00:45.896,CUST-10294,Australia,Oceania,Brisbane,Lifestyle,Campus,Male,45,Marketplace,Consumer,Debit Card,Eid Campaign,1.0,93.46,0.0,93.46,50.32,43.14,4,No,Completed,33,3,375,92705.53,4315.61
ORD-101254,1970-01-01 05:00:45.234,CUST-10785,Usa,North America,New York,Outdoor,Terrex,Female,44,Retail Store,Business,Bank Transfer,Sports Event,1.0,180.66,5.0,171.63,84.69,86.94,3,No,Completed,64,3,833,77474.93,1711.86
ORD-101255,1970-01-01 05:00:45.878,CUST-10437,Australia,Oceania,Melbourne,Training,Dropset,Male,38,Mobile App,Premium Consumer,Cash on Delivery,No Campaign,1.0,141.71,8.51,141.71,92.38,49.33,5,No,Completed,61,1,789,27433.5,1020.48
ORD-101256,1970-01-01 05:00:45.618,CUST-10846,Germany,Europe,Hamburg,Basketball,Own The Game,Female,36,Wholesale,Premium Consumer,Debit Card,Black Friday,1.0,166.09,20.0,132.87,97.15,35.72,1,No,Completed,39,2,655,81275.39,326.07
ORD-101257,1970-01-01 05:00:45.841,CUST-10730,Germany,Europe,Munich,Training,Dropset,Female,36,Wholesale,Consumer,Cash on Delivery,Sports Event,1.0,148.39,20.0,118.71,84.4,34.31,4,No,Completed,59,3,866,33414.77730818735,4923.12
ORD-101258,1970-01-01 05:00:45.436,CUST-10557,Pakistan,South Asia,Karachi,Lifestyle,Superstar,Male,45,Online Store,Consumer,Debit Card,Sports Event,3.0,139.71,0.0,419.13,270.01,149.12,4,No,Cancelled,41,3,487,46161.90369392339,1860.19
ORD-101259,1970-01-01 05:00:45.634,CUST-10634,Australia,Oceania,Melbourne,Training,Everyday,Unisex,38,Wholesale,Business,Digital Wallet,No Campaign,2.0,120.59,0.0,241.18,108.42,132.76,4,No,Completed,39,2,495,86376.12,1180.54
ORD-101260,1970-01-01 05:00:45.005,CUST-10154,India,South Asia,Mumbai,Basketball,Dame,Unisex,38,Mobile App,Business,Credit Card,Black Friday,2.0,132.63,20.0,212.21,159.19,53.02,5,No,Pending,58,2,970,87386.9,2509.67
ORD-101261,1970-01-01 05:00:44.972,CUST-10152,Uk,Europe,London,Training,Rapidmove,Unisex,44,Online Store,Premium Consumer,Credit Card,Summer Sale,1.0,117.55,0.0,117.55,54.73,62.82,4,No,Completed,34,5,375,40148.9,1529.03
ORD-101262,1970-01-01 05:00:45.027,CUST-10691,Uk,Europe,Manchester,Basketball,Harden,Unisex,44,Retail Store,Premium Consumer,Cash on Delivery,Sports Event,1.0,166.64,5.0,158.31,85.5,72.81,3,No,Completed,42,6,490,1387.82,1241.21
ORD-101263,1970-01-01 05:00:45.743,CUST-10494,Uae,Middle East,Dubai,Basketball,D.O.N. Issue,Unisex,44,Marketplace,Consumer,Digital Wallet,Summer Sale,1.0,168.4,15.0,143.14,97.9,45.24,4,No,Completed,27,1,298,19063.28,3120.28
ORD-101264,1970-01-01 05:00:45.489,CUST-10184,Pakistan,South Asia,Islamabad,Training,Powerlift,Female,42,Online Store,Consumer,Debit Card,No Campaign,1.0,48.37,15.0,41.11,23.84,17.27,5,No,Completed,61,2,352,90974.98,466.76
ORD-101265,1970-01-01 05:00:45.516,CUST-10227,Germany,Europe,Hamburg,Football,Predator,Unisex,44,Wholesale,Premium Consumer,Bank Transfer,Black Friday,1.0,82.94,15.0,70.5,49.53,20.97,3,No,Completed,52,5,353,89925.56,2594.07
ORD-101266,1970-01-01 05:00:45.629,CUST-10593,Usa,North America,Chicago,Training,Dropset,Female,42,Mobile App,Consumer,Digital Wallet,Sports Event,1.0,122.36,5.0,116.24,79.95,36.29,4,No,Completed,31,5,883,45607.8,1998.41
ORD-101267,1970-01-01 05:00:45.725,CUST-10124,Australia,Oceania,Melbourne,Football,X Crazyfast,Female,36,Wholesale,Consumer,Digital Wallet,New Year Sale,2.0,155.7,20.0,249.12,179.52,69.6,4,No,Completed,28,3,480,30759.61,2709.39
ORD-101268,1970-01-01 05:00:46.011,CUST-10606,Germany,Europe,Munich,Running,Adizero,Female,44,Marketplace,Premium Consumer,Digital Wallet,No Campaign,2.0,179.4,5.0,340.86,165.96,174.9,3,Yes,Returned,39,4,978,30623.46,1670.16
ORD-101269,1970-01-01 05:00:45.647,CUST-10014,Uae,Middle East,Dubai,Lifestyle,Gazelle,Female,43,Online Store,Premium Consumer,Bank Transfer,Sports Event,1.0,72.91,15.0,61.97,37.89,24.08,4,No,Completed,28,2,403,89770.88,2894.57
ORD-101270,1970-01-01 05:00:45.196,CUST-10734,Australia,Oceania,Melbourne,Football,F50,Unisex,38,Online Store,Premium Consumer,Debit Card,Summer Sale,1.0,174.24,10.0,156.82,87.21,69.61,4,No,Completed,46,5,393,32810.96,500.91
ORD-101271,1970-01-01 05:00:45.292,CUST-10780,India,South Asia,Mumbai,Lifestyle,Campus,Male,43,Wholesale,Premium Consumer,Cash on Delivery,Summer Sale,2.0,113.6,5.0,215.84,137.29,78.55,5,No,Completed,59,5,402,51402.24,1943.18
ORD-101272,1970-01-01 05:00:45.581,CUST-10741,Usa,North America,Chicago,Lifestyle,Campus,Unisex,38,Marketplace,Business,Bank Transfer,New Year Sale,2.0,150.0,10.0,270.0,200.88,69.12,3,No,Completed,23,4,756,73235.6,1263.74
ORD-101273,1970-01-01 05:00:45.940,CUST-10272,Usa,North America,Houston,Football,F50,Female,44,Retail Store,Consumer,Digital Wallet,No Campaign,1.0,111.54,10.0,100.39,62.67,37.72,2,No,Completed,39,7,490,21343.36,2246.64
ORD-101274,1970-01-01 05:00:45.877,CUST-10637,Pakistan,South Asia,Karachi,Lifestyle,Campus,Unisex,38,Mobile App,Business,Digital Wallet,Eid Campaign,2.0,112.08,20.0,179.33,136.2,43.13,5,No,Completed,36,1,523,25756.99,2051.85
ORD-101275,1970-01-01 05:00:45.386,CUST-10827,Usa,North America,Los Angeles,Football,Predator,Unisex,45,Online Store,Business,Bank Transfer,Sports Event,2.0,90.87,10.0,163.57,106.92,56.65,4,No,Completed,29,2,393,68713.42868532916,3192.8
ORD-101276,1970-01-01 05:00:45.438,CUST-10848,Usa,North America,Los Angeles,Running,Solarboost,Unisex,44,Online Store,Premium Consumer,Credit Card,Sports Event,1.0,76.39,0.0,76.39,31.67,44.72,5,No,Completed,53,3,582,65595.23,3180.91
ORD-101277,1970-01-01 05:00:45.257,CUST-10304,Usa,North America,Houston,Lifestyle,Gazelle,Female,42,Retail Store,Premium Consumer,Debit Card,Black Friday,2.0,129.56,15.0,220.25,160.59,59.66,5,No,Completed,36,2,695,52663.5543058642,2125.49
ORD-101278,1970-01-01 05:00:44.990,CUST-10051,Uae,Middle East,Dubai,Basketball,D.O.N. Issue,Unisex,44,Mobile App,Consumer,Bank Transfer,Eid Campaign,1.0,158.09,0.0,158.09,89.09,69.0,2,No,Completed,43,5,103,54897.22,989.95
ORD-101279,1970-01-01 05:00:45.951,CUST-10363,Saudi Arabia,Middle East,Dammam,Football,F50,Male,42,Retail Store,Consumer,Digital Wallet,Sports Event,1.0,53.77,13.43,48.39,33.08,15.31,2,No,Cancelled,22,5,10,40482.397282250364,2951.38
ORD-101280,1970-01-01 05:00:45.759,CUST-10728,India,South Asia,Kolkata,Running,Ultraboost,Female,43,Online Store,Premium Consumer,Cash on Delivery,Sports Event,1.0,126.47,30.0,88.53,62.34,26.19,4,No,Completed,31,5,719,44901.43,4835.93
ORD-101281,1970-01-01 05:00:45.825,CUST-10566,India,South Asia,Chennai,Outdoor,Terrex,Unisex,38,Marketplace,Premium Consumer,Credit Card,Black Friday,2.0,229.64,50.0,229.64,241.44,-11.8,5,No,Completed,56,3,224,13205.23,1008.67
ORD-101282,1970-01-01 05:00:45.804,CUST-10614,Usa,North America,New York,Outdoor,Five Ten,Male,40,Marketplace,Business,Credit Card,Sports Event,1.0,239.15,20.0,191.32,107.62,83.7,4,No,Cancelled,56,5,316,55416.60521497709,438.39
ORD-101283,1970-01-01 05:00:45.622,CUST-10016,Uae,Middle East,Dubai,Basketball,Own The Game,Male,44,Retail Store,Premium Consumer,Credit Card,Black Friday,2.0,92.79,30.0,129.91,94.5,35.41,5,No,Completed,37,2,893,59166.87,1396.35
ORD-101284,1970-01-01 05:00:45.428,CUST-10738,India,South Asia,Bangalore,Training,Rapidmove,Female,44,Mobile App,Premium Consumer,Digital Wallet,No Campaign,1.0,133.18,10.0,119.86,65.35,54.51,5,No,Completed,46,2,421,95643.11,2123.31
ORD-101285,1970-01-01 05:00:45.000,CUST-10111,Uk,Europe,London,Lifestyle,Campus,Male,45,Marketplace,Consumer,Debit Card,Black Friday,2.0,71.96,10.0,129.53,78.32,51.21,4,No,Completed,28,2,272,83842.38,1600.32
ORD-101286,1970-01-01 05:00:45.555,CUST-10609,Germany,Europe,Hamburg,Outdoor,Agravic,Male,44,Mobile App,Business,Digital Wallet,No Campaign,1.0,125.45,0.0,125.45,82.11,43.34,4,No,Completed,41,1,53,77559.89,4190.08
ORD-101287,1970-01-01 05:00:45.227,CUST-10863,Uk,Europe,Birmingham,Football,X Crazyfast,Female,43,Marketplace,Business,Debit Card,No Campaign,1.0,83.67,5.0,79.49,46.3,33.19,3,No,Completed,36,7,172,72842.07,2515.84
ORD-101288,1970-01-01 05:00:45.230,CUST-10029,Saudi Arabia,Middle East,Dammam,Lifestyle,Campus,Male,38,Marketplace,Business,Bank Transfer,Sports Event,1.0,156.94,10.0,141.25,70.95,70.3,3,No,Cancelled,21,3,246,89764.22,1306.03
ORD-101289,1970-01-01 05:00:45.631,CUST-10087,Usa,North America,Houston,Training,Powerlift,Unisex,45,Marketplace,Business,Cash on Delivery,Eid Campaign,2.0,115.39,15.0,196.16,127.28,68.88,4,No,Completed,62,3,664,75407.09,4755.98
ORD-101290,1970-01-01 05:00:46.002,CUST-10409,Australia,Oceania,Melbourne,Outdoor,Ridgewalker,Male,38,Mobile App,Consumer,Credit Card,No Campaign,1.0,214.48,5.0,203.76,151.28,52.48,4,No,Completed,55,5,617,62874.3,712.81
ORD-101291,1970-01-01 05:00:45.386,CUST-10142,Saudi Arabia,Middle East,Riyadh,Basketball,Harden,Female,38,Retail Store,Premium Consumer,Digital Wallet,No Campaign,150.0,68.45,5.0,65.03,34.33,30.7,4,No,Completed,60,3,158,36785.67,702.27
ORD-101292,1970-01-01 05:00:45.341,CUST-10771,Pakistan,South Asia,Islamabad,Outdoor,Ridgewalker,Unisex,36,Mobile App,Business,Credit Card,Black Friday,1.0,144.79,30.0,101.35,91.05,10.3,5,No,Completed,56,3,105,10543.92,1301.9
ORD-101293,1970-01-01 05:00:45.041,CUST-10180,India,South Asia,Chennai,Basketball,D.O.N. Issue,Unisex,45,Retail Store,Consumer,Cash on Delivery,Sports Event,1.0,71.19,5.0,67.63,39.16,28.47,1,No,Completed,53,3,704,49667.09609106597,476.18
ORD-101294,1970-01-01 05:00:45.394,CUST-10360,Uae,Middle East,Dubai,Outdoor,Ridgewalker,Unisex,44,Retail Store,Consumer,Bank Transfer,Black Friday,1.0,213.39,0.0,213.39,101.71,111.68,4,No,Cancelled,22,3,294,92516.03,3783.1
ORD-101295,1970-01-01 05:00:45.057,CUST-10872,Uk,Europe,London,Running,Adizero,Unisex,44,Online Store,Consumer,Debit Card,Summer Sale,1.0,102.29,10.0,92.06,45.4,46.66,4,No,Completed,49,3,275,58518.48,1632.77
ORD-101296,1970-01-01 05:00:45.031,CUST-10491,Australia,Oceania,Sydney,Training,Dropset,Unisex,38,Retail Store,Premium Consumer,Credit Card,Eid Campaign,1.0,101.33,10.0,91.2,41.31,49.89,5,Yes,Returned,28,7,584,18858.17,3676.21
ORD-101297,1970-01-01 05:00:45.131,CUST-10804,India,South Asia,Kolkata,Training,Powerlift,Unisex,38,Wholesale,Premium Consumer,Cash on Delivery,New Year Sale,3.0,47.3,20.0,113.52,89.76,23.76,4,No,Completed,18,7,42,65077.82,3837.41
ORD-101298,1970-01-01 05:00:45.155,CUST-10091,Pakistan,South Asia,Faisalabad,Lifestyle,Superstar,Unisex,42,Wholesale,Business,Bank Transfer,Eid Campaign,1.0,135.84,5.0,129.05,77.34,51.71,5,No,Completed,33,4,883,46813.49,1263.84
ORD-101299,1970-01-01 05:00:45.481,CUST-10571,Pakistan,South Asia,Faisalabad,Basketball,Own The Game,Unisex,40,Marketplace,Business,Digital Wallet,New Year Sale,1.0,149.65,20.0,119.72,100.55,19.17,5,No,Completed,47,3,193,93172.32,2639.98
ORD-101300,1970-01-01 05:00:45.468,CUST-10254,Uk,Europe,Birmingham,Outdoor,Agravic,Male,42,Marketplace,Business,Bank Transfer,New Year Sale,1.0,152.58,30.0,106.81,92.82,13.99,4,No,Completed,48,5,640,16513.52,2646.0
ORD-101301,1970-01-01 05:00:45.155,CUST-10343,Uk,Europe,London,Outdoor,Five Ten,Female,36,Marketplace,Business,Digital Wallet,Eid Campaign,1.0,177.56,0.0,177.56,89.47,88.09,4,No,Completed,47,4,310,71345.17,4369.69
ORD-101302,1970-01-01 05:00:45.811,CUST-10335,Uae,Middle East,Sharjah,Football,Predator,Male,38,Mobile App,Premium Consumer,Bank Transfer,Summer Sale,1.0,178.47,15.0,151.7,111.36,40.34,5,No,Completed,45,4,619,68319.45,225.59
ORD-101303,1970-01-01 05:00:45.363,CUST-10334,Saudi Arabia,Middle East,Jeddah,Running,Adizero,Unisex,44,Marketplace,Business,Digital Wallet,No Campaign,1.0,179.94,50.0,89.97,107.17,-17.2,5,No,Completed,29,5,102,98362.39,1652.32
ORD-101304,1970-01-01 05:00:45.243,CUST-10154,Uk,Europe,Manchester,Lifestyle,Gazelle,Male,42,Mobile App,Consumer,Debit Card,New Year Sale,1.0,150.67,30.0,105.47,92.45,13.02,5,No,Completed,27,10,946,56708.76,4424.2
ORD-101305,1970-01-01 05:00:45.780,CUST-10309,Uae,Middle East,Sharjah,Basketball,Own The Game,Female,38,Marketplace,Premium Consumer,Cash on Delivery,Black Friday,1.0,60.49,15.0,51.42,40.31,11.11,5,No,Completed,32,6,644,87221.62,1260.34
ORD-101306,1970-01-01 05:00:45.651,CUST-10389,Uae,Middle East,Sharjah,Basketball,Dame,Female,38,Marketplace,Premium Consumer,Bank Transfer,Eid Campaign,1.0,179.01,15.0,152.16,91.8,60.36,4,No,Completed,31,6,249,2959.04,770.71
ORD-101307,1970-01-01 05:00:45.040,CUST-10569,Usa,North America,Houston,Running,Duramo,Female,40,Mobile App,Premium Consumer,Credit Card,Sports Event,1.0,84.69,0.0,84.69,48.07,36.62,4,No,Completed,18,3,395,12727.75,2923.08
ORD-101308,1970-01-01 05:00:45.530,CUST-10592,Saudi Arabia,Middle East,Jeddah,Football,Copa,Male,42,Mobile App,Premium Consumer,Cash on Delivery,New Year Sale,2.0,130.87,20.0,209.39,156.12,53.27,4,Yes,Returned,55,3,781,34920.89,1598.8
ORD-101309,1970-01-01 05:00:45.488,CUST-10783,Saudi Arabia,Middle East,Riyadh,Football,F50,Male,42,Retail Store,Premium Consumer,Digital Wallet,Sports Event,2.0,176.31,0.0,352.62,206.82,145.8,4,No,Completed,30,1,955,62123.08,2389.74
ORD-101310,1970-01-01 05:00:45.924,CUST-10548,Australia,Oceania,Sydney,Running,Duramo,Female,43,Online Store,Consumer,Credit Card,Sports Event,1.0,130.64,0.0,130.64,73.4,57.24,4,Yes,Returned,20,2,614,45183.39,4118.06
ORD-101311,1970-01-01 05:00:45.824,CUST-10846,Germany,Europe,Munich,Basketball,Dame,Male,44,Retail Store,Business,Credit Card,Black Friday,2.0,71.6,0.0,143.2,67.27,75.93,5,No,Completed,21,3,991,45047.92430417279,2651.42
ORD-101312,1970-01-01 05:00:45.539,CUST-10641,Usa,North America,Los Angeles,Football,X Crazyfast,Unisex,38,Mobile App,Consumer,Cash on Delivery,New Year Sale,1.0,135.38,50.0,67.69,62.67,5.02,4,No,Completed,56,7,295,59125.77,2627.86
ORD-101313,1970-01-01 05:00:44.971,CUST-10851,Uk,Europe,London,Lifestyle,Campus,Male,42,Marketplace,Premium Consumer,Debit Card,Summer Sale,1.0,132.43,0.0,132.43,64.27,68.16,3,No,Completed,24,3,237,56886.56,1463.1
ORD-101314,1970-01-01 05:00:45.870,CUST-10689,Germany,Europe,Munich,Training,Powerlift,Female,42,Marketplace,Premium Consumer,Bank Transfer,No Campaign,1.0,66.78,15.0,56.76,45.41,11.35,5,No,Completed,30,3,619,52682.52,3985.04
ORD-101315,1970-01-01 05:00:45.768,CUST-10518,Pakistan,South Asia,Faisalabad,Football,Predator,Female,44,Online Store,Business,Credit Card,New Year Sale,1.0,61.68,0.0,61.68,30.25,31.43,4,No,Completed,19,3,648,9510.33,3725.09
ORD-101316,1970-01-01 05:00:44.992,CUST-10133,Germany,Europe,Hamburg,Running,Duramo,Female,45,Mobile App,Premium Consumer,Bank Transfer,Black Friday,1.0,178.8,0.0,178.8,106.62,72.18,1,No,Completed,18,3,937,92739.04,1247.19
ORD-101317,1970-01-01 05:00:45.115,CUST-10638,India,South Asia,Kolkata,Outdoor,Terrex,Male,45,Retail Store,Business,Credit Card,New Year Sale,1.0,233.87,0.0,233.87,167.61,66.26,1,No,Completed,39,5,809,59429.4,1668.02
ORD-101318,1970-01-01 05:00:45.076,CUST-10804,Australia,Oceania,Brisbane,Lifestyle,Gazelle,Female,44,Mobile App,Premium Consumer,Debit Card,Sports Event,1.0,122.5,15.0,104.12,73.85,30.27,3,No,Completed,52,6,288,26767.18,3964.28
ORD-101319,1970-01-01 05:00:45.622,CUST-10348,Germany,Europe,Munich,Running,Adizero,Unisex,43,Online Store,Premium Consumer,Bank Transfer,No Campaign,1.0,128.98,0.0,128.98,89.48,39.5,3,No,Pending,53,5,536,68898.11,1852.82
ORD-101320,1970-01-01 05:00:44.965,CUST-10374,Pakistan,South Asia,Lahore,Lifestyle,Superstar,Male,42,Mobile App,Consumer,Cash on Delivery,Summer Sale,1.0,124.99,20.0,99.99,64.36,35.63,4,No,Completed,39,2,629,32131.85,2077.44
ORD-101321,1970-01-01 05:00:45.337,CUST-10707,Germany,Europe,Hamburg,Lifestyle,Superstar,Female,40,Retail Store,Consumer,Debit Card,No Campaign,1.0,137.78,15.0,117.11,69.8,47.31,4,Yes,Returned,38,3,741,50832.67,1885.62
ORD-101322,1970-01-01 05:00:46.019,CUST-10189,Uae,Middle East,Sharjah,Running,Ultraboost,Male,38,Wholesale,Premium Consumer,Credit Card,Black Friday,1.0,91.2,10.0,82.08,56.53,25.55,4,No,Completed,20,2,845,34442.61,892.0
ORD-101323,1970-01-01 05:00:45.340,CUST-10859,Germany,Europe,Munich,Football,X Crazyfast,Male,43,Marketplace,Consumer,Debit Card,Black Friday,2.0,129.86,8.69,259.72,136.07,123.65,4,No,Completed,53,1,255,88099.21,1770.39
ORD-101324,1970-01-01 05:00:45.179,CUST-10089,Pakistan,South Asia,Faisalabad,Football,F50,Male,44,Retail Store,Premium Consumer,Credit Card,Eid Campaign,1.0,163.3,15.0,138.8,69.0,69.8,5,No,Completed,63,5,520,99401.07,4034.38
ORD-101325,1970-01-01 05:00:45.348,CUST-10447,Australia,Oceania,Melbourne,Training,Powerlift,Unisex,38,Online Store,Consumer,Bank Transfer,New Year Sale,3.0,122.19,15.0,311.58,243.27,68.31,4,No,Completed,33,3,118,16537.62,2506.27
ORD-101326,1970-01-01 05:00:45.173,CUST-10685,India,South Asia,Chennai,Football,X Crazyfast,Unisex,42,Marketplace,Premium Consumer,Debit Card,Summer Sale,1.0,104.51,20.0,83.61,59.95,23.66,5,No,Pending,63,3,118,36704.720564496805,2345.27
ORD-101327,1970-01-01 05:00:45.905,CUST-10511,India,South Asia,Bangalore,Lifestyle,Campus,Unisex,38,Mobile App,Consumer,Credit Card,Eid Campaign,1.0,128.27,30.0,89.79,64.67,25.12,5,No,Completed,63,3,90,22322.59,866.12
ORD-101328,1970-01-01 05:00:45.653,CUST-10840,Usa,North America,Chicago,Training,Dropset,Female,38,Mobile App,Business,Cash on Delivery,Summer Sale,2.0,74.24,15.0,126.21,88.67,37.54,5,No,Completed,20,2,171,59200.22,970.09
ORD-101329,1970-01-01 05:00:45.892,CUST-10534,India,South Asia,Delhi,Outdoor,Five Ten,Female,38,Online Store,Consumer,Debit Card,Summer Sale,1.0,103.68,0.0,103.68,41.79,61.89,4,No,Completed,60,5,722,17808.14,310.46
ORD-101330,1970-01-01 05:00:45.214,CUST-10215,Pakistan,South Asia,Faisalabad,Football,X Crazyfast,Male,36,Wholesale,Consumer,Cash on Delivery,Black Friday,1.0,164.45,10.0,148.0,93.56,54.44,4,No,Completed,46,2,825,81242.7,168.38
ORD-101331,1970-01-01 05:00:45.280,CUST-10174,Usa,North America,Los Angeles,Football,F50,Unisex,40,Retail Store,Premium Consumer,Credit Card,No Campaign,1.0,137.07,10.94,123.36,79.44,43.92,4,No,Completed,38,3,920,41162.72,2491.27
ORD-101332,1970-01-01 05:00:45.553,CUST-10274,Pakistan,South Asia,Faisalabad,Training,Powerlift,Unisex,42,Marketplace,Business,Cash on Delivery,No Campaign,1.0,126.83,15.0,107.81,76.84,30.97,4,No,Completed,32,1,115,61248.01,2105.24
ORD-101333,1970-01-01 05:00:45.890,CUST-10273,Pakistan,South Asia,Lahore,Basketball,D.O.N. Issue,Unisex,40,Mobile App,Consumer,Bank Transfer,Eid Campaign,1.0,127.45,20.0,101.96,71.13,30.83,5,No,Completed,48,3,799,45833.98,1449.35
ORD-101334,1970-01-01 05:00:44.957,CUST-10835,Uae,Middle East,Abu Dhabi,Football,Predator,Male,38,Mobile App,Consumer,Credit Card,Eid Campaign,1.0,169.77,30.0,118.84,102.73,16.11,4,No,Completed,41,3,533,90381.13,4951.23
ORD-101335,1970-01-01 05:00:45.202,CUST-10201,Australia,Oceania,Brisbane,Training,Rapidmove,Unisex,36,Marketplace,Premium Consumer,Digital Wallet,Black Friday,1.0,141.99,0.0,141.99,77.66,64.33,3,Yes,Returned,35,5,348,3995.97,2050.18
ORD-101336,1970-01-01 05:00:45.124,CUST-10524,Uae,Middle East,Abu Dhabi,Basketball,Dame,Female,42,Retail Store,Consumer,Bank Transfer,No Campaign,1.0,104.27,5.0,99.06,63.47,35.59,4,No,Completed,34,5,566,73065.54,3965.35
ORD-101337,1970-01-01 05:00:45.121,CUST-10017,Uae,Middle East,Sharjah,Football,Predator,Female,38,Wholesale,Consumer,Debit Card,No Campaign,2.0,70.65,20.0,113.04,91.63,21.41,4,No,Completed,29,1,475,65391.13,1131.67
ORD-101338,1970-01-01 05:00:45.600,CUST-10602,Uk,Europe,Birmingham,Football,Copa,Female,45,Wholesale,Business,Cash on Delivery,Summer Sale,1.0,178.21,10.0,160.39,72.31,88.08,4,No,Completed,59,2,444,65126.75,1310.5
ORD-101339,1970-01-01 05:00:45.224,CUST-10476,Germany,Europe,Hamburg,Training,Everyday,Unisex,36,Mobile App,Business,Credit Card,Summer Sale,1.0,142.01,15.0,120.71,100.05,20.66,5,No,Completed,23,6,107,41691.94,2885.12
ORD-101340,1970-01-01 05:00:44.996,CUST-10372,Uae,Middle East,Dubai,Running,Adizero,Male,43,Marketplace,Consumer,Bank Transfer,Eid Campaign,1.0,119.64,20.0,95.71,55.71,40.0,4,No,Completed,51,5,952,20424.08039327891,119.74
ORD-101341,1970-01-01 05:00:45.757,CUST-10421,Australia,Oceania,Melbourne,Basketball,Harden,Male,44,Wholesale,Premium Consumer,Bank Transfer,Eid Campaign,1.0,61.42,15.0,52.21,27.44,24.77,3,No,Pending,55,3,588,69079.45,185.38
ORD-101342,1970-01-01 05:00:45.980,CUST-10895,India,South Asia,Bangalore,Outdoor,Agravic,Female,40,Marketplace,Premium Consumer,Digital Wallet,New Year Sale,1.0,110.23,20.0,88.18,63.07,25.11,5,No,Completed,42,2,572,83032.39,796.87
ORD-101343,1970-01-01 05:00:45.628,CUST-10497,Australia,Oceania,Brisbane,Outdoor,Terrex,Female,38,Marketplace,Premium Consumer,Credit Card,New Year Sale,1.0,228.0,0.0,228.0,126.64,101.36,5,No,Completed,49,3,121,8980.42,1193.29
ORD-101344,1970-01-01 05:00:45.863,CUST-10230,Uae,Middle East,Dubai,Running,Adizero,Male,45,Marketplace,Consumer,Cash on Delivery,Black Friday,2.0,213.23,0.0,426.46,173.0,253.46,4,No,Completed,55,4,603,44440.94,2686.46
ORD-101345,1970-01-01 05:00:45.960,CUST-10512,Australia,Oceania,Sydney,Training,Dropset,Female,45,Retail Store,Consumer,Debit Card,No Campaign,2.0,52.33,10.0,94.19,74.43,19.76,5,Yes,Returned,45,7,834,16678.19,3462.52
ORD-101346,1970-01-01 05:00:46.003,CUST-10059,Saudi Arabia,Middle East,Dammam,Outdoor,Agravic,Male,45,Wholesale,Consumer,Bank Transfer,Black Friday,1.0,139.72,5.0,132.73,70.49,62.24,3,No,Cancelled,27,4,221,61288.31,1628.21
ORD-101347,1970-01-01 05:00:45.693,CUST-10406,Saudi Arabia,Middle East,Riyadh,Outdoor,Ridgewalker,Male,40,Wholesale,Consumer,Debit Card,New Year Sale,1.0,109.93,0.0,109.93,58.48,51.45,2,No,Completed,25,1,458,78667.69,1271.45
ORD-101348,1970-01-01 05:00:45.027,CUST-10427,Usa,North America,Houston,Football,Copa,Female,43,Wholesale,Premium Consumer,Digital Wallet,Eid Campaign,1.0,131.82,30.0,92.27,92.62,-0.35,5,No,Completed,61,4,641,66837.3,4131.77
ORD-101349,1970-01-01 05:00:44.927,CUST-10265,Germany,Europe,Berlin,Football,Copa,Female,45,Marketplace,Consumer,Bank Transfer,New Year Sale,4.0,89.57,15.0,304.54,144.63,159.91,3,No,Completed,33,7,497,32146.98,897.61
ORD-101350,1970-01-01 05:00:45.214,CUST-10862,India,South Asia,Mumbai,Running,Duramo,Female,40,Retail Store,Premium Consumer,Debit Card,Sports Event,1.0,116.71,20.0,93.37,57.35,36.02,3,No,Completed,47,3,369,14403.4,3423.8
ORD-101351,1970-01-01 05:00:45.436,CUST-10604,Usa,North America,Chicago,Training,Powerlift,Male,42,Marketplace,Consumer,Digital Wallet,No Campaign,1.0,102.41,0.0,102.41,50.3,52.11,3,No,Completed,38,5,952,79529.68,4663.52
ORD-101352,1970-01-01 05:00:45.218,CUST-10645,Uae,Middle East,Sharjah,Football,F50,Female,42,Online Store,Business,Credit Card,New Year Sale,2.0,100.98,15.0,171.67,101.37,70.3,5,No,Cancelled,43,4,759,32729.73,1237.83
ORD-101353,1970-01-01 05:00:45.891,CUST-10492,Uk,Europe,London,Lifestyle,Samba,Male,44,Marketplace,Consumer,Bank Transfer,Sports Event,1.0,123.85,30.0,86.7,81.79,4.91,5,No,Completed,50,2,120,2702.91,526.13
ORD-101354,1970-01-01 05:00:45.626,CUST-10815,Australia,Oceania,Melbourne,Football,Predator,Male,43,Marketplace,Consumer,Digital Wallet,Eid Campaign,1.0,79.88,0.0,79.88,50.21,29.67,3,No,Completed,57,2,200,57356.41,4900.82
ORD-101355,1970-01-01 05:00:45.523,CUST-10769,Uae,Middle East,Dubai,Outdoor,Five Ten,Unisex,38,Online Store,Business,Bank Transfer,New Year Sale,1.0,174.46,0.0,174.46,81.29,93.17,4,No,Completed,20,2,160,25044.39,1426.79
ORD-101356,1970-01-01 05:00:45.812,CUST-10237,Germany,Europe,Munich,Football,F50,Male,38,Marketplace,Business,Cash on Delivery,Black Friday,4.0,111.3,18.97,222.6,265.48,-42.88,4,No,Pending,31,4,761,84200.0,1450.75
ORD-101357,1970-01-01 05:00:45.657,CUST-10004,Germany,Europe,Berlin,Training,Everyday,Male,38,Mobile App,Consumer,Bank Transfer,Eid Campaign,1.0,58.31,20.0,46.65,24.48,22.17,3,No,Completed,29,4,217,14753.89,2470.48
ORD-101358,1970-01-01 05:00:45.471,CUST-10862,Saudi Arabia,Middle East,Dammam,Lifestyle,Superstar,Unisex,44,Wholesale,Business,Bank Transfer,Eid Campaign,1.0,113.64,5.0,107.96,63.32,44.64,4,No,Completed,60,3,574,43762.68,1232.18
ORD-101359,1970-01-01 05:00:45.128,CUST-10156,Usa,North America,New York,Running,Ultraboost,Male,42,Marketplace,Business,Bank Transfer,Eid Campaign,1.0,120.03,5.0,114.03,68.41,45.62,5,No,Cancelled,51,3,399,25686.46,4965.07
ORD-101360,1970-01-01 05:00:45.638,CUST-10836,Usa,North America,Houston,Outdoor,Terrex,Female,45,Online Store,Premium Consumer,Digital Wallet,Sports Event,1.0,94.99,5.0,90.24,50.08,40.16,5,No,Completed,39,6,728,69115.36,310.53
ORD-101361,1970-01-01 05:00:44.976,CUST-10880,Pakistan,South Asia,Islamabad,Football,X Crazyfast,Male,44,Mobile App,Consumer,Digital Wallet,Black Friday,1.0,169.7,5.0,161.21,115.78,45.43,2,No,Completed,52,2,384,55078.83,2312.22
ORD-101362,1970-01-01 05:00:45.648,CUST-10408,Germany,Europe,Berlin,Outdoor,Agravic,Female,44,Online Store,Premium Consumer,Digital Wallet,Sports Event,1.0,208.34,10.0,187.51,121.48,66.03,3,No,Completed,41,3,852,79203.28,2786.9
ORD-101363,1970-01-01 05:00:45.586,CUST-10513,Uk,Europe,Birmingham,Football,X Crazyfast,Female,42,Retail Store,Premium Consumer,Credit Card,Black Friday,1.0,164.27,5.0,156.06,81.83,74.23,4,No,Completed,35,1,63,46131.95,2388.06
ORD-101364,1970-01-01 05:00:45.575,CUST-10811,Germany,Europe,Munich,Lifestyle,Gazelle,Male,38,Mobile App,Premium Consumer,Bank Transfer,Eid Campaign,2.0,133.08,13.2,186.31,112.99,73.32,5,No,Completed,50,3,211,978.44,2650.56
ORD-101365,1970-01-01 05:00:45.469,CUST-10406,Uae,Middle East,Sharjah,Training,Powerlift,Female,42,Marketplace,Premium Consumer,Cash on Delivery,Summer Sale,1.0,84.14,0.0,84.14,50.92,33.22,2,No,Completed,56,7,631,21912.05,4939.14
ORD-101366,1970-01-01 05:00:45.155,CUST-10619,Uae,Middle East,Dubai,Basketball,D.O.N. Issue,Unisex,44,Wholesale,Business,Bank Transfer,Black Friday,1.0,155.95,0.0,155.95,99.24,56.71,4,No,Completed,50,2,68,99916.13,4396.82
ORD-101367,1970-01-01 05:00:45.333,CUST-10532,Uae,Middle East,Dubai,Training,Dropset,Male,43,Marketplace,Consumer,Cash on Delivery,New Year Sale,1.0,99.98,15.0,84.98,63.21,21.77,5,No,Completed,46,2,123,40831.83,1611.37
ORD-101368,1970-01-01 05:00:45.715,CUST-10093,Germany,Europe,Berlin,Training,Powerlift,Unisex,38,Wholesale,Business,Credit Card,No Campaign,1.0,79.24,10.0,71.32,47.66,23.66,4,No,Completed,54,4,376,62213.39,2802.24
ORD-101369,1970-01-01 05:00:45.430,CUST-10453,Saudi Arabia,Middle East,Dammam,Training,Dropset,Male,38,Online Store,Premium Consumer,Debit Card,Sports Event,1.0,92.36,30.0,64.65,57.37,7.28,5,No,Completed,28,4,656,90540.7,101.52
ORD-101370,1970-01-01 05:00:45.828,CUST-10569,Saudi Arabia,Middle East,Dammam,Football,X Crazyfast,Male,40,Online Store,Premium Consumer,Debit Card,No Campaign,0.0,131.36,9.11,118.22,82.01,36.21,5,No,Completed,47,2,295,2542.16,2106.89
ORD-101371,1970-01-01 05:00:45.320,CUST-10638,Australia,Oceania,Melbourne,Training,Rapidmove,Male,45,Wholesale,Premium Consumer,Bank Transfer,Eid Campaign,1.0,133.42,30.0,93.39,59.68,33.71,5,No,Completed,57,2,357,66130.94,902.98
ORD-101372,1970-01-01 05:00:45.466,CUST-10766,Uk,Europe,Manchester,Outdoor,Agravic,Female,42,Retail Store,Premium Consumer,Bank Transfer,Black Friday,1.0,112.83,0.0,112.83,78.37,34.46,5,No,Completed,44,2,640,29193.51,3585.67
ORD-101373,1970-01-01 05:00:45.585,CUST-10884,India,South Asia,Mumbai,Outdoor,Ridgewalker,Unisex,40,Online Store,Business,Digital Wallet,New Year Sale,2.0,101.89,5.0,193.59,141.46,52.13,5,No,Completed,48,6,524,28285.2,1183.34
ORD-101374,1970-01-01 05:00:45.640,CUST-10478,Germany,Europe,Hamburg,Running,Adizero,Unisex,45,Retail Store,Premium Consumer,Cash on Delivery,New Year Sale,1.0,206.77,0.0,206.77,146.96,59.81,4,No,Completed,26,4,785,22872.71,3769.59
ORD-101375,1970-01-01 05:00:45.945,CUST-10167,Pakistan,South Asia,Rawalpindi,Training,Rapidmove,Female,38,Retail Store,Consumer,Bank Transfer,Eid Campaign,1.0,41.78,0.0,41.78,17.27,24.51,4,No,Completed,18,10,67,82361.56,1634.48
ORD-101376,1970-01-01 05:00:45.229,CUST-10349,Pakistan,South Asia,Lahore,Basketball,Own The Game,Unisex,42,Online Store,Business,Cash on Delivery,New Year Sale,1.0,70.23,0.0,70.23,37.62,32.61,5,No,Completed,38,2,878,37608.3,4636.56
ORD-101377,1970-01-01 05:00:45.932,CUST-10327,Uk,Europe,Manchester,Outdoor,Terrex,Unisex,40,Mobile App,Consumer,Digital Wallet,No Campaign,2.0,159.45,15.0,271.06,178.08,92.98,4,No,Completed,24,3,269,7178.1,2282.54
ORD-101378,1970-01-01 05:00:45.967,CUST-10651,Uk,Europe,Manchester,Basketball,Harden,Male,45,Wholesale,Premium Consumer,Credit Card,New Year Sale,1.0,178.14,20.0,142.51,99.55,42.96,4,No,Completed,19,5,132,10136.69,4213.64
ORD-101379,1970-01-01 05:00:45.172,CUST-10340,Pakistan,South Asia,Lahore,Outdoor,Agravic,Unisex,38,Wholesale,Premium Consumer,Debit Card,Sports Event,1.0,237.43,0.0,237.43,98.91,138.52,5,No,Completed,46,2,61,15287.13,3178.01
ORD-101380,1970-01-01 05:00:45.298,CUST-10765,Saudi Arabia,Middle East,Riyadh,Football,X Crazyfast,Unisex,44,Online Store,Premium Consumer,Credit Card,No Campaign,1.0,137.91,10.0,124.12,61.4,62.72,2,No,Completed,39,4,160,89943.29,4889.25
ORD-101381,1970-01-01 05:00:45.761,CUST-10092,Usa,North America,Houston,Lifestyle,Superstar,Unisex,44,Retail Store,Premium Consumer,Debit Card,No Campaign,1.0,137.61,0.0,137.61,72.73,64.88,5,No,Completed,20,3,25,43030.62,3739.34
ORD-101382,1970-01-01 05:00:45.808,CUST-10313,Uk,Europe,Manchester,Basketball,Harden,Female,38,Retail Store,Premium Consumer,Digital Wallet,Summer Sale,1.0,115.72,10.0,104.15,69.7,34.45,4,No,Pending,53,3,758,91646.91,3665.75
ORD-101383,1970-01-01 05:00:45.622,CUST-10721,Saudi Arabia,Middle East,Jeddah,Basketball,D.O.N. Issue,Male,45,Marketplace,Consumer,Bank Transfer,No Campaign,1.0,102.59,0.0,102.59,53.02,49.57,3,No,Completed,47,4,700,81839.21,1397.84
ORD-101384,1970-01-01 05:00:45.122,CUST-10588,Pakistan,South Asia,Karachi,Outdoor,Agravic,Male,45,Online Store,Consumer,Cash on Delivery,Eid Campaign,1.0,104.77,10.0,94.29,54.77,39.52,2,No,Completed,46,3,963,42730.94178105887,2573.81
ORD-101385,1970-01-01 05:00:45.069,CUST-10379,Uk,Europe,London,Running,Solarboost,Male,44,Retail Store,Business,Debit Card,Black Friday,2.0,187.7,0.0,375.4,236.26,139.14,4,No,Completed,46,5,285,29039.77,1521.56
ORD-101386,1970-01-01 05:00:45.693,CUST-10336,India,South Asia,Kolkata,Outdoor,Ridgewalker,Male,44,Retail Store,Business,Debit Card,Eid Campaign,1.0,175.31,0.0,175.31,82.0,93.31,3,Yes,Returned,28,7,445,27495.78,194.54
ORD-101387,1970-01-01 05:00:45.173,CUST-10159,Pakistan,South Asia,Islamabad,Lifestyle,Samba,Female,38,Marketplace,Business,Debit Card,New Year Sale,1.0,134.25,10.0,120.82,66.66,54.16,2,No,Completed,25,4,829,56226.8,3581.87
ORD-101388,1970-01-01 05:00:45.322,CUST-10806,Uae,Middle East,Sharjah,Running,Duramo,Male,42,Mobile App,Business,Bank Transfer,Eid Campaign,1.0,83.45,15.0,70.93,51.31,19.62,3,No,Completed,27,3,848,42083.53,1255.6
ORD-101389,1970-01-01 05:00:45.619,CUST-10255,Australia,Oceania,Sydney,Running,Ultraboost,Female,40,Retail Store,Premium Consumer,Debit Card,Eid Campaign,-1.0,109.62,30.0,230.2,218.75,11.45,4,No,Completed,41,5,731,51810.31308581676,2046.89
ORD-101390,1970-01-01 05:00:45.910,CUST-10065,Pakistan,South Asia,Rawalpindi,Basketball,D.O.N. Issue,Male,45,Online Store,Business,Cash on Delivery,New Year Sale,1.0,67.11,15.0,57.04,30.87,26.17,3,No,Completed,27,0,837,5793.82,1494.73
ORD-101391,1970-01-01 05:00:45.505,CUST-10890,Usa,North America,Chicago,Lifestyle,Gazelle,Male,38,Retail Store,Premium Consumer,Digital Wallet,Eid Campaign,2.0,85.71,10.0,154.28,110.49,43.79,4,No,Completed,43,2,952,97173.22,1078.22
ORD-101392,1970-01-01 05:00:45.931,CUST-10354,Usa,North America,New York,Training,Dropset,Female,38,Marketplace,Business,Digital Wallet,New Year Sale,2.0,61.99,0.0,123.98,52.97,71.01,4,No,Completed,55,4,248,6287.8,428.88
ORD-101393,1970-01-01 05:00:45.515,CUST-10616,Usa,North America,New York,Basketball,Own The Game,Unisex,36,Retail Store,Consumer,Cash on Delivery,New Year Sale,1.0,152.17,15.0,129.34,83.67,45.67,3,No,Completed,31,4,90,18293.71,1755.66
ORD-101394,1970-01-01 05:00:45.025,CUST-10760,Uae,Middle East,Sharjah,Outdoor,Agravic,Male,36,Marketplace,Premium Consumer,Debit Card,Black Friday,1.0,137.38,10.0,123.64,85.15,38.49,5,No,Completed,30,2,35,67980.95,500.55
ORD-101395,1970-01-01 05:00:45.968,CUST-10624,Pakistan,South Asia,Rawalpindi,Outdoor,Five Ten,Male,45,Marketplace,Business,Credit Card,Summer Sale,1.0,99.32,15.0,84.42,62.48,21.94,3,Yes,Returned,53,10,6,15972.4,2747.56
ORD-101396,1970-01-01 05:00:45.380,CUST-10633,India,South Asia,Bangalore,Training,Powerlift,Male,42,Mobile App,Consumer,Bank Transfer,Sports Event,1.0,142.44,10.0,128.2,57.5,70.7,4,No,Completed,43,6,505,53443.202603126185,196.16
ORD-101397,1970-01-01 05:00:45.348,CUST-10883,Pakistan,South Asia,Lahore,Running,Duramo,Female,36,Retail Store,Business,Cash on Delivery,Summer Sale,2.0,148.68,0.0,297.36,162.5,134.86,3,No,Completed,59,14,320,15785.23,4706.1
ORD-101398,1970-01-01 05:00:45.750,CUST-10129,Usa,North America,Houston,Football,Copa,Male,40,Wholesale,Consumer,Bank Transfer,Sports Event,1.0,135.04,15.0,114.78,67.29,47.49,4,No,Completed,21,3,201,6661.06,4835.73
ORD-101399,1970-01-01 05:00:45.346,CUST-10139,Uk,Europe,London,Training,Everyday,Unisex,44,Mobile App,Business,Credit Card,Eid Campaign,1.0,41.39,0.0,41.39,26.67,14.72,5,No,Cancelled,64,3,844,25506.21,1592.8
ORD-101400,1970-01-01 05:00:45.315,CUST-10568,Usa,North America,Houston,Training,Everyday,Male,36,Mobile App,Consumer,Digital Wallet,Summer Sale,2.0,119.92,0.0,239.84,137.34,102.5,4,No,Completed,35,3,552,27476.37,1374.95
ORD-101401,1970-01-01 05:00:45.163,CUST-10033,Saudi Arabia,Middle East,Riyadh,Running,Ultraboost,Female,38,Retail Store,Business,Cash on Delivery,Summer Sale,1.0,196.44,5.0,186.62,135.18,51.44,4,No,Cancelled,55,4,543,50112.9,611.59
ORD-101402,1970-01-01 05:00:45.510,CUST-10860,Uk,Europe,Birmingham,Outdoor,Five Ten,Female,44,Wholesale,Premium Consumer,Credit Card,No Campaign,1.0,199.52,30.0,139.66,100.82,38.84,5,No,Completed,25,3,653,44152.89,4534.1
ORD-101403,1970-01-01 05:00:45.946,CUST-10504,Usa,North America,Los Angeles,Football,Predator,Male,38,Online Store,Premium Consumer,Digital Wallet,No Campaign,1.0,169.64,30.0,118.75,100.47,18.28,5,No,Completed,55,4,255,47634.48,2975.63
ORD-101404,1970-01-01 05:00:45.721,CUST-10631,India,South Asia,Mumbai,Football,Predator,Male,38,Retail Store,Premium Consumer,Bank Transfer,Black Friday,1.0,110.92,20.0,88.74,45.35,43.39,5,No,Completed,63,6,160,61795.93,3089.61
ORD-101405,1970-01-01 05:00:45.832,CUST-10412,Australia,Oceania,Brisbane,Outdoor,Ridgewalker,Male,45,Retail Store,Consumer,Cash on Delivery,No Campaign,1.0,91.06,5.0,86.51,55.84,30.67,5,No,Completed,53,2,29,23480.66,4489.7
ORD-101406,1970-01-01 05:00:45.440,CUST-10211,Pakistan,South Asia,Karachi,Football,Copa,Female,44,Retail Store,Business,Credit Card,Eid Campaign,1.0,77.91,0.0,77.91,43.63,34.28,5,No,Completed,28,2,456,13903.06,4562.86
ORD-101407,1970-01-01 05:00:45.962,CUST-10800,Usa,North America,New York,Football,Copa,Male,40,Retail Store,Premium Consumer,Digital Wallet,No Campaign,4.0,69.42,10.0,249.91,186.15,63.76,5,No,Completed,20,3,261,87948.39,4158.87
ORD-101408,1970-01-01 05:00:46.009,CUST-10221,Australia,Oceania,Melbourne,Running,Adizero,Unisex,40,Retail Store,Business,Cash on Delivery,No Campaign,1.0,76.65,0.0,76.65,52.6,24.05,3,No,Completed,50,14,9,63577.16,3889.86
ORD-101409,1970-01-01 05:00:45.766,CUST-10066,India,South Asia,Kolkata,Outdoor,Terrex,Unisex,36,Wholesale,Business,Debit Card,Sports Event,1.0,225.43,0.0,225.43,153.79,71.64,5,No,Completed,41,1,714,6536.0,4398.48
ORD-101410,1970-01-01 05:00:45.220,CUST-10607,Germany,Europe,Berlin,Basketball,D.O.N. Issue,Unisex,42,Online Store,Premium Consumer,Credit Card,New Year Sale,4.0,141.8,11.83,567.2,294.71,272.49,3,No,Completed,62,14,358,96124.64,4392.26
ORD-101411,1970-01-01 05:00:45.386,CUST-10804,Pakistan,South Asia,Lahore,Training,Dropset,Unisex,45,Online Store,Consumer,Digital Wallet,New Year Sale,1.0,55.06,15.0,46.8,34.22,12.58,4,No,Completed,60,10,275,69460.32,1906.36
ORD-101412,1970-01-01 05:00:45.847,CUST-10198,Usa,North America,Los Angeles,Basketball,Own The Game,Male,44,Wholesale,Premium Consumer,Cash on Delivery,Sports Event,1.0,151.32,15.0,128.62,69.68,58.94,3,No,Completed,64,3,856,15594.61,4869.62
ORD-101413,1970-01-01 05:00:45.857,CUST-10560,Australia,Oceania,Brisbane,Training,Powerlift,Female,42,Retail Store,Premium Consumer,Debit Card,Eid Campaign,1.0,116.91,10.0,105.22,50.6,54.62,5,No,Completed,24,6,123,96928.88,3574.75
ORD-101414,1970-01-01 05:00:44.969,CUST-10238,Uk,Europe,Manchester,Football,Copa,Female,40,Online Store,Premium Consumer,Digital Wallet,Sports Event,1.0,124.09,10.0,111.68,78.74,32.94,2,No,Completed,53,1,629,36858.03,1914.03
ORD-101415,1970-01-01 05:00:45.649,CUST-10429,Saudi Arabia,Middle East,Riyadh,Training,Powerlift,Male,43,Mobile App,Premium Consumer,Digital Wallet,Eid Campaign,1.0,120.6,30.0,84.42,76.28,8.14,5,No,Completed,43,3,267,98458.75,2266.04
ORD-101416,1970-01-01 05:00:45.618,CUST-10002,Usa,North America,Houston,Training,Everyday,Unisex,38,Retail Store,Business,Bank Transfer,Summer Sale,1.0,112.34,0.0,112.34,58.73,53.61,5,No,Completed,35,6,277,10775.93,3466.94
ORD-101417,1970-01-01 05:00:45.325,CUST-10479,Saudi Arabia,Middle East,Dammam,Football,X Crazyfast,Unisex,42,Mobile App,Business,Digital Wallet,Black Friday,1.0,93.67,15.0,79.62,62.62,17.0,5,No,Pending,20,6,75,16416.94,1869.38
ORD-101418,1970-01-01 05:00:45.216,CUST-10254,Uk,Europe,Manchester,Football,F50,Male,45,Mobile App,Premium Consumer,Bank Transfer,Eid Campaign,2.0,118.69,30.0,166.17,168.36,-2.19,4,No,Completed,34,3,525,65913.25,4150.13
ORD-101419,1970-01-01 05:00:45.618,CUST-10355,Pakistan,South Asia,Rawalpindi,Football,X Crazyfast,Male,43,Wholesale,Premium Consumer,Debit Card,Eid Campaign,2.0,149.16,30.0,208.82,146.38,62.44,5,No,Pending,56,3,617,2703.27,825.51
ORD-101420,1970-01-01 05:00:45.717,CUST-10320,Pakistan,South Asia,Rawalpindi,Outdoor,Ridgewalker,Unisex,40,Marketplace,Business,Bank Transfer,Summer Sale,1.0,158.94,5.0,150.99,107.41,43.58,4,No,Completed,63,4,175,2359.62,4547.21
ORD-101421,1970-01-01 05:00:45.235,CUST-10020,Usa,North America,Houston,Lifestyle,Gazelle,Female,44,Retail Store,Business,Debit Card,Eid Campaign,1.0,79.17,0.0,79.17,52.83,26.34,2,Yes,Returned,38,3,693,79302.29,1575.87
ORD-101422,1970-01-01 05:00:45.125,CUST-10752,Germany,Europe,Berlin,Lifestyle,Samba,Male,36,Online Store,Consumer,Cash on Delivery,No Campaign,1.0,151.39,20.0,121.11,108.12,12.99,5,Yes,Returned,23,4,35,17194.14,848.29
ORD-101423,1970-01-01 05:00:45.235,CUST-10374,Germany,Europe,Berlin,Basketball,Harden,Female,38,Marketplace,Business,Cash on Delivery,New Year Sale,1.0,120.43,30.0,84.3,67.44,16.86,5,No,Completed,22,10,956,91919.6,4304.32
ORD-101424,1970-01-01 05:00:45.285,CUST-10128,Australia,Oceania,Sydney,Training,Everyday,Female,38,Wholesale,Consumer,Debit Card,Summer Sale,1.0,149.45,0.0,149.45,77.2,72.25,3,No,Completed,53,2,566,42876.67,1273.37
ORD-101425,1970-01-01 05:00:45.251,CUST-10856,Usa,North America,Houston,Running,Duramo,Unisex,44,Retail Store,Consumer,Debit Card,Eid Campaign,2.0,102.61,0.0,205.22,110.39,94.83,4,No,Completed,23,3,269,87428.41,4232.64
ORD-101426,1970-01-01 05:00:45.707,CUST-10558,India,South Asia,Chennai,Running,Adizero,Female,44,Retail Store,Consumer,Bank Transfer,Sports Event,1.0,175.1,5.0,166.34,111.83,54.51,3,No,Completed,56,1,1,42067.48,1551.7
ORD-101427,1970-01-01 05:00:45.843,CUST-10403,Germany,Europe,Berlin,Training,Powerlift,Female,42,Marketplace,Consumer,Cash on Delivery,No Campaign,1.0,89.03,0.0,89.03,39.93,49.1,4,No,Completed,38,5,255,53257.89,4675.94
ORD-101428,1970-01-01 05:00:45.733,CUST-10131,Uae,Middle East,Dubai,Football,Copa,Male,42,Marketplace,Premium Consumer,Credit Card,Black Friday,1.0,66.48,15.0,56.51,27.76,28.75,2,No,Completed,56,3,513,31993.16,1173.48
ORD-101429,1970-01-01 05:00:45.273,CUST-10456,Australia,Oceania,Melbourne,Running,Duramo,Female,42,Wholesale,Premium Consumer,Bank Transfer,No Campaign,1.0,125.55,20.0,100.44,67.28,33.16,4,No,Completed,43,2,572,65978.6,441.28
ORD-101430,1970-01-01 05:00:45.033,CUST-10877,Australia,Oceania,Brisbane,Basketball,Harden,Male,44,Marketplace,Premium Consumer,Digital Wallet,Black Friday,1.0,114.79,5.0,109.05,55.63,53.42,2,No,Completed,20,6,362,32161.02,4689.0
ORD-101431,1970-01-01 05:00:45.091,CUST-10720,Pakistan,South Asia,Islamabad,Basketball,Own The Game,Unisex,36,Retail Store,Business,Credit Card,Sports Event,1.0,91.04,0.0,91.04,58.93,32.11,2,No,Completed,50,3,106,22705.42,911.57
ORD-101432,1970-01-01 05:00:45.335,CUST-10443,Pakistan,South Asia,Faisalabad,Basketball,Own The Game,Female,43,Online Store,Business,Cash on Delivery,Sports Event,1.0,177.06,5.0,168.21,115.17,53.04,3,No,Completed,62,4,133,8564.21,4726.25
ORD-101433,1970-01-01 05:00:45.976,CUST-10673,Usa,North America,Houston,Basketball,Dame,Female,42,Retail Store,Premium Consumer,Cash on Delivery,New Year Sale,1.0,77.96,20.0,62.37,33.51,28.86,3,Yes,Returned,64,6,408,6238.1,4137.49
ORD-101434,1970-01-01 05:00:45.473,CUST-10807,Saudi Arabia,Middle East,Riyadh,Training,Everyday,Female,38,Marketplace,Business,Credit Card,No Campaign,1.0,51.55,0.0,51.55,20.7,30.85,4,No,Completed,41,3,450,30944.45,501.43
ORD-101435,1970-01-01 05:00:45.079,CUST-10443,Uae,Middle East,Dubai,Running,Adizero,Female,38,Retail Store,Business,Debit Card,No Campaign,1.0,108.06,10.0,97.25,63.56,33.69,4,No,Completed,56,3,534,62136.327994263105,2281.16
ORD-101436,1970-01-01 05:00:45.625,CUST-10509,India,South Asia,Kolkata,Running,Ultraboost,Male,40,Wholesale,Business,Digital Wallet,Sports Event,2.0,170.78,30.0,239.09,159.97,79.12,5,No,Completed,18,2,584,20959.2,459.66
ORD-101437,1970-01-01 05:00:45.176,CUST-10878,Germany,Europe,Berlin,Outdoor,Terrex,Unisex,40,Retail Store,Business,Credit Card,Summer Sale,4.0,164.14,16.84,328.28,358.66,-30.38,2,No,Completed,30,4,350,30273.13,1715.95
ORD-101438,1970-01-01 05:00:44.934,CUST-10529,India,South Asia,Chennai,Outdoor,Terrex,Unisex,42,Retail Store,Consumer,Credit Card,Eid Campaign,1.0,236.71,10.0,213.04,148.39,64.65,3,No,Completed,36,2,27,90564.56,1822.37
ORD-101439,1970-01-01 05:00:45.901,CUST-10137,Germany,Europe,Berlin,Outdoor,Ridgewalker,Unisex,44,Wholesale,Business,Debit Card,Eid Campaign,1.0,154.11,50.0,77.06,64.45,12.61,5,No,Completed,23,4,536,64096.17,3038.2
ORD-101440,1970-01-01 05:00:45.833,CUST-10103,Uk,Europe,London,Outdoor,Terrex,Unisex,36,Online Store,Consumer,Debit Card,Black Friday,1.0,218.42,5.0,207.5,146.84,60.66,5,No,Completed,55,3,866,92012.38,4881.89
ORD-101441,1970-01-01 05:00:45.180,CUST-10247,Uae,Middle East,Sharjah,Lifestyle,Gazelle,Male,42,Retail Store,Premium Consumer,Debit Card,Summer Sale,1.0,158.74,0.0,158.74,97.03,61.71,4,No,Completed,55,3,64,91166.99,931.84
ORD-101442,1970-01-01 05:00:45.771,CUST-10241,Usa,North America,Chicago,Outdoor,Agravic,Male,43,Marketplace,Premium Consumer,Debit Card,New Year Sale,1.0,190.86,20.0,152.69,84.91,67.78,4,No,Completed,64,2,193,6809.36,1712.84
ORD-101443,1970-01-01 05:00:45.503,CUST-10560,Pakistan,South Asia,Karachi,Outdoor,Agravic,Male,36,Online Store,Premium Consumer,Cash on Delivery,Sports Event,2.0,145.74,20.0,233.18,152.65,80.53,3,Yes,Returned,52,3,206,95523.43,2976.8
ORD-101444,1970-01-01 05:00:45.090,CUST-10026,Pakistan,South Asia,Faisalabad,Lifestyle,Superstar,Male,38,Marketplace,Business,Cash on Delivery,Sports Event,1.0,147.45,15.0,125.33,89.36,35.97,4,No,Completed,41,2,298,5592.21,939.96
ORD-101445,1970-01-01 05:00:45.580,CUST-10701,India,South Asia,Chennai,Lifestyle,Campus,Female,44,Marketplace,Premium Consumer,Cash on Delivery,Eid Campaign,1.0,61.83,50.0,30.92,25.03,5.89,4,No,Completed,64,3,39,92599.08,3582.48
ORD-101446,1970-01-01 05:00:45.394,CUST-10415,Germany,Europe,Hamburg,Lifestyle,Gazelle,Male,36,Marketplace,Premium Consumer,Digital Wallet,Eid Campaign,1.0,127.66,30.0,89.36,52.1,37.26,5,No,Completed,61,5,463,54899.98,2077.93
ORD-101447,1970-01-01 05:00:45.878,CUST-10038,Germany,Europe,Munich,Training,Rapidmove,Male,38,Mobile App,Premium Consumer,Credit Card,Summer Sale,1.0,84.97,0.0,84.97,60.37,24.6,5,No,Pending,34,2,22,53552.36,4752.9
ORD-101448,1970-01-01 05:00:45.745,CUST-10742,Germany,Europe,Munich,Training,Powerlift,Male,43,Retail Store,Consumer,Bank Transfer,Summer Sale,99.0,112.24,30.0,78.57,68.46,10.11,4,No,Completed,56,7,688,71469.77,3186.37
ORD-101449,1970-01-01 05:00:45.728,CUST-10461,Saudi Arabia,Middle East,Jeddah,Running,Ultraboost,Male,44,Marketplace,Consumer,Credit Card,No Campaign,1.0,172.39,10.0,155.15,108.74,46.41,5,No,Pending,43,3,994,87981.52,1879.1
ORD-101450,1970-01-01 05:00:45.495,CUST-10455,Usa,North America,Los Angeles,Football,Copa,Male,44,Wholesale,Business,Digital Wallet,Eid Campaign,2.0,141.66,20.0,226.66,131.49,95.17,3,No,Completed,61,2,775,61891.95,3625.42
ORD-101451,1970-01-01 05:00:45.049,CUST-10027,Usa,North America,Chicago,Football,F50,Male,38,Marketplace,Business,Digital Wallet,New Year Sale,3.0,102.99,5.0,293.52,219.65,73.87,4,No,Completed,44,7,127,42827.29,4209.9
ORD-101452,1970-01-01 05:00:45.989,CUST-10412,Uk,Europe,Manchester,Football,X Crazyfast,Male,43,Mobile App,Consumer,Cash on Delivery,Sports Event,2.0,157.43,10.0,283.37,130.49,152.88,2,No,Completed,48,3,262,11632.99,4022.35
ORD-101453,1970-01-01 05:00:45.805,CUST-10395,Uae,Middle East,Sharjah,Basketball,Dame,Male,40,Wholesale,Premium Consumer,Cash on Delivery,Sports Event,2.0,78.05,15.0,132.68,108.02,24.66,4,No,Completed,44,4,788,79026.33,1387.55
ORD-101454,1970-01-01 05:00:45.683,CUST-10675,Germany,Europe,Hamburg,Outdoor,Ridgewalker,Female,38,Online Store,Premium Consumer,Cash on Delivery,No Campaign,1.0,136.63,0.0,136.63,97.57,39.06,4,No,Completed,32,2,34,13265.2,2143.22
ORD-101455,1970-01-01 05:00:45.405,CUST-10522,Saudi Arabia,Middle East,Jeddah,Football,Copa,Unisex,44,Marketplace,Business,Cash on Delivery,New Year Sale,1.0,140.87,15.0,119.74,58.7,61.04,3,No,Completed,34,3,486,72773.4,2315.67
ORD-101456,1970-01-01 05:00:45.187,CUST-10474,Germany,Europe,Munich,Outdoor,Ridgewalker,Unisex,42,Wholesale,Business,Debit Card,Summer Sale,1.0,241.46,0.0,241.46,157.81,83.65,5,No,Completed,54,4,100,53028.53,2003.08
ORD-101457,1970-01-01 05:00:44.966,CUST-10101,Australia,Oceania,Melbourne,Lifestyle,Superstar,Unisex,38,Mobile App,Consumer,Bank Transfer,Black Friday,1.0,79.9,50.0,39.95,55.46,-15.51,5,No,Completed,34,2,736,38890.67,1623.23
ORD-101458,1970-01-01 05:00:45.874,CUST-10694,India,South Asia,Kolkata,Lifestyle,Superstar,Unisex,44,Online Store,Premium Consumer,Digital Wallet,Summer Sale,1.0,125.2,0.0,125.2,63.14,62.06,4,No,Completed,21,4,740,61492.15,3788.46
ORD-101459,1970-01-01 05:00:45.672,CUST-10226,Uk,Europe,London,Outdoor,Ridgewalker,Female,42,Retail Store,Business,Credit Card,Black Friday,2.0,173.65,13.7,295.2,152.46,142.74,5,No,Completed,45,4,610,77349.43,159.9
ORD-101460,1970-01-01 05:00:45.226,CUST-10427,Germany,Europe,Munich,Lifestyle,Superstar,Female,44,Marketplace,Business,Bank Transfer,Summer Sale,1.0,54.39,20.0,43.51,35.0,8.51,3,No,Completed,51,1,81,94143.39,1538.37
ORD-101461,1970-01-01 05:00:45.532,CUST-10304,Saudi Arabia,Middle East,Dammam,Lifestyle,Samba,Male,42,Wholesale,Business,Cash on Delivery,Summer Sale,1.0,53.57,20.0,42.86,27.99,14.87,5,No,Completed,41,5,316,26837.34,793.92
ORD-101462,1970-01-01 05:00:45.537,CUST-10357,Usa,North America,Chicago,Training,Dropset,Male,40,Marketplace,Consumer,Credit Card,No Campaign,1.0,134.34,15.0,114.19,88.17,26.02,4,No,Completed,64,1,978,94739.45,730.97
ORD-101463,1970-01-01 05:00:45.879,CUST-10018,Usa,North America,Los Angeles,Running,Solarboost,Male,43,Wholesale,Consumer,Bank Transfer,Eid Campaign,2.0,116.79,10.0,210.22,145.2,65.02,2,No,Completed,54,2,329,96114.33,1457.1
ORD-101464,1970-01-01 05:00:45.860,CUST-10517,Germany,Europe,Munich,Running,Solarboost,Male,38,Marketplace,Consumer,Bank Transfer,Summer Sale,2.0,144.18,30.0,201.85,167.02,34.83,2,No,Completed,44,10,195,81456.24,3834.55
ORD-101465,1970-01-01 05:00:45.034,CUST-10026,Germany,Europe,Munich,Running,Ultraboost,Unisex,44,Marketplace,Consumer,Cash on Delivery,Sports Event,1.0,165.35,15.0,140.55,105.39,35.16,4,No,Completed,38,2,413,88203.0,4850.17
ORD-101466,1970-01-01 05:00:45.816,CUST-10170,Usa,North America,Chicago,Lifestyle,Samba,Female,40,Marketplace,Business,Credit Card,Sports Event,1.0,93.99,5.0,89.29,56.38,32.91,4,No,Pending,58,5,876,69396.54,2621.63
ORD-101467,1970-01-01 05:00:45.974,CUST-10841,Uk,Europe,London,Basketball,D.O.N. Issue,Unisex,40,Mobile App,Consumer,Credit Card,Summer Sale,1.0,86.4,0.0,86.4,61.81,24.59,5,No,Completed,63,4,508,34588.928146189384,1760.96
ORD-101468,1970-01-01 05:00:45.408,CUST-10582,Uae,Middle East,Dubai,Running,Adizero,Female,42,Marketplace,Consumer,Digital Wallet,No Campaign,1.0,73.94,5.0,70.24,31.66,38.58,5,No,Cancelled,34,4,480,57720.32,4162.94
ORD-101469,1970-01-01 05:00:45.054,CUST-10443,India,South Asia,Kolkata,Training,Rapidmove,Female,43,Retail Store,Business,Credit Card,Summer Sale,3.0,93.27,20.0,223.85,182.33,41.52,3,No,Completed,44,4,67,74846.85,428.81
ORD-101470,1970-01-01 05:00:45.461,CUST-10502,Australia,Oceania,Sydney,Football,Predator,Male,36,Wholesale,Consumer,Credit Card,Sports Event,1.0,53.97,20.0,43.18,34.32,8.86,5,No,Completed,24,2,392,94199.46,556.52
ORD-101471,1970-01-01 05:00:45.013,CUST-10618,Saudi Arabia,Middle East,Riyadh,Training,Dropset,Male,40,Retail Store,Business,Cash on Delivery,Black Friday,1.0,145.39,5.0,138.12,59.97,78.15,5,No,Completed,25,4,272,57259.96,1792.29
ORD-101472,1970-01-01 05:00:44.966,CUST-10372,Usa,North America,Chicago,Outdoor,Five Ten,Male,36,Mobile App,Business,Credit Card,No Campaign,1.0,82.16,30.0,57.51,47.21,10.3,5,No,Completed,34,3,298,79522.97,2297.2
ORD-101473,1970-01-01 05:00:45.354,CUST-10057,Saudi Arabia,Middle East,Riyadh,Lifestyle,Samba,Unisex,44,Online Store,Premium Consumer,Credit Card,New Year Sale,1.0,159.55,20.0,127.64,103.09,24.55,4,No,Completed,30,1,870,70651.35,4009.41
ORD-101474,1970-01-01 05:00:45.740,CUST-10195,Germany,Europe,Berlin,Lifestyle,Gazelle,Male,45,Online Store,Business,Bank Transfer,Black Friday,1.0,107.84,5.0,102.45,49.08,53.37,1,No,Completed,19,3,855,28439.89,4633.79
ORD-101475,1970-01-01 05:00:45.973,CUST-10579,Uk,Europe,Manchester,Lifestyle,Campus,Male,38,Wholesale,Premium Consumer,Cash on Delivery,Summer Sale,2.0,108.3,0.0,216.6,140.2,76.4,5,No,Completed,59,3,952,15895.44,2703.26
ORD-101476,1970-01-01 05:00:45.171,CUST-10071,Germany,Europe,Hamburg,Basketball,Own The Game,Female,44,Online Store,Premium Consumer,Bank Transfer,Sports Event,1.0,131.82,20.0,105.46,59.93,45.53,3,No,Cancelled,39,2,870,75215.08,2528.66
ORD-101477,1970-01-01 05:00:45.157,CUST-10420,Usa,North America,New York,Football,X Crazyfast,Female,38,Retail Store,Consumer,Bank Transfer,Sports Event,1.0,74.51,5.0,70.78,49.07,21.71,5,Yes,Returned,61,5,140,23759.95,1143.75
ORD-101478,1970-01-01 05:00:45.548,CUST-10754,Uk,Europe,Manchester,Outdoor,Ridgewalker,Female,36,Retail Store,Business,Cash on Delivery,Summer Sale,1.0,195.95,15.0,166.56,109.92,56.64,5,No,Cancelled,43,4,184,24846.81,2310.79
ORD-101479,1970-01-01 05:00:45.370,CUST-10024,Pakistan,South Asia,Rawalpindi,Basketball,D.O.N. Issue,Female,42,Mobile App,Business,Digital Wallet,Sports Event,1.0,104.59,20.0,83.67,66.22,17.45,5,No,Completed,20,2,665,64572.65,4625.86
ORD-101480,1970-01-01 05:00:45.265,CUST-10635,Germany,Europe,Munich,Training,Rapidmove,Female,45,Wholesale,Premium Consumer,Debit Card,No Campaign,1.0,57.11,15.0,48.54,37.53,11.01,4,No,Cancelled,38,4,188,66095.117889429,2025.21
ORD-101481,1970-01-01 05:00:45.029,CUST-10124,India,South Asia,Delhi,Running,Ultraboost,Female,36,Marketplace,Premium Consumer,Digital Wallet,Sports Event,1.0,121.48,5.0,115.41,61.49,53.92,5,No,Completed,24,3,573,58442.04,1132.34
ORD-101482,1970-01-01 05:00:45.680,CUST-10488,Uae,Middle East,Dubai,Running,Ultraboost,Unisex,42,Mobile App,Business,Cash on Delivery,No Campaign,1.0,87.91,15.0,74.72,52.45,22.27,3,No,Completed,39,2,18,88555.82,1752.75
ORD-101483,1970-01-01 05:00:45.536,CUST-10529,Uk,Europe,London,Training,Dropset,Male,44,Retail Store,Premium Consumer,Digital Wallet,Summer Sale,1.0,107.95,15.0,91.76,76.34,15.42,2,Yes,Returned,33,5,80,21538.61,2621.51
ORD-101484,1970-01-01 05:00:45.902,CUST-10529,India,South Asia,Mumbai,Outdoor,Terrex,Male,38,Online Store,Business,Debit Card,Eid Campaign,1.0,177.19,0.0,177.19,81.82,95.37,5,No,Completed,29,1,497,25615.24,3033.07
ORD-101485,1970-01-01 05:00:45.909,CUST-10176,Uk,Europe,London,Basketball,D.O.N. Issue,Unisex,40,Retail Store,Consumer,Digital Wallet,Sports Event,1.0,148.56,10.0,133.7,90.8,42.9,5,No,Completed,51,3,541,63877.07,2218.91
ORD-101486,1970-01-01 05:00:45.945,CUST-10837,Usa,North America,Houston,Running,Ultraboost,Female,43,Retail Store,Consumer,Bank Transfer,No Campaign,2.0,194.66,30.0,272.52,263.09,9.43,3,No,Completed,37,3,638,83022.13,3816.83
ORD-101487,1970-01-01 05:00:45.908,CUST-10271,India,South Asia,Mumbai,Basketball,Dame,Female,36,Marketplace,Consumer,Debit Card,No Campaign,1.0,72.47,0.0,72.47,34.53,37.94,4,No,Completed,37,4,217,54165.5,2963.82
ORD-101488,1970-01-01 05:00:45.818,CUST-10650,Australia,Oceania,Brisbane,Running,Ultraboost,Unisex,38,Retail Store,Business,Credit Card,Black Friday,1.0,120.0,5.0,114.0,80.07,33.93,4,No,Completed,28,2,524,1532.97,3358.74
ORD-101489,1970-01-01 05:00:45.861,CUST-10261,Germany,Europe,Munich,Running,Solarboost,Unisex,40,Marketplace,Business,Cash on Delivery,Sports Event,2.0,210.89,10.0,379.6,190.6,189.0,3,No,Completed,48,6,688,67855.84,4328.3
ORD-101490,1970-01-01 05:00:45.760,CUST-10874,Uae,Middle East,Dubai,Basketball,Dame,Unisex,43,Marketplace,Premium Consumer,Cash on Delivery,Black Friday,1.0,170.23,10.0,153.21,111.71,41.5,4,No,Completed,22,10,337,81451.45,4341.87
ORD-101491,1970-01-01 05:00:45.762,CUST-10695,Uae,Middle East,Abu Dhabi,Outdoor,Five Ten,Female,38,Wholesale,Premium Consumer,Debit Card,Black Friday,1.0,166.31,10.0,149.68,97.86,51.82,3,No,Completed,19,4,120,28016.09,1097.19
ORD-101492,1970-01-01 05:00:45.850,CUST-10761,Germany,Europe,Hamburg,Outdoor,Five Ten,Unisex,40,Online Store,Premium Consumer,Bank Transfer,Sports Event,1.0,149.38,20.0,119.5,80.32,39.18,5,No,Completed,24,2,468,5892.72,3154.39
ORD-101493,1970-01-01 05:00:45.253,CUST-10773,Uae,Middle East,Sharjah,Lifestyle,Campus,Male,42,Mobile App,Consumer,Digital Wallet,No Campaign,1.0,90.94,5.0,86.39,47.24,39.15,5,No,Cancelled,25,6,371,52036.22,3611.54
ORD-101494,1970-01-01 05:00:44.935,CUST-10577,Pakistan,South Asia,Islamabad,Lifestyle,Samba,Unisex,40,Retail Store,Business,Cash on Delivery,Eid Campaign,1.0,121.96,5.0,115.86,61.71,54.15,1,Yes,Returned,33,14,481,4694.44,814.68
ORD-101495,1970-01-01 05:00:45.735,CUST-10758,India,South Asia,Kolkata,Basketball,Dame,Unisex,43,Retail Store,Business,Cash on Delivery,Sports Event,1.0,160.26,0.0,160.26,81.79,78.47,5,No,Pending,21,5,178,41893.67,4229.57
ORD-101496,1970-01-01 05:00:45.389,CUST-10677,Usa,North America,Houston,Outdoor,Terrex,Male,42,Online Store,Business,Credit Card,Eid Campaign,1.0,192.33,5.0,182.71,84.9,97.81,4,No,Completed,22,3,110,2272.88,984.3
ORD-101497,1970-01-01 05:00:45.422,CUST-10124,Uae,Middle East,Abu Dhabi,Running,Solarboost,Female,42,Wholesale,Business,Credit Card,Summer Sale,1.0,97.27,5.0,92.41,53.15,39.26,5,No,Completed,24,2,8,22884.19,4016.47
ORD-101498,1970-01-01 05:00:45.532,CUST-10106,Pakistan,South Asia,Lahore,Running,Ultraboost,Male,40,Online Store,Consumer,Cash on Delivery,Eid Campaign,2.0,101.15,15.0,171.96,89.11,82.85,2,No,Completed,48,2,221,39187.83,891.18
ORD-101499,1970-01-01 05:00:45.752,CUST-10564,India,South Asia,Delhi,Training,Everyday,Unisex,44,Marketplace,Premium Consumer,Cash on Delivery,Summer Sale,1.0,94.97,15.0,80.72,49.46,31.26,4,No,Completed,48,2,796,11614.74,3734.71
ORD-101500,1970-01-01 05:00:45.012,CUST-10331,Uk,Europe,Birmingham,Training,Rapidmove,Female,36,Mobile App,Premium Consumer,Cash on Delivery,No Campaign,2.0,146.81,0.0,293.62,122.38,171.24,3,No,Completed,29,2,860,11858.51,825.93
ORD-101501,1970-01-01 05:00:45.712,CUST-10262,Uk,Europe,Birmingham,Outdoor,Five Ten,Male,43,Wholesale,Business,Cash on Delivery,Sports Event,1.0,139.64,10.0,125.68,56.03,69.65,4,No,Completed,41,10,621,82792.64,1956.26
ORD-101502,1970-01-01 05:00:45.006,CUST-10317,Australia,Oceania,Melbourne,Running,Duramo,Male,44,Marketplace,Business,Credit Card,No Campaign,1.0,133.91,15.0,113.82,92.34,21.48,4,No,Completed,31,4,978,4621.67,803.23
ORD-101503,1970-01-01 05:00:45.858,CUST-10636,Saudi Arabia,Middle East,Jeddah,Outdoor,Terrex,Male,42,Retail Store,Business,Digital Wallet,No Campaign,1.0,211.81,0.0,211.81,95.31,116.5,4,No,Completed,52,2,647,69052.14,1426.5
ORD-101504,1970-01-01 05:00:45.370,CUST-10228,Germany,Europe,Hamburg,Basketball,Own The Game,Female,38,Online Store,Business,Debit Card,New Year Sale,1.0,86.28,0.0,86.28,49.87,36.41,4,No,Completed,53,3,107,81540.96,4924.12
ORD-101505,1970-01-01 05:00:45.068,CUST-10391,Pakistan,South Asia,Rawalpindi,Lifestyle,Superstar,Male,44,Marketplace,Business,Bank Transfer,Eid Campaign,3.0,124.41,20.0,298.58,179.22,119.36,4,No,Completed,45,2,336,13506.87,627.61
ORD-101506,1970-01-01 05:00:45.985,CUST-10653,Pakistan,South Asia,Faisalabad,Basketball,D.O.N. Issue,Male,44,Marketplace,Consumer,Credit Card,Black Friday,2.0,139.25,0.0,278.5,187.53,90.97,5,No,Cancelled,36,4,203,19939.39,2091.68
ORD-101507,1970-01-01 05:00:45.244,CUST-10685,Germany,Europe,Berlin,Training,Dropset,Male,44,Mobile App,Consumer,Credit Card,Eid Campaign,1.0,127.75,20.0,102.2,60.31,41.89,3,No,Completed,36,6,526,64328.58,3416.9
ORD-101508,1970-01-01 05:00:45.546,CUST-10842,Uae,Middle East,Dubai,Training,Dropset,Male,42,Wholesale,Premium Consumer,Debit Card,Sports Event,1.0,49.28,5.0,46.82,28.84,17.98,4,No,Completed,27,2,452,31906.84,563.53
ORD-101509,1970-01-01 05:00:45.134,CUST-10522,Australia,Oceania,Sydney,Outdoor,Terrex,Male,40,Wholesale,Business,Credit Card,Eid Campaign,1.0,94.4,20.0,75.52,50.66,24.86,4,No,Completed,34,2,673,47904.1,634.26
ORD-101510,1970-01-01 05:00:44.969,CUST-10465,Australia,Oceania,Brisbane,Basketball,Own The Game,Unisex,42,Wholesale,Consumer,Digital Wallet,Eid Campaign,1.0,118.27,1.14,118.27,66.3,51.97,5,No,Completed,48,4,947,39810.94434139145,801.99
ORD-101511,1970-01-01 05:00:45.791,CUST-10629,Pakistan,South Asia,Lahore,Basketball,Own The Game,Male,38,Marketplace,Business,Cash on Delivery,Eid Campaign,1.0,139.29,20.0,111.43,64.01,47.42,3,No,Completed,18,3,945,14229.33,3260.43
ORD-101512,1970-01-01 05:00:45.208,CUST-10562,Usa,North America,New York,Lifestyle,Gazelle,Male,40,Online Store,Business,Debit Card,Sports Event,1.0,85.3,20.0,68.24,55.54,12.7,3,No,Completed,30,4,194,62155.43,4555.75
ORD-101513,1970-01-01 05:00:45.465,CUST-10622,Saudi Arabia,Middle East,Jeddah,Training,Everyday,Male,40,Wholesale,Premium Consumer,Credit Card,New Year Sale,1.0,77.29,15.0,65.7,32.48,33.22,4,No,Completed,54,5,260,94268.57,4147.35
ORD-101514,1970-01-01 05:00:45.228,CUST-10787,Pakistan,South Asia,Islamabad,Football,X Crazyfast,Male,43,Online Store,Premium Consumer,Credit Card,New Year Sale,3.0,148.05,15.0,377.53,293.08,84.45,4,No,Completed,23,3,865,6217.93,4916.97
ORD-101515,1970-01-01 05:00:46.013,CUST-10784,Pakistan,South Asia,Lahore,Running,Solarboost,Female,40,Marketplace,Consumer,Digital Wallet,Summer Sale,3.0,193.44,10.0,522.29,329.05,193.24,5,No,Completed,44,3,8,6470.67,2932.88
ORD-101516,1970-01-01 05:00:45.906,CUST-10548,Saudi Arabia,Middle East,Dammam,Outdoor,Five Ten,Male,38,Retail Store,Premium Consumer,Bank Transfer,Sports Event,4.0,113.0,15.0,384.2,311.41,72.79,3,No,Completed,25,10,215,55696.87,4811.24
ORD-101517,1970-01-01 05:00:45.971,CUST-10313,India,South Asia,Mumbai,Football,X Crazyfast,Male,44,Wholesale,Consumer,Bank Transfer,Summer Sale,1.0,91.85,20.0,73.48,37.33,36.15,3,No,Completed,58,2,772,96027.54,1594.18
ORD-101518,1970-01-01 05:00:45.667,CUST-10566,Saudi Arabia,Middle East,Dammam,Outdoor,Five Ten,Female,43,Online Store,Premium Consumer,Credit Card,Black Friday,1.0,214.26,0.0,214.26,150.76,63.5,4,No,Completed,50,3,922,22437.13,2165.37
ORD-101519,1970-01-01 05:00:45.692,CUST-10144,Usa,North America,Houston,Running,Adizero,Female,42,Retail Store,Premium Consumer,Bank Transfer,New Year Sale,2.0,201.56,0.0,403.12,205.96,197.16,5,No,Completed,23,7,112,33413.8,2040.6
ORD-101520,1970-01-01 05:00:45.421,CUST-10866,Usa,North America,Chicago,Outdoor,Ridgewalker,Male,38,Mobile App,Business,Credit Card,Eid Campaign,1.0,134.36,5.0,127.64,92.42,35.22,5,No,Completed,42,6,628,10315.47,332.05
ORD-101521,1970-01-01 05:00:45.225,CUST-10385,India,South Asia,Delhi,Lifestyle,Samba,Female,44,Mobile App,Premium Consumer,Digital Wallet,Sports Event,1.0,92.4,0.0,92.4,43.43,48.97,3,No,Completed,58,2,339,36543.6,4165.56
ORD-101522,1970-01-01 05:00:45.558,CUST-10360,Germany,Europe,Munich,Basketball,Dame,Unisex,44,Mobile App,Business,Bank Transfer,Sports Event,1.0,85.98,5.0,81.68,61.89,19.79,2,No,Completed,39,4,46,4911.08,221.12
ORD-101523,1970-01-01 05:00:45.113,CUST-10367,Uae,Middle East,Sharjah,Training,Everyday,Male,42,Wholesale,Business,Bank Transfer,Sports Event,1.0,121.43,20.0,97.14,74.1,23.04,5,No,Pending,25,1,829,67551.31588241758,3676.39
ORD-101524,1970-01-01 05:00:45.482,CUST-10381,India,South Asia,Bangalore,Basketball,Dame,Unisex,45,Retail Store,Premium Consumer,Cash on Delivery,Summer Sale,1.0,98.16,10.0,83.44,57.21,26.23,3,No,Completed,49,5,812,55771.03,2094.62
ORD-101525,1970-01-01 05:00:45.319,CUST-10078,Saudi Arabia,Middle East,Jeddah,Basketball,Dame,Unisex,43,Marketplace,Premium Consumer,Bank Transfer,Eid Campaign,1.0,64.12,5.0,60.91,37.95,22.96,5,No,Completed,57,3,488,97512.98,130.61
ORD-101526,1970-01-01 05:00:45.531,CUST-10146,Saudi Arabia,Middle East,Riyadh,Lifestyle,Gazelle,Unisex,38,Wholesale,Business,Cash on Delivery,Summer Sale,1.0,153.85,0.0,153.85,91.8,62.05,2,No,Completed,18,2,321,81929.6,1520.74
ORD-101527,1970-01-01 05:00:45.167,CUST-10612,Australia,Oceania,Brisbane,Lifestyle,Gazelle,Unisex,44,Retail Store,Consumer,Bank Transfer,Sports Event,1.0,118.9,20.0,95.12,79.08,16.04,5,No,Cancelled,25,3,790,82295.51,1796.03
ORD-101528,1970-01-01 05:00:45.694,CUST-10142,Germany,Europe,Berlin,Football,F50,Female,44,Marketplace,Business,Digital Wallet,New Year Sale,1.0,123.7,5.0,117.52,77.02,40.5,5,No,Completed,53,6,97,23200.36,4827.04
ORD-101529,1970-01-01 05:00:45.074,CUST-10323,Germany,Europe,Munich,Football,Copa,Male,43,Wholesale,Premium Consumer,Credit Card,No Campaign,1.0,59.19,20.0,47.35,29.55,17.8,2,Yes,Returned,29,5,444,9179.85,3339.29
ORD-101530,1970-01-01 05:00:45.858,CUST-10152,Saudi Arabia,Middle East,Dammam,Basketball,Own The Game,Unisex,44,Wholesale,Business,Digital Wallet,Summer Sale,2.0,80.86,15.0,137.46,112.55,24.91,3,No,Cancelled,33,10,92,60505.93,2763.5
ORD-101531,1970-01-01 05:00:45.929,CUST-10236,Uk,Europe,Birmingham,Running,Duramo,Male,44,Mobile App,Premium Consumer,Cash on Delivery,No Campaign,1.0,105.0,0.0,105.0,52.1,52.9,4,No,Completed,50,4,810,52353.25,722.55
ORD-101532,1970-01-01 05:00:45.667,CUST-10641,Uae,Middle East,Dubai,Football,Predator,Male,38,Marketplace,Consumer,Bank Transfer,New Year Sale,1.0,101.52,10.0,91.37,72.37,19.0,2,No,Completed,25,4,251,51892.14,2016.41
ORD-101533,1970-01-01 05:00:45.793,CUST-10454,Uk,Europe,London,Football,Predator,Male,36,Online Store,Consumer,Cash on Delivery,New Year Sale,1.0,171.1,0.0,171.1,79.05,92.05,3,No,Completed,34,2,162,11346.29,275.25
ORD-101534,1970-01-01 05:00:45.419,CUST-10710,Uk,Europe,London,Basketball,Own The Game,Male,44,Wholesale,Premium Consumer,Debit Card,Summer Sale,1.0,109.6,50.0,54.8,75.52,-20.72,4,No,Cancelled,52,2,157,49641.55,3832.26
ORD-101535,1970-01-01 05:00:45.377,CUST-10869,Pakistan,South Asia,Karachi,Lifestyle,Campus,Female,42,Wholesale,Business,Credit Card,No Campaign,1.0,59.89,10.0,53.9,31.89,22.01,5,No,Completed,37,3,578,15460.4,897.61
ORD-101536,1970-01-01 05:00:45.922,CUST-10734,India,South Asia,Delhi,Lifestyle,Campus,Male,42,Mobile App,Consumer,Debit Card,Eid Campaign,3.0,121.67,0.0,365.01,154.18,210.83,4,No,Completed,34,5,137,42500.4,3012.73
ORD-101537,1970-01-01 05:00:45.499,CUST-10095,Uae,Middle East,Dubai,Football,X Crazyfast,Male,38,Marketplace,Premium Consumer,Bank Transfer,New Year Sale,2.0,86.61,5.0,164.56,85.1,79.46,5,No,Completed,38,5,383,6685.18,3527.02
ORD-101538,1970-01-01 05:00:45.402,CUST-10690,Usa,North America,New York,Training,Powerlift,Male,43,Mobile App,Premium Consumer,Debit Card,Sports Event,1.0,82.57,20.0,66.06,41.84,24.22,4,No,Completed,29,3,311,85760.81,1895.89
ORD-101539,1970-01-01 05:00:44.974,CUST-10518,Usa,North America,Chicago,Lifestyle,Superstar,Male,44,Mobile App,Business,Cash on Delivery,Black Friday,1.0,152.0,5.89,152.0,89.83,62.17,4,No,Completed,30,5,289,1811.42,3199.71
ORD-101540,1970-01-01 05:00:45.832,CUST-10575,Pakistan,South Asia,Rawalpindi,Training,Rapidmove,Male,38,Retail Store,Business,Credit Card,New Year Sale,4.0,76.95,0.0,307.8,212.25,95.55,5,No,Completed,44,5,64,93962.65,3844.74
ORD-101541,1970-01-01 05:00:45.351,CUST-10493,Usa,North America,Los Angeles,Football,F50,Female,42,Mobile App,Premium Consumer,Debit Card,Sports Event,1.0,161.99,0.0,161.99,99.41,62.58,5,No,Completed,48,3,773,86357.74,1002.21
ORD-101542,1970-01-01 05:00:45.888,CUST-10750,Uk,Europe,London,Football,F50,Unisex,42,Online Store,Premium Consumer,Credit Card,No Campaign,1.0,178.47,50.0,89.24,96.93,-7.69,5,No,Completed,45,4,197,75384.5,3044.22
ORD-101543,1970-01-01 05:00:44.968,CUST-10652,Germany,Europe,Munich,Basketball,Own The Game,Female,44,Mobile App,Consumer,Digital Wallet,Black Friday,2.0,153.8,15.0,261.46,172.33,89.13,4,No,Completed,49,3,682,98263.78,3696.03
ORD-101544,1970-01-01 05:00:45.677,CUST-10800,Germany,Europe,Munich,Football,Copa,Female,40,Retail Store,Consumer,Bank Transfer,Sports Event,1.0,92.65,10.0,83.38,37.11,46.27,4,No,Completed,26,14,527,5855.09,1849.54
ORD-101545,1970-01-01 05:00:45.673,CUST-10052,Saudi Arabia,Middle East,Riyadh,Running,Duramo,Male,38,Retail Store,Consumer,Bank Transfer,Sports Event,1.0,207.38,0.0,207.38,92.62,114.76,1,No,Completed,23,1,702,64338.91,896.21
ORD-101546,1970-01-01 05:00:46.002,CUST-10554,Pakistan,South Asia,Islamabad,Basketball,D.O.N. Issue,Female,38,Marketplace,Consumer,Digital Wallet,Black Friday,1.0,164.9,3.55,164.9,89.81,75.09,4,No,Completed,56,3,960,85005.56,1501.97
ORD-101547,1970-01-01 05:00:45.565,CUST-10325,Uae,Middle East,Dubai,Football,F50,Unisex,38,Retail Store,Consumer,Bank Transfer,No Campaign,2.0,93.34,15.04,186.68,94.9,91.78,4,No,Completed,34,3,900,13098.4,4672.07
ORD-101548,1970-01-01 05:00:45.793,CUST-10370,Uae,Middle East,Dubai,Basketball,Own The Game,Male,36,Retail Store,Business,Credit Card,No Campaign,1.0,103.19,0.0,103.19,62.73,40.46,5,No,Completed,39,5,536,58685.11,1851.49
ORD-101549,1970-01-01 05:00:46.020,CUST-10871,India,South Asia,Delhi,Basketball,Harden,Female,45,Marketplace,Business,Debit Card,Summer Sale,1.0,165.97,15.0,141.07,92.19,48.88,5,No,Pending,57,4,249,39695.23,627.73
ORD-101550,1970-01-01 05:00:45.593,CUST-10551,Uae,Middle East,Dubai,Football,Predator,Female,45,Online Store,Business,Bank Transfer,No Campaign,1.0,64.7,0.0,64.7,40.81,23.89,3,No,Completed,47,4,538,43864.8,505.36
ORD-101551,1970-01-01 05:00:45.026,CUST-10011,Usa,North America,Houston,Football,X Crazyfast,Male,40,Retail Store,Business,Cash on Delivery,New Year Sale,2.0,102.78,10.0,185.0,116.1,68.9,2,Yes,Returned,48,5,681,91296.15,984.43
ORD-101552,1970-01-01 05:00:45.858,CUST-10399,Uk,Europe,London,Training,Powerlift,Unisex,38,Retail Store,Consumer,Bank Transfer,No Campaign,2.0,107.02,20.0,171.23,96.97,74.26,2,No,Completed,60,3,116,54095.82,724.81
ORD-101553,1970-01-01 05:00:44.928,CUST-10472,India,South Asia,Bangalore,Training,Powerlift,Female,45,Mobile App,Business,Digital Wallet,New Year Sale,2.0,137.3,20.0,219.68,113.08,106.6,3,No,Completed,22,3,891,9779.57,2525.71
ORD-101554,1970-01-01 05:00:45.991,CUST-10672,Usa,North America,Chicago,Lifestyle,Superstar,Unisex,43,Marketplace,Business,Digital Wallet,Summer Sale,1.0,56.98,0.0,56.98,27.51,29.47,4,No,Completed,39,1,566,93753.01,1803.0
ORD-101555,1970-01-01 05:00:45.350,CUST-10031,Australia,Oceania,Sydney,Football,Predator,Unisex,42,Marketplace,Consumer,Bank Transfer,Eid Campaign,1.0,56.76,0.0,56.76,28.95,27.81,5,No,Completed,33,1,485,18928.51,4222.89
ORD-101556,1970-01-01 05:00:45.692,CUST-10732,Usa,North America,New York,Training,Everyday,Female,44,Retail Store,Consumer,Debit Card,Eid Campaign,2.0,126.35,0.0,252.7,106.62,146.08,4,No,Pending,61,10,362,89317.36,4417.28
ORD-101557,1970-01-01 05:00:45.545,CUST-10232,Uae,Middle East,Abu Dhabi,Training,Powerlift,Male,40,Online Store,Consumer,Digital Wallet,Black Friday,1.0,93.73,10.0,84.36,58.86,25.5,5,No,Completed,54,4,25,97106.61,2419.07
ORD-101558,1970-01-01 05:00:45.879,CUST-10728,Australia,Oceania,Melbourne,Training,Rapidmove,Male,44,Retail Store,Premium Consumer,Credit Card,No Campaign,1.0,122.43,15.0,104.07,87.17,16.9,4,No,Pending,24,5,783,87844.83,4453.78
ORD-101559,1970-01-01 05:00:45.532,CUST-10718,Uae,Middle East,Abu Dhabi,Outdoor,Terrex,Male,42,Mobile App,Premium Consumer,Digital Wallet,No Campaign,2.0,121.83,10.0,219.29,130.21,89.08,3,No,Completed,29,3,876,67874.81,2307.26
ORD-101560,1970-01-01 05:00:45.009,CUST-10654,Uk,Europe,Manchester,Basketball,Own The Game,Male,42,Marketplace,Consumer,Cash on Delivery,New Year Sale,1.0,94.67,10.0,85.2,62.58,22.62,2,Yes,Returned,25,3,619,74483.41,3245.61
ORD-101561,1970-01-01 05:00:45.225,CUST-10606,Uae,Middle East,Sharjah,Running,Ultraboost,Unisex,45,Marketplace,Consumer,Credit Card,No Campaign,1.0,130.88,15.0,111.25,67.14,44.11,5,No,Completed,27,3,601,70136.79,896.42
ORD-101562,1970-01-01 05:00:44.976,CUST-10552,Saudi Arabia,Middle East,Jeddah,Outdoor,Agravic,Female,42,Wholesale,Premium Consumer,Cash on Delivery,No Campaign,1.0,175.46,0.0,175.46,104.26,71.2,4,No,Completed,53,1,492,46322.18,357.65
ORD-101563,1970-01-01 05:00:45.031,CUST-10010,Germany,Europe,Hamburg,Basketball,Dame,Unisex,38,Mobile App,Premium Consumer,Digital Wallet,New Year Sale,1.0,177.59,10.0,159.83,114.36,45.47,3,No,Completed,54,5,356,27804.76,884.42
ORD-101564,1970-01-01 05:00:45.241,CUST-10532,Pakistan,South Asia,Faisalabad,Outdoor,Terrex,Female,44,Marketplace,Consumer,Debit Card,Summer Sale,1.0,196.39,30.0,137.47,104.22,33.25,3,No,Completed,33,4,411,28857.77,1334.04
ORD-101565,1970-01-01 05:00:45.491,CUST-10576,India,South Asia,Chennai,Lifestyle,Superstar,Male,36,Online Store,Premium Consumer,Credit Card,Summer Sale,2.0,93.05,20.0,148.88,95.7,53.18,5,No,Cancelled,26,3,475,73251.2,3779.81
ORD-101566,1970-01-01 05:00:45.782,CUST-10458,Saudi Arabia,Middle East,Riyadh,Training,Powerlift,Female,45,Wholesale,Premium Consumer,Debit Card,No Campaign,1.0,94.85,15.0,80.62,49.76,30.86,4,No,Cancelled,29,6,413,62790.63,950.18
ORD-101567,1970-01-01 05:00:45.470,CUST-10796,India,South Asia,Chennai,Football,Predator,Male,42,Mobile App,Consumer,Digital Wallet,No Campaign,2.0,139.0,30.0,194.6,142.44,52.16,4,No,Completed,39,3,893,58695.96,740.21
ORD-101568,1970-01-01 05:00:45.628,CUST-10036,India,South Asia,Kolkata,Outdoor,Five Ten,Unisex,42,Mobile App,Premium Consumer,Bank Transfer,New Year Sale,1.0,198.26,15.0,168.52,120.22,48.3,4,No,Completed,31,7,121,65434.58,4645.29
ORD-101569,1970-01-01 05:00:46.005,CUST-10756,Germany,Europe,Munich,Outdoor,Agravic,Unisex,45,Marketplace,Business,Debit Card,Summer Sale,1.0,103.59,0.0,103.59,58.95,44.64,5,No,Completed,21,1,460,77591.23,3475.13
ORD-101570,1970-01-01 05:00:45.484,CUST-10872,Pakistan,South Asia,Islamabad,Training,Rapidmove,Unisex,44,Mobile App,Business,Digital Wallet,No Campaign,1.0,109.38,5.0,103.91,57.44,46.47,3,No,Completed,21,14,856,74959.92,2419.2
ORD-101571,1970-01-01 05:00:45.230,CUST-10872,Uk,Europe,Birmingham,Basketball,D.O.N. Issue,Male,42,Retail Store,Premium Consumer,Debit Card,No Campaign,1.0,129.85,5.0,123.36,82.41,40.95,5,No,Completed,63,5,428,10986.94,565.35
ORD-101572,1970-01-01 05:00:45.785,CUST-10738,Germany,Europe,Hamburg,Training,Rapidmove,Female,44,Online Store,Consumer,Debit Card,New Year Sale,1.0,136.98,30.0,95.89,87.97,7.92,5,No,Completed,55,3,242,67926.0980547323,4273.78
ORD-101573,1970-01-01 05:00:45.569,CUST-10195,Australia,Oceania,Sydney,Outdoor,Terrex,Female,43,Mobile App,Consumer,Digital Wallet,Eid Campaign,2.0,206.44,0.0,412.88,218.65,194.23,5,No,Completed,47,4,402,26764.73,630.47
ORD-101574,1970-01-01 05:00:45.169,CUST-10723,Pakistan,South Asia,Rawalpindi,Basketball,Dame,Male,44,Mobile App,Premium Consumer,Bank Transfer,Summer Sale,3.0,164.69,10.0,444.66,347.99,96.67,4,No,Completed,37,3,780,54054.75,3094.13
ORD-101575,1970-01-01 05:00:45.513,CUST-10662,Usa,North America,Los Angeles,Training,Powerlift,Unisex,40,Marketplace,Consumer,Bank Transfer,Black Friday,1.0,41.67,15.0,35.42,28.37,7.05,5,No,Completed,27,3,251,6610.9,3371.61
ORD-101576,1970-01-01 05:00:45.095,CUST-10631,Usa,North America,New York,Running,Ultraboost,Unisex,38,Retail Store,Business,Digital Wallet,Eid Campaign,2.0,192.46,5.0,365.67,197.81,167.86,4,No,Completed,45,1,74,76365.17,2060.68
ORD-101577,1970-01-01 05:00:45.032,CUST-10651,India,South Asia,Delhi,Outdoor,Ridgewalker,Female,40,Online Store,Consumer,Cash on Delivery,Black Friday,1.0,171.96,10.0,154.76,104.51,50.25,4,Yes,Returned,43,6,111,11099.47,4564.96
ORD-101578,1970-01-01 05:00:45.009,CUST-10498,Germany,Europe,Berlin,Outdoor,Terrex,Female,42,Online Store,Consumer,Bank Transfer,No Campaign,2.0,232.0,0.0,464.0,210.7,253.3,5,No,Completed,60,4,662,27504.5,348.43
ORD-101579,1970-01-01 05:00:45.320,CUST-10890,Pakistan,South Asia,Karachi,Lifestyle,Samba,Female,44,Online Store,Premium Consumer,Bank Transfer,Black Friday,2.0,117.74,15.0,200.16,153.15,47.01,5,No,Completed,54,4,781,78382.78,4108.77
ORD-101580,1970-01-01 05:00:45.210,CUST-10541,India,South Asia,Delhi,Lifestyle,Campus,Female,44,Retail Store,Business,Bank Transfer,No Campaign,1.0,69.61,15.0,59.17,38.49,20.68,5,No,Completed,63,1,969,5630.22,2813.59
ORD-101581,1970-01-01 05:00:45.508,CUST-10021,Australia,Oceania,Sydney,Lifestyle,Gazelle,Female,42,Retail Store,Business,Digital Wallet,Eid Campaign,99.0,101.46,30.0,71.02,42.34,28.68,5,No,Completed,26,2,609,66190.01,3094.9
ORD-101582,1970-01-01 05:00:45.528,CUST-10587,Germany,Europe,Hamburg,Lifestyle,Campus,Unisex,43,Mobile App,Consumer,Cash on Delivery,Sports Event,2.0,86.24,20.0,137.98,86.77,51.21,4,No,Completed,64,5,359,92485.59,4935.45
ORD-101583,1970-01-01 05:00:45.871,CUST-10305,Germany,Europe,Berlin,Football,X Crazyfast,Unisex,40,Online Store,Consumer,Credit Card,New Year Sale,2.0,131.27,15.0,223.16,185.41,37.75,5,No,Completed,62,3,766,61954.96,2954.97
ORD-101584,1970-01-01 05:00:45.846,CUST-10766,India,South Asia,Mumbai,Football,Predator,Male,38,Marketplace,Premium Consumer,Cash on Delivery,New Year Sale,4.0,171.12,30.0,479.14,415.28,63.86,5,No,Completed,34,14,918,71409.42,4005.44
ORD-101585,1970-01-01 05:00:45.818,CUST-10523,Saudi Arabia,Middle East,Dammam,Outdoor,Five Ten,Male,45,Wholesale,Premium Consumer,Debit Card,Eid Campaign,1.0,101.27,30.0,70.89,64.47,6.42,4,No,Completed,37,3,167,79330.55,852.3
ORD-101586,1970-01-01 05:00:45.727,CUST-10093,Pakistan,South Asia,Karachi,Basketball,Harden,Female,38,Online Store,Consumer,Cash on Delivery,Eid Campaign,1.0,68.23,20.0,54.58,35.48,19.1,3,Yes,Returned,36,7,249,22613.51,4065.52
ORD-101587,1970-01-01 05:00:45.741,CUST-10360,Uae,Middle East,Sharjah,Training,Rapidmove,Female,44,Retail Store,Premium Consumer,Digital Wallet,No Campaign,1.0,116.14,10.0,104.53,81.63,22.9,1,No,Completed,31,3,831,58305.91,3829.26
ORD-101588,1970-01-01 05:00:44.942,CUST-10458,Germany,Europe,Munich,Lifestyle,Gazelle,Female,43,Online Store,Premium Consumer,Cash on Delivery,Summer Sale,2.0,159.2,0.0,318.4,177.92,140.48,4,No,Completed,37,2,757,31251.14,4843.74
ORD-101589,1970-01-01 05:00:45.977,CUST-10433,Pakistan,South Asia,Rawalpindi,Football,X Crazyfast,Female,44,Retail Store,Business,Debit Card,Eid Campaign,1.0,140.57,10.0,126.51,57.95,68.56,3,No,Completed,52,3,212,25324.79,4684.98
ORD-101590,1970-01-01 05:00:45.629,CUST-10823,Pakistan,South Asia,Rawalpindi,Running,Solarboost,Female,42,Online Store,Consumer,Digital Wallet,New Year Sale,1.0,72.85,20.0,58.28,46.69,11.59,5,No,Completed,19,3,442,19649.41,1148.53
ORD-101591,1970-01-01 05:00:45.607,CUST-10288,Saudi Arabia,Middle East,Dammam,Football,X Crazyfast,Unisex,45,Marketplace,Business,Digital Wallet,New Year Sale,4.0,77.88,15.0,264.79,176.45,88.34,5,No,Cancelled,39,4,787,45372.849142866115,2378.17
ORD-101592,1970-01-01 05:00:45.858,CUST-10456,Saudi Arabia,Middle East,Dammam,Training,Dropset,Unisex,45,Marketplace,Business,Digital Wallet,No Campaign,1.0,95.82,15.0,81.45,53.13,28.32,4,No,Pending,52,5,927,79555.93,4566.27
ORD-101593,1970-01-01 05:00:45.761,CUST-10412,Uk,Europe,Birmingham,Basketball,D.O.N. Issue,Unisex,38,Mobile App,Premium Consumer,Digital Wallet,New Year Sale,1.0,104.59,5.0,99.36,72.64,26.72,5,No,Completed,31,3,845,87650.96,3239.75
ORD-101594,1970-01-01 05:00:45.847,CUST-10202,Saudi Arabia,Middle East,Jeddah,Basketball,Harden,Female,36,Retail Store,Business,Bank Transfer,Black Friday,1.0,140.3,15.0,119.26,57.62,61.64,4,No,Completed,49,2,791,43144.3,2372.13
ORD-101595,1970-01-01 05:00:46.013,CUST-10100,Usa,North America,Los Angeles,Basketball,D.O.N. Issue,Male,42,Mobile App,Consumer,Digital Wallet,No Campaign,1.0,117.74,10.0,105.97,82.78,23.19,2,Yes,Returned,44,1,45,37603.45,633.8
ORD-101596,1970-01-01 05:00:45.487,CUST-10276,Usa,North America,Houston,Running,Ultraboost,Male,45,Marketplace,Business,Credit Card,Eid Campaign,1.0,184.54,15.0,156.86,128.49,28.37,4,No,Completed,52,2,17,68887.04,1823.61
ORD-101597,1970-01-01 05:00:45.164,CUST-10897,Saudi Arabia,Middle East,Riyadh,Lifestyle,Campus,Female,45,Marketplace,Consumer,Bank Transfer,Sports Event,2.0,64.14,15.0,109.04,91.62,17.42,5,No,Completed,22,5,878,78145.74,3359.68
ORD-101598,1970-01-01 05:00:45.090,CUST-10533,Saudi Arabia,Middle East,Jeddah,Running,Duramo,Unisex,42,Mobile App,Consumer,Credit Card,Summer Sale,4.0,142.09,5.0,0.0,253.73,286.21,5,No,Completed,44,2,757,25705.27,3906.88
ORD-101599,1970-01-01 05:00:45.453,CUST-10451,Uk,Europe,Manchester,Football,Copa,Male,43,Retail Store,Business,Debit Card,Black Friday,2.0,130.72,30.0,183.01,123.72,59.29,4,No,Pending,37,7,349,30080.44,2291.12
ORD-101600,1970-01-01 05:00:45.067,CUST-10372,India,South Asia,Mumbai,Basketball,Dame,Male,38,Online Store,Consumer,Credit Card,Black Friday,1.0,176.11,0.0,176.11,120.33,55.78,4,No,Completed,25,3,219,53572.64,373.64
ORD-101601,1970-01-01 05:00:45.618,CUST-10395,Uae,Middle East,Dubai,Running,Duramo,Unisex,45,Mobile App,Business,Credit Card,Eid Campaign,1.0,216.28,5.0,205.47,144.42,61.05,3,Yes,Returned,41,6,687,44716.38,3202.54
ORD-101602,1970-01-01 05:00:45.115,CUST-10830,Uk,Europe,London,Running,Solarboost,Male,38,Retail Store,Business,Cash on Delivery,Sports Event,1.0,170.68,20.0,136.54,71.41,65.13,4,No,Completed,31,3,397,70725.88,4615.77
ORD-101603,1970-01-01 05:00:45.056,CUST-10771,Pakistan,South Asia,Karachi,Lifestyle,Samba,Male,42,Retail Store,Business,Bank Transfer,Summer Sale,1.0,107.38,10.0,96.64,74.31,22.33,1,No,Completed,53,14,745,50696.26,2532.41
ORD-101604,1970-01-01 05:00:44.988,CUST-10699,Australia,Oceania,Melbourne,Outdoor,Agravic,Female,43,Online Store,Business,Digital Wallet,Summer Sale,1.0,132.63,0.0,132.63,73.69,58.94,4,No,Completed,60,4,949,11604.11,4649.28
ORD-101605,1970-01-01 05:00:45.064,CUST-10462,Uae,Middle East,Dubai,Football,F50,Male,44,Wholesale,Premium Consumer,Digital Wallet,Black Friday,2.0,107.25,15.0,500000.0,97.08,85.24,1,No,Completed,20,3,660,17012.34,1835.09
ORD-101606,1970-01-01 05:00:45.001,CUST-10739,Germany,Europe,Munich,Football,Predator,Male,36,Wholesale,Premium Consumer,Credit Card,No Campaign,1.0,139.3,15.0,118.4,97.11,21.29,5,No,Completed,36,2,97,90239.93,4443.19
ORD-101607,1970-01-01 05:00:45.778,CUST-10193,Germany,Europe,Hamburg,Outdoor,Agravic,Male,38,Mobile App,Consumer,Debit Card,No Campaign,1.0,206.31,0.0,206.31,123.62,82.69,4,No,Completed,19,6,4,23126.14,3953.06
ORD-101608,1970-01-01 05:00:45.896,CUST-10542,India,South Asia,Chennai,Lifestyle,Gazelle,Unisex,45,Marketplace,Consumer,Bank Transfer,No Campaign,1.0,158.8,0.0,158.8,99.28,59.52,4,No,Completed,43,3,895,5483.57,4812.53
ORD-101609,1970-01-01 05:00:45.798,CUST-10194,Germany,Europe,Munich,Football,Copa,Male,38,Online Store,Premium Consumer,Debit Card,Sports Event,1.0,89.83,30.0,62.88,44.86,18.02,4,No,Completed,24,1,158,73279.73,3976.0
ORD-101610,1970-01-01 05:00:45.501,CUST-10000,Uk,Europe,Manchester,Training,Powerlift,Male,38,Wholesale,Premium Consumer,Credit Card,Eid Campaign,1.0,113.04,10.0,101.74,62.07,39.67,3,Yes,Returned,40,3,962,68559.11,1675.25
ORD-101611,1970-01-01 05:00:45.760,CUST-10017,Uk,Europe,London,Outdoor,Agravic,Male,44,Marketplace,Consumer,Credit Card,Summer Sale,2.0,238.69,5.0,453.51,246.76,206.75,3,No,Completed,63,2,86,60207.56,4512.78
ORD-101612,1970-01-01 05:00:45.121,CUST-10094,India,South Asia,Bangalore,Basketball,D.O.N. Issue,Female,42,Online Store,Consumer,Bank Transfer,Summer Sale,1.0,63.42,0.0,63.42,38.75,24.67,4,No,Completed,56,3,742,50474.49,3381.68
ORD-101613,1970-01-01 05:00:45.493,CUST-10021,India,South Asia,Bangalore,Football,Predator,Unisex,38,Online Store,Business,Bank Transfer,New Year Sale,2.0,110.58,20.0,176.93,143.48,33.45,4,No,Cancelled,35,4,119,96973.25,894.14
ORD-101614,1970-01-01 05:00:45.132,CUST-10763,Uk,Europe,Manchester,Lifestyle,Campus,Male,44,Mobile App,Consumer,Cash on Delivery,Black Friday,1.0,115.42,0.0,115.42,82.77,32.65,3,No,Completed,63,3,442,12423.31,325.23
ORD-101615,1970-01-01 05:00:45.120,CUST-10242,Pakistan,South Asia,Rawalpindi,Football,Predator,Male,38,Mobile App,Consumer,Digital Wallet,Black Friday,2.0,131.75,10.0,237.15,115.41,121.74,5,No,Completed,30,5,171,51261.2,1892.64
ORD-101616,1970-01-01 05:00:45.468,CUST-10217,Usa,North America,Los Angeles,Lifestyle,Samba,Male,45,Retail Store,Consumer,Cash on Delivery,Summer Sale,1.0,79.33,0.0,79.33,31.99,47.34,4,No,Completed,58,3,575,56622.47,3955.63
ORD-101617,1970-01-01 05:00:44.961,CUST-10354,Uae,Middle East,Abu Dhabi,Outdoor,Terrex,Male,40,Retail Store,Business,Bank Transfer,No Campaign,0.0,137.16,10.0,123.44,77.7,45.74,4,No,Completed,40,2,605,50620.944640558984,3129.25
ORD-101618,1970-01-01 05:00:45.311,CUST-10717,Usa,North America,Houston,Running,Solarboost,Male,42,Online Store,Premium Consumer,Debit Card,New Year Sale,150.0,113.13,20.0,90.5,46.85,43.65,5,Yes,Returned,45,2,681,41493.25,2682.92
ORD-101619,1970-01-01 05:00:45.632,CUST-10639,Usa,North America,Los Angeles,Football,Copa,Male,43,Wholesale,Premium Consumer,Cash on Delivery,Summer Sale,2.0,154.59,10.0,278.26,218.69,59.57,4,No,Completed,37,5,234,78388.81,118.27
ORD-101620,1970-01-01 05:00:45.449,CUST-10350,India,South Asia,Kolkata,Outdoor,Five Ten,Male,36,Online Store,Premium Consumer,Bank Transfer,Summer Sale,1.0,186.25,0.0,186.25,89.3,96.95,4,Yes,Returned,63,2,477,47374.33,2233.95
ORD-101621,1970-01-01 05:00:45.304,CUST-10431,Uk,Europe,Birmingham,Outdoor,Ridgewalker,Unisex,38,Retail Store,Consumer,Credit Card,Summer Sale,1.0,138.73,10.0,124.86,95.55,29.31,5,Yes,Returned,45,5,120,87590.21,872.84
ORD-101622,1970-01-01 05:00:45.074,CUST-10279,Saudi Arabia,Middle East,Dammam,Outdoor,Terrex,Female,40,Retail Store,Premium Consumer,Credit Card,New Year Sale,1.0,176.05,0.0,176.05,80.33,95.72,4,No,Pending,51,2,496,64657.49,2327.38
ORD-101623,1970-01-01 05:00:45.153,CUST-10568,Pakistan,South Asia,Lahore,Outdoor,Ridgewalker,Female,38,Marketplace,Consumer,Digital Wallet,Summer Sale,1.0,194.66,5.0,184.93,110.8,74.13,5,Yes,Returned,36,3,611,76725.49,4959.67
ORD-101624,1970-01-01 05:00:45.682,CUST-10158,Uae,Middle East,Abu Dhabi,Outdoor,Terrex,Female,43,Wholesale,Business,Cash on Delivery,No Campaign,1.0,108.72,15.0,92.41,46.4,46.01,4,No,Completed,62,4,421,80545.77,4409.74
ORD-101625,1970-01-01 05:00:45.350,CUST-10086,Saudi Arabia,Middle East,Jeddah,Outdoor,Ridgewalker,Female,42,Retail Store,Premium Consumer,Digital Wallet,Black Friday,1.0,222.48,20.0,177.98,99.85,78.13,5,Yes,Returned,24,2,134,69105.27,1622.09
ORD-101626,1970-01-01 05:00:44.933,CUST-10192,Usa,North America,Houston,Running,Solarboost,Female,40,Online Store,Consumer,Digital Wallet,New Year Sale,1.0,179.59,15.0,152.65,125.5,27.15,4,No,Completed,63,4,314,75063.38,3008.19
ORD-101627,1970-01-01 05:00:45.153,CUST-10261,Uk,Europe,Manchester,Football,F50,Male,44,Marketplace,Consumer,Digital Wallet,No Campaign,1.0,96.94,14.91,77.55,45.02,32.53,4,No,Completed,37,3,68,69683.4,2560.27
ORD-101628,1970-01-01 05:00:45.857,CUST-10701,Australia,Oceania,Melbourne,Lifestyle,Samba,Female,42,Mobile App,Consumer,Cash on Delivery,Eid Campaign,1.0,146.81,5.0,139.47,74.02,65.45,4,No,Completed,45,4,197,55271.14,737.23
ORD-101629,1970-01-01 05:00:45.910,CUST-10807,Usa,North America,Los Angeles,Basketball,Harden,Female,40,Online Store,Consumer,Digital Wallet,Eid Campaign,2.0,167.62,5.0,318.48,188.51,129.97,3,No,Completed,44,5,816,56870.03,4950.05
ORD-101630,1970-01-01 05:00:45.151,CUST-10361,Saudi Arabia,Middle East,Jeddah,Lifestyle,Gazelle,Unisex,42,Wholesale,Premium Consumer,Credit Card,Black Friday,1.0,105.81,30.0,74.07,52.29,21.78,5,No,Completed,21,1,717,19393.54,2183.36
ORD-101631,1970-01-01 05:00:44.968,CUST-10473,Uk,Europe,London,Outdoor,Five Ten,Unisex,38,Retail Store,Premium Consumer,Cash on Delivery,Summer Sale,1.0,234.3,50.0,117.15,120.7,-3.55,4,No,Completed,27,4,10,82830.2,2577.73
ORD-101632,1970-01-01 05:00:46.009,CUST-10245,Uae,Middle East,Dubai,Outdoor,Five Ten,Male,36,Marketplace,Business,Bank Transfer,Eid Campaign,1.0,239.3,20.0,191.44,114.54,76.9,4,No,Completed,52,2,868,31557.66,3273.24
ORD-101633,1970-01-01 05:00:45.323,CUST-10381,Germany,Europe,Berlin,Running,Duramo,Male,44,Mobile App,Premium Consumer,Cash on Delivery,New Year Sale,1.0,212.78,30.0,148.95,106.4,42.55,3,No,Completed,39,3,129,42214.59641549698,1038.57
ORD-101634,1970-01-01 05:00:45.657,CUST-10762,Saudi Arabia,Middle East,Riyadh,Outdoor,Five Ten,Female,44,Wholesale,Consumer,Debit Card,Black Friday,1.0,221.11,0.0,221.11,114.78,106.33,4,No,Completed,40,1,734,25329.78,1188.91
ORD-101635,1970-01-01 05:00:45.892,CUST-10086,Pakistan,South Asia,Karachi,Basketball,Dame,Unisex,42,Mobile App,Consumer,Digital Wallet,New Year Sale,1.0,177.24,0.0,177.24,105.07,72.17,5,Yes,Returned,38,3,109,69738.57,1043.54
ORD-101636,1970-01-01 05:00:45.138,CUST-10667,Pakistan,South Asia,Rawalpindi,Outdoor,Terrex,Male,42,Mobile App,Consumer,Debit Card,Eid Campaign,1.0,172.52,0.0,172.52,94.65,77.87,5,No,Completed,26,2,26,97529.31,1983.88
ORD-101637,1970-01-01 05:00:45.137,CUST-10444,Usa,North America,Houston,Lifestyle,Samba,Unisex,40,Retail Store,Business,Debit Card,Summer Sale,1.0,109.82,10.0,98.84,56.42,42.42,4,No,Completed,37,4,399,80293.05,1078.42
ORD-101638,1970-01-01 05:00:45.452,CUST-10126,Germany,Europe,Berlin,Running,Ultraboost,Unisex,43,Online Store,Premium Consumer,Bank Transfer,Eid Campaign,1.0,118.28,0.0,118.28,52.56,65.72,4,No,Completed,54,3,319,62100.0,4639.34
ORD-101639,1970-01-01 05:00:45.411,CUST-10015,Saudi Arabia,Middle East,Dammam,Running,Solarboost,Male,38,Marketplace,Business,Bank Transfer,Sports Event,2.0,96.13,10.0,173.03,103.36,69.67,4,No,Cancelled,47,5,193,56966.9,3600.14
ORD-101640,1970-01-01 05:00:45.494,CUST-10771,Saudi Arabia,Middle East,Dammam,Running,Duramo,Male,36,Mobile App,Consumer,Digital Wallet,Black Friday,1.0,154.39,0.0,154.39,91.57,62.82,2,No,Completed,20,4,944,49232.24,4499.39
ORD-101641,1970-01-01 05:00:45.495,CUST-10379,India,South Asia,Delhi,Running,Adizero,Female,42,Marketplace,Premium Consumer,Bank Transfer,Sports Event,2.0,217.1,0.0,434.2,180.5,253.7,5,No,Completed,40,5,345,20894.66,4257.57
ORD-101642,1970-01-01 05:00:44.970,CUST-10245,Uae,Middle East,Dubai,Running,Ultraboost,Female,42,Retail Store,Consumer,Debit Card,Sports Event,1.0,200.5,10.3,160.4,138.73,21.67,2,No,Completed,58,2,15,35127.0,3545.44
ORD-101643,1970-01-01 05:00:45.328,CUST-10555,Pakistan,South Asia,Karachi,Outdoor,Ridgewalker,Male,40,Marketplace,Premium Consumer,Credit Card,Sports Event,1.0,235.13,20.0,188.1,149.08,39.02,5,No,Completed,26,1,72,40936.21,1289.46
ORD-101644,1970-01-01 05:00:44.991,CUST-10803,Australia,Oceania,Sydney,Football,X Crazyfast,Unisex,42,Marketplace,Business,Cash on Delivery,Sports Event,1.0,164.46,10.0,148.01,77.31,70.7,5,No,Completed,54,10,947,94484.62,3115.06
ORD-101645,1970-01-01 05:00:45.252,CUST-10825,Usa,North America,Houston,Football,Predator,Female,38,Retail Store,Premium Consumer,Credit Card,New Year Sale,1.0,137.18,10.0,123.46,55.31,68.15,5,No,Completed,42,3,627,42845.49,1012.86
ORD-101646,1970-01-01 05:00:45.149,CUST-10160,Uae,Middle East,Dubai,Outdoor,Five Ten,Male,42,Online Store,Consumer,Digital Wallet,No Campaign,2.0,141.22,10.0,254.2,167.62,86.58,5,No,Completed,53,0,200,58825.94,749.13
ORD-101647,1970-01-01 05:00:45.472,CUST-10572,Usa,North America,Chicago,Football,X Crazyfast,Female,40,Wholesale,Business,Bank Transfer,Summer Sale,1.0,119.65,5.0,113.67,67.4,46.27,3,No,Completed,58,1,644,92281.24,3199.62
ORD-101648,1970-01-01 05:00:45.838,CUST-10511,Australia,Oceania,Melbourne,Training,Powerlift,Female,44,Wholesale,Consumer,Credit Card,Summer Sale,1.0,86.88,9.75,82.54,55.75,26.79,1,No,Completed,28,2,163,52083.43,3160.67
ORD-101649,1970-01-01 05:00:45.879,CUST-10636,Usa,North America,New York,Basketball,Own The Game,Unisex,38,Retail Store,Consumer,Debit Card,Sports Event,1.0,151.36,15.0,128.66,79.99,48.67,2,No,Completed,64,7,6,25519.25,867.45
ORD-101650,1970-01-01 05:00:45.735,CUST-10003,India,South Asia,Kolkata,Lifestyle,Superstar,Unisex,40,Online Store,Business,Debit Card,New Year Sale,2.0,129.3,15.0,219.81,153.55,66.26,5,No,Completed,58,4,60,38410.11,1826.9
ORD-101651,1970-01-01 05:00:45.030,CUST-10845,Saudi Arabia,Middle East,Dammam,Football,X Crazyfast,Unisex,45,Online Store,Consumer,Bank Transfer,New Year Sale,1.0,149.6,15.0,127.16,87.13,40.03,4,No,Completed,32,3,351,37866.15,424.78
ORD-101652,1970-01-01 05:00:45.458,CUST-10101,India,South Asia,Bangalore,Basketball,D.O.N. Issue,Female,45,Retail Store,Consumer,Credit Card,Eid Campaign,1.0,109.08,5.0,103.63,60.27,43.36,5,No,Completed,35,6,924,71614.4,3607.09
ORD-101653,1970-01-01 05:00:45.378,CUST-10000,Australia,Oceania,Brisbane,Football,X Crazyfast,Unisex,38,Wholesale,Consumer,Bank Transfer,Eid Campaign,1.0,170.24,20.0,136.19,70.48,65.71,4,No,Completed,37,4,484,29964.01,4938.73
ORD-101654,1970-01-01 05:00:45.586,CUST-10280,India,South Asia,Chennai,Training,Dropset,Male,44,Marketplace,Consumer,Credit Card,No Campaign,1.0,106.02,0.0,106.02,53.98,52.04,5,No,Completed,40,5,631,73163.71,3725.54
ORD-101655,1970-01-01 05:00:44.989,CUST-10541,Pakistan,South Asia,Lahore,Outdoor,Terrex,Female,40,Wholesale,Consumer,Credit Card,Sports Event,1.0,169.85,20.0,135.88,83.74,52.14,5,No,Completed,18,3,450,88979.65,4236.35
ORD-101656,1970-01-01 05:00:45.826,CUST-10161,Saudi Arabia,Middle East,Dammam,Training,Dropset,Unisex,42,Online Store,Business,Bank Transfer,No Campaign,1.0,104.65,0.0,104.65,69.66,34.99,3,No,Completed,43,3,413,33939.26,2434.08
ORD-101657,1970-01-01 05:00:45.703,CUST-10129,Uae,Middle East,Sharjah,Basketball,Dame,Male,45,Marketplace,Premium Consumer,Cash on Delivery,Summer Sale,1.0,61.35,13.24,52.15,35.71,16.44,2,No,Pending,42,1,935,13966.44,568.36
ORD-101658,1970-01-01 05:00:45.903,CUST-10017,India,South Asia,Bangalore,Lifestyle,Gazelle,Female,45,Online Store,Consumer,Debit Card,Black Friday,1.0,75.76,5.0,71.97,40.4,31.57,5,No,Completed,41,5,30,64036.16,3660.37
ORD-101659,1970-01-01 05:00:45.887,CUST-10478,Pakistan,South Asia,Lahore,Basketball,Own The Game,Unisex,43,Mobile App,Consumer,Credit Card,New Year Sale,1.0,139.69,0.0,139.69,91.34,48.35,5,No,Completed,62,2,559,36405.02,1356.95
ORD-101660,1970-01-01 05:00:45.430,CUST-10445,Pakistan,South Asia,Faisalabad,Running,Solarboost,Female,42,Online Store,Premium Consumer,Bank Transfer,Black Friday,1.0,109.01,20.0,87.21,75.01,12.2,4,No,Completed,45,5,90,53631.62,2002.64
ORD-101661,1970-01-01 05:00:45.178,CUST-10467,Uae,Middle East,Dubai,Training,Rapidmove,Female,40,Marketplace,Business,Debit Card,Black Friday,1.0,54.68,10.0,49.21,28.26,20.95,4,No,Completed,23,2,517,63599.48,3545.19
ORD-101662,1970-01-01 05:00:45.676,CUST-10176,Germany,Europe,Munich,Outdoor,Terrex,Male,43,Online Store,Business,Credit Card,Sports Event,99.0,248.69,15.0,422.77,322.51,100.26,1,No,Completed,57,2,445,41070.42,4533.44
ORD-101663,1970-01-01 05:00:45.352,CUST-10443,Australia,Oceania,Sydney,Running,Duramo,Female,45,Mobile App,Business,Cash on Delivery,No Campaign,1.0,213.35,10.0,192.02,109.76,82.26,5,No,Completed,37,7,284,92507.1,2482.62
ORD-101664,1970-01-01 05:00:45.051,CUST-10886,Uae,Middle East,Abu Dhabi,Football,Predator,Male,38,Mobile App,Premium Consumer,Bank Transfer,No Campaign,1.0,115.79,0.0,115.79,52.95,62.84,3,No,Cancelled,54,3,392,40261.66,4811.87
ORD-101665,1970-01-01 05:00:45.290,CUST-10031,Pakistan,South Asia,Rawalpindi,Basketball,Dame,Female,38,Retail Store,Business,Debit Card,Eid Campaign,1.0,65.59,10.0,59.03,43.96,15.07,5,No,Completed,43,2,949,31083.75,2647.53
ORD-101666,1970-01-01 05:00:45.745,CUST-10210,Saudi Arabia,Middle East,Jeddah,Lifestyle,Samba,Male,40,Online Store,Consumer,Digital Wallet,New Year Sale,1.0,128.8,6.62,128.8,79.87,48.93,5,No,Completed,41,6,595,88624.68,700.3
ORD-101667,1970-01-01 05:00:45.995,CUST-10343,Uk,Europe,Birmingham,Outdoor,Ridgewalker,Unisex,44,Mobile App,Premium Consumer,Debit Card,No Campaign,1.0,197.35,0.0,197.35,137.78,59.57,4,No,Completed,50,3,881,14062.02,2640.33
ORD-101668,1970-01-01 05:00:45.681,CUST-10230,Saudi Arabia,Middle East,Dammam,Training,Powerlift,Unisex,45,Mobile App,Consumer,Credit Card,Black Friday,2.0,58.82,15.0,99.99,84.15,15.84,2,No,Completed,24,2,138,12858.79,4317.08
ORD-101669,1970-01-01 05:00:45.010,CUST-10141,Uk,Europe,Manchester,Running,Duramo,Female,43,Retail Store,Premium Consumer,Cash on Delivery,Black Friday,2.0,214.95,15.0,365.42,305.39,60.03,5,No,Cancelled,26,3,786,93601.97,2736.42
ORD-101670,1970-01-01 05:00:45.396,CUST-10464,Pakistan,South Asia,Islamabad,Football,F50,Female,45,Retail Store,Premium Consumer,Debit Card,No Campaign,1.0,67.58,5.0,64.2,46.94,17.26,5,No,Completed,52,4,998,21292.36,3764.0
ORD-101671,1970-01-01 05:00:45.889,CUST-10452,Pakistan,South Asia,Faisalabad,Outdoor,Terrex,Female,43,Marketplace,Premium Consumer,Bank Transfer,New Year Sale,1.0,196.69,15.0,167.19,127.7,39.49,4,No,Completed,37,3,329,15269.52,2784.99
ORD-101672,1970-01-01 05:00:45.681,CUST-10241,Pakistan,South Asia,Rawalpindi,Football,Predator,Unisex,45,Wholesale,Consumer,Cash on Delivery,Black Friday,2.0,108.84,5.0,206.8,89.28,117.52,4,No,Completed,33,7,132,53749.25,2775.67
ORD-101673,1970-01-01 05:00:45.623,CUST-10224,Uae,Middle East,Dubai,Training,Dropset,Female,36,Marketplace,Consumer,Debit Card,Summer Sale,2.0,71.29,15.0,121.19,76.1,45.09,4,No,Completed,58,2,614,5155.45,1495.33
ORD-101674,1970-01-01 05:00:46.004,CUST-10636,Saudi Arabia,Middle East,Dammam,Basketball,Harden,Unisex,42,Online Store,Premium Consumer,Debit Card,Summer Sale,2.0,116.88,5.0,222.07,158.48,63.59,4,Yes,Returned,47,2,982,62191.49,1086.18
ORD-101675,1970-01-01 05:00:45.858,CUST-10891,India,South Asia,Kolkata,Running,Ultraboost,Female,38,Wholesale,Consumer,Bank Transfer,Summer Sale,3.0,216.15,10.0,583.6,306.67,276.93,5,No,Completed,39,2,325,45566.61,1466.7
ORD-101676,1970-01-01 05:00:45.332,CUST-10444,Saudi Arabia,Middle East,Jeddah,Lifestyle,Samba,Male,40,Mobile App,Business,Cash on Delivery,Summer Sale,1.0,100.59,0.0,100.59,62.32,38.27,5,No,Completed,36,2,606,64220.99,2260.11
ORD-101677,1970-01-01 05:00:45.084,CUST-10841,Pakistan,South Asia,Lahore,Training,Dropset,Unisex,45,Mobile App,Premium Consumer,Digital Wallet,No Campaign,1.0,135.79,10.0,122.21,91.18,31.03,4,No,Completed,34,3,529,28751.72,4066.99
ORD-101678,1970-01-01 05:00:46.001,CUST-10521,Australia,Oceania,Sydney,Lifestyle,Superstar,Male,40,Retail Store,Consumer,Credit Card,New Year Sale,1.0,104.08,10.0,93.67,67.92,25.75,4,No,Completed,33,3,20,90594.49,4162.06
ORD-101679,1970-01-01 05:00:45.156,CUST-10716,India,South Asia,Kolkata,Basketball,Own The Game,Male,45,Online Store,Consumer,Digital Wallet,No Campaign,1.0,64.06,0.0,64.06,33.32,30.74,2,No,Completed,59,3,910,27422.78,900.55
ORD-101680,1970-01-01 05:00:45.467,CUST-10128,Australia,Oceania,Brisbane,Outdoor,Five Ten,Female,38,Mobile App,Consumer,Bank Transfer,Sports Event,1.0,232.71,5.0,221.07,164.76,56.31,5,No,Completed,40,2,954,63937.69,2808.99
ORD-101681,1970-01-01 05:00:45.635,CUST-10514,Saudi Arabia,Middle East,Riyadh,Training,Everyday,Male,38,Marketplace,Business,Credit Card,No Campaign,1.0,87.99,0.0,87.99,61.8,26.19,3,No,Completed,51,5,478,94536.64,2138.54
ORD-101682,1970-01-01 05:00:45.389,CUST-10644,Uk,Europe,London,Running,Solarboost,Female,45,Mobile App,Premium Consumer,Credit Card,New Year Sale,1.0,88.61,5.0,84.18,52.17,32.01,5,Yes,Returned,31,3,457,40380.52,2897.59
ORD-101683,1970-01-01 05:00:45.276,CUST-10886,Uae,Middle East,Sharjah,Training,Powerlift,Male,42,Wholesale,Business,Bank Transfer,Summer Sale,1.0,85.14,5.0,80.88,35.31,45.57,4,Yes,Returned,47,3,517,16561.94,3273.35
ORD-101684,1970-01-01 05:00:45.490,CUST-10521,India,South Asia,Bangalore,Football,F50,Female,43,Online Store,Consumer,Cash on Delivery,No Campaign,1.0,65.18,30.0,45.63,37.92,7.71,4,No,Completed,50,1,535,7304.06,1470.1
ORD-101685,1970-01-01 05:00:45.014,CUST-10486,Uk,Europe,Manchester,Football,F50,Unisex,36,Marketplace,Consumer,Digital Wallet,Eid Campaign,1.0,113.05,20.0,90.44,57.75,32.69,5,No,Cancelled,33,3,224,96320.29,4604.29
ORD-101686,1970-01-01 05:00:45.990,CUST-10472,Usa,North America,New York,Training,Dropset,Male,40,Mobile App,Consumer,Credit Card,Summer Sale,2.0,59.57,5.0,113.18,56.42,56.76,4,No,Completed,40,2,571,76488.3,4683.7
ORD-101687,1970-01-01 05:00:45.666,CUST-10004,Pakistan,South Asia,Faisalabad,Lifestyle,Gazelle,Female,38,Online Store,Premium Consumer,Debit Card,Sports Event,2.0,56.21,10.0,101.18,79.29,21.89,4,No,Completed,42,2,795,91935.73,616.25
ORD-101688,1970-01-01 05:00:45.362,CUST-10277,Australia,Oceania,Sydney,Running,Solarboost,Male,42,Marketplace,Premium Consumer,Cash on Delivery,No Campaign,1.0,134.5,10.0,121.05,64.63,56.42,4,No,Completed,44,3,731,53602.14568209428,3544.79
ORD-101689,1970-01-01 05:00:45.820,CUST-10467,Usa,North America,New York,Lifestyle,Gazelle,Female,44,Mobile App,Business,Debit Card,New Year Sale,1.0,122.56,15.0,104.18,78.86,25.32,3,No,Completed,18,3,329,34573.63,262.84
ORD-101690,1970-01-01 05:00:45.521,CUST-10322,Saudi Arabia,Middle East,Dammam,Lifestyle,Campus,Male,38,Retail Store,Premium Consumer,Bank Transfer,No Campaign,1.0,136.38,10.0,122.74,90.39,32.35,5,Yes,Returned,18,2,790,12740.15,328.16
ORD-101691,1970-01-01 05:00:45.538,CUST-10029,Australia,Oceania,Sydney,Football,Copa,Female,45,Wholesale,Consumer,Digital Wallet,No Campaign,1.0,125.41,6.61,112.87,71.6,41.27,3,No,Completed,43,4,846,92966.03,4793.22
ORD-101692,1970-01-01 05:00:45.181,CUST-10128,Saudi Arabia,Middle East,Riyadh,Football,Copa,Male,42,Mobile App,Business,Credit Card,New Year Sale,2.0,147.57,20.0,236.11,185.66,50.45,4,No,Completed,26,5,557,49217.09,3504.78
ORD-101693,1970-01-01 05:00:45.059,CUST-10797,Pakistan,South Asia,Rawalpindi,Lifestyle,Campus,Female,40,Online Store,Business,Digital Wallet,Black Friday,1.0,84.31,12.49,75.88,55.66,20.22,4,No,Completed,49,5,367,39952.65,1690.25
ORD-101694,1970-01-01 05:00:45.696,CUST-10581,Uae,Middle East,Sharjah,Training,Rapidmove,Male,45,Wholesale,Business,Digital Wallet,No Campaign,2.0,57.52,0.0,115.04,77.19,37.85,4,No,Completed,29,2,804,57990.31,3382.4
ORD-101695,1970-01-01 05:00:45.713,CUST-10756,Uk,Europe,Birmingham,Football,Copa,Unisex,42,Retail Store,Premium Consumer,Bank Transfer,No Campaign,1.0,159.38,15.0,135.47,70.01,65.46,4,No,Completed,62,3,141,11102.65,4244.59
ORD-101696,1970-01-01 05:00:45.325,CUST-10677,Uk,Europe,London,Running,Solarboost,Male,38,Retail Store,Consumer,Cash on Delivery,Summer Sale,0.0,115.77,0.0,231.54,101.11,130.43,4,No,Completed,42,5,815,31265.78,4367.43
ORD-101697,1970-01-01 05:00:45.762,CUST-10090,Usa,North America,New York,Training,Dropset,Unisex,44,Retail Store,Premium Consumer,Credit Card,Eid Campaign,1.0,144.63,30.0,101.24,98.51,2.73,4,No,Completed,45,4,589,63968.67,200.55
ORD-101698,1970-01-01 05:00:45.283,CUST-10173,Usa,North America,Houston,Running,Duramo,Female,45,Retail Store,Business,Bank Transfer,Summer Sale,1.0,73.44,30.0,51.41,50.42,0.99,5,No,Completed,39,5,198,10462.23,4109.32
ORD-101699,1970-01-01 05:00:45.426,CUST-10341,Germany,Europe,Hamburg,Outdoor,Agravic,Male,38,Online Store,Premium Consumer,Credit Card,No Campaign,1.0,208.44,12.64,177.17,114.46,62.71,4,No,Cancelled,50,1,626,13956.65,4280.69
ORD-101700,1970-01-01 05:00:45.218,CUST-10056,Usa,North America,Houston,Outdoor,Terrex,Female,36,Wholesale,Consumer,Digital Wallet,New Year Sale,1.0,90.44,0.0,90.44,61.52,28.92,5,No,Completed,28,2,35,51303.49,3018.29
ORD-101701,1970-01-01 05:00:45.816,CUST-10850,Germany,Europe,Hamburg,Lifestyle,Gazelle,Female,38,Wholesale,Premium Consumer,Bank Transfer,Eid Campaign,3.0,153.26,0.0,459.78,258.19,201.59,4,No,Completed,50,5,465,62533.98,2451.53
ORD-101702,1970-01-01 05:00:45.370,CUST-10435,Germany,Europe,Berlin,Training,Dropset,Unisex,44,Mobile App,Consumer,Debit Card,Summer Sale,2.0,56.7,0.0,113.4,56.29,57.11,3,No,Completed,19,2,571,19106.67,643.89
ORD-101703,1970-01-01 05:00:45.173,CUST-10417,Germany,Europe,Munich,Lifestyle,Campus,Male,44,Mobile App,Business,Debit Card,Summer Sale,1.0,154.57,50.0,77.28,93.7,-16.42,4,No,Completed,45,3,437,3791.92,1274.11
ORD-101704,1970-01-01 05:00:45.010,CUST-10862,Uk,Europe,London,Lifestyle,Campus,Male,44,Retail Store,Consumer,Credit Card,Sports Event,1.0,117.54,5.0,111.66,67.02,44.64,4,Yes,Returned,61,10,756,95857.51,2503.38
ORD-101705,1970-01-01 05:00:45.724,CUST-10390,Usa,North America,New York,Lifestyle,Superstar,Male,38,Mobile App,Business,Debit Card,No Campaign,1.0,146.63,10.0,131.97,69.1,62.87,5,No,Completed,33,3,590,3235.52,4338.89
ORD-101706,1970-01-01 05:00:45.612,CUST-10072,India,South Asia,Delhi,Outdoor,Ridgewalker,Male,38,Mobile App,Business,Credit Card,New Year Sale,1.0,224.86,15.0,191.13,132.32,58.81,4,No,Completed,57,6,880,704.18,4035.36
ORD-101707,1970-01-01 05:00:45.076,CUST-10532,Uk,Europe,Birmingham,Running,Solarboost,Female,36,Mobile App,Premium Consumer,Debit Card,Sports Event,1.0,193.18,30.0,135.23,98.22,37.01,3,No,Completed,43,3,190,32672.39,2530.05
ORD-101708,1970-01-01 05:00:45.769,CUST-10225,Saudi Arabia,Middle East,Dammam,Lifestyle,Superstar,Male,36,Marketplace,Consumer,Cash on Delivery,Black Friday,1.0,124.55,15.0,105.87,65.53,40.34,5,Yes,Returned,43,4,96,22634.09,3949.57
ORD-101709,1970-01-01 05:00:45.833,CUST-10739,Pakistan,South Asia,Rawalpindi,Training,Rapidmove,Female,43,Retail Store,Consumer,Digital Wallet,Summer Sale,2.0,114.26,15.0,194.24,122.45,71.79,5,No,Pending,31,4,503,57571.84,3852.09
ORD-101710,1970-01-01 05:00:45.207,CUST-10329,Usa,North America,Chicago,Training,Powerlift,Male,45,Online Store,Business,Digital Wallet,Sports Event,1.0,137.07,15.0,116.51,89.12,27.39,3,No,Completed,45,2,366,89473.78,2937.18
ORD-101711,1970-01-01 05:00:45.256,CUST-10717,Australia,Oceania,Brisbane,Training,Dropset,Unisex,38,Marketplace,Consumer,Digital Wallet,New Year Sale,2.0,126.44,10.0,227.59,109.85,117.74,4,No,Completed,49,1,815,48370.21,1179.59
ORD-101712,1970-01-01 05:00:45.333,CUST-10252,Uk,Europe,London,Running,Adizero,Male,42,Online Store,Consumer,Cash on Delivery,No Campaign,1.0,177.4,15.0,150.79,105.66,45.13,5,No,Completed,60,3,887,77443.47,1805.22
ORD-101713,1970-01-01 05:00:45.748,CUST-10113,Uae,Middle East,Dubai,Football,Copa,Female,38,Online Store,Premium Consumer,Credit Card,Summer Sale,1.0,143.69,5.0,136.51,94.14,42.37,4,No,Pending,25,2,149,57549.95552696777,903.92
ORD-101714,1970-01-01 05:00:45.087,CUST-10880,Uae,Middle East,Sharjah,Outdoor,Terrex,Male,36,Mobile App,Consumer,Debit Card,Eid Campaign,1.0,127.75,7.92,114.98,89.81,25.17,5,Yes,Returned,54,4,42,19345.27,135.04
ORD-101715,1970-01-01 05:00:45.198,CUST-10334,Saudi Arabia,Middle East,Jeddah,Lifestyle,Campus,Female,45,Wholesale,Premium Consumer,Digital Wallet,No Campaign,2.0,137.21,15.0,233.26,142.69,90.57,4,No,Cancelled,24,3,296,49086.93,494.57
ORD-101716,1970-01-01 05:00:45.079,CUST-10411,Saudi Arabia,Middle East,Dammam,Football,F50,Unisex,44,Marketplace,Premium Consumer,Bank Transfer,No Campaign,2.0,80.5,10.0,144.9,99.4,45.5,3,No,Completed,32,2,912,64385.96,3822.17
ORD-101717,1970-01-01 05:00:45.024,CUST-10382,Uae,Middle East,Dubai,Lifestyle,Campus,Female,44,Wholesale,Consumer,Credit Card,Eid Campaign,1.0,62.09,0.0,62.09,29.21,32.88,4,No,Pending,64,4,318,28422.757959378694,264.08
ORD-101718,1970-01-01 05:00:45.411,CUST-10247,Uk,Europe,Manchester,Basketball,D.O.N. Issue,Male,44,Online Store,Premium Consumer,Digital Wallet,New Year Sale,3.0,130.6,15.0,333.03,156.78,176.25,4,No,Completed,64,1,217,74105.34,2059.28
ORD-101719,1970-01-01 05:00:45.950,CUST-10617,India,South Asia,Kolkata,Football,F50,Male,40,Online Store,Consumer,Debit Card,Sports Event,1.0,101.8,10.0,91.62,46.7,44.92,3,No,Completed,52,2,718,70678.84,4930.32
ORD-101720,1970-01-01 05:00:45.136,CUST-10406,India,South Asia,Mumbai,Training,Powerlift,Female,45,Mobile App,Consumer,Bank Transfer,New Year Sale,1.0,137.78,30.0,96.45,65.51,30.94,5,No,Completed,64,4,487,42398.88,3996.67
ORD-101721,1970-01-01 05:00:45.823,CUST-10897,Germany,Europe,Berlin,Outdoor,Five Ten,Female,42,Wholesale,Consumer,Credit Card,New Year Sale,1.0,160.27,10.0,144.24,107.94,36.3,5,Yes,Returned,48,4,145,9251.4,3778.03
ORD-101722,1970-01-01 05:00:45.763,CUST-10346,Uae,Middle East,Dubai,Lifestyle,Campus,Female,42,Wholesale,Premium Consumer,Credit Card,Eid Campaign,1.0,58.37,20.0,46.7,37.67,9.03,3,No,Completed,19,3,327,1651.09,1446.07
ORD-101723,1970-01-01 05:00:45.855,CUST-10516,Usa,North America,Houston,Training,Dropset,Unisex,36,Mobile App,Premium Consumer,Debit Card,Eid Campaign,1.0,103.79,15.0,88.22,53.27,34.95,4,No,Completed,41,2,258,37250.28,3244.48
ORD-101724,1970-01-01 05:00:44.931,CUST-10342,Uae,Middle East,Abu Dhabi,Running,Solarboost,Unisex,40,Online Store,Business,Debit Card,Summer Sale,1.0,205.22,31.74,102.61,133.8,-31.19,5,No,Cancelled,43,4,565,8665.85,2543.69
ORD-101725,1970-01-01 05:00:45.598,CUST-10312,Saudi Arabia,Middle East,Dammam,Outdoor,Agravic,Male,38,Mobile App,Business,Cash on Delivery,No Campaign,2.0,249.47,15.0,424.1,260.66,163.44,4,No,Completed,33,2,118,78271.63,3156.74
ORD-101726,1970-01-01 05:00:45.141,CUST-10028,Germany,Europe,Hamburg,Lifestyle,Superstar,Female,43,Wholesale,Consumer,Credit Card,New Year Sale,1.0,76.96,0.0,76.96,40.35,36.61,4,No,Completed,59,14,754,33765.42,2235.5
ORD-101727,1970-01-01 05:00:45.597,CUST-10551,Uae,Middle East,Sharjah,Running,Adizero,Female,38,Wholesale,Consumer,Bank Transfer,New Year Sale,1.0,188.04,15.0,159.83,122.73,37.1,2,No,Completed,57,6,141,66776.78,2701.72
ORD-101728,1970-01-01 05:00:45.518,CUST-10546,Uk,Europe,Birmingham,Football,F50,Male,40,Retail Store,Consumer,Cash on Delivery,No Campaign,1.0,179.67,0.0,179.67,95.8,83.87,3,No,Cancelled,37,2,289,34964.71,4943.14
ORD-101729,1970-01-01 05:00:45.440,CUST-10105,Saudi Arabia,Middle East,Dammam,Outdoor,Five Ten,Female,40,Marketplace,Business,Cash on Delivery,No Campaign,2.0,81.19,15.0,138.02,103.35,34.67,5,No,Completed,22,6,638,79695.87,1713.63
ORD-101730,1970-01-01 05:00:45.507,CUST-10073,India,South Asia,Bangalore,Outdoor,Terrex,Female,45,Wholesale,Premium Consumer,Credit Card,Sports Event,1.0,148.07,30.0,103.65,76.25,27.4,5,No,Completed,45,3,224,88897.04,1160.62
ORD-101731,1970-01-01 05:00:45.293,CUST-10433,Australia,Oceania,Sydney,Running,Solarboost,Unisex,43,Mobile App,Premium Consumer,Digital Wallet,No Campaign,1.0,106.62,15.0,90.63,57.45,33.18,4,No,Completed,34,3,893,83832.66,2297.62
ORD-101732,1970-01-01 05:00:45.489,CUST-10648,Uae,Middle East,Abu Dhabi,Running,Duramo,Male,38,Mobile App,Premium Consumer,Bank Transfer,New Year Sale,1.0,200.01,0.0,200.01,85.88,114.13,5,No,Completed,56,2,228,48705.12,2669.17
ORD-101733,1970-01-01 05:00:45.820,CUST-10765,Australia,Oceania,Brisbane,Training,Powerlift,Female,40,Retail Store,Premium Consumer,Bank Transfer,New Year Sale,1.0,127.62,0.0,127.62,70.36,57.26,4,No,Completed,46,2,752,8853.19,519.58
ORD-101734,1970-01-01 05:00:46.016,CUST-10195,Saudi Arabia,Middle East,Jeddah,Training,Dropset,Unisex,45,Online Store,Premium Consumer,Debit Card,Sports Event,1.0,105.32,30.0,73.72,63.06,10.66,5,No,Completed,26,6,256,37485.26,4049.26
ORD-101735,1970-01-01 05:00:45.478,CUST-10882,Saudi Arabia,Middle East,Riyadh,Basketball,D.O.N. Issue,Unisex,42,Mobile App,Premium Consumer,Bank Transfer,Black Friday,1.0,71.21,15.0,60.53,30.72,29.81,3,No,Completed,32,4,244,42733.37,2168.06
ORD-101736,1970-01-01 05:00:44.989,CUST-10535,Australia,Oceania,Sydney,Lifestyle,Samba,Male,40,Marketplace,Business,Debit Card,Sports Event,1.0,128.53,5.0,122.1,76.44,45.66,4,No,Completed,40,3,175,96045.27,2124.62
ORD-101737,1970-01-01 05:00:45.441,CUST-10204,Germany,Europe,Berlin,Basketball,Dame,Unisex,43,Mobile App,Business,Digital Wallet,Summer Sale,1.0,99.16,15.0,84.29,57.92,26.37,5,No,Completed,25,1,354,56766.98,3328.32
ORD-101738,1970-01-01 05:00:45.307,CUST-10016,Uae,Middle East,Sharjah,Basketball,Dame,Male,40,Wholesale,Business,Bank Transfer,Black Friday,1.0,138.17,50.0,69.08,85.92,-16.84,5,No,Completed,31,7,521,64264.2,3888.9
ORD-101739,1970-01-01 05:00:45.138,CUST-10119,Usa,North America,Chicago,Football,X Crazyfast,Female,40,Marketplace,Consumer,Cash on Delivery,Summer Sale,2.0,60.26,15.0,102.44,59.61,42.83,5,No,Completed,32,3,594,78309.36,4931.11
ORD-101740,1970-01-01 05:00:45.291,CUST-10321,Germany,Europe,Munich,Outdoor,Five Ten,Female,40,Wholesale,Consumer,Digital Wallet,New Year Sale,1.0,120.11,20.0,96.09,61.63,34.46,5,No,Completed,35,3,138,57036.15,950.25
ORD-101741,1970-01-01 05:00:45.630,CUST-10158,Saudi Arabia,Middle East,Dammam,Outdoor,Ridgewalker,Unisex,42,Online Store,Consumer,Bank Transfer,No Campaign,1.0,123.26,0.0,123.26,72.84,50.42,4,No,Completed,64,3,118,60049.22,1793.22
ORD-101742,1970-01-01 05:00:44.979,CUST-10223,Usa,North America,Houston,Basketball,Dame,Unisex,44,Mobile App,Business,Cash on Delivery,No Campaign,1.0,139.59,20.0,111.67,97.78,13.89,4,No,Completed,32,6,638,24910.12,924.46
ORD-101743,1970-01-01 05:00:45.462,CUST-10564,Germany,Europe,Berlin,Training,Everyday,Male,42,Marketplace,Business,Bank Transfer,No Campaign,1.0,73.17,20.0,58.54,44.11,14.43,3,No,Completed,64,3,610,6357.23,4416.19
ORD-101744,1970-01-01 05:00:45.918,CUST-10463,India,South Asia,Mumbai,Running,Duramo,Male,38,Wholesale,Business,Cash on Delivery,New Year Sale,1.0,107.12,0.0,107.12,70.97,36.15,5,No,Completed,63,2,577,72277.89,2787.62
ORD-101745,1970-01-01 05:00:45.103,CUST-10776,Saudi Arabia,Middle East,Jeddah,Basketball,D.O.N. Issue,Male,43,Marketplace,Consumer,Cash on Delivery,Black Friday,2.0,158.19,10.0,284.74,153.81,130.93,5,No,Completed,22,2,258,84944.13,4276.96
ORD-101746,1970-01-01 05:00:45.598,CUST-10888,Australia,Oceania,Sydney,Running,Solarboost,Male,42,Retail Store,Premium Consumer,Bank Transfer,Summer Sale,1.0,105.76,30.0,74.03,44.74,29.29,4,No,Completed,51,5,654,41494.02,4927.6
ORD-101747,1970-01-01 05:00:45.414,CUST-10587,Usa,North America,Houston,Training,Dropset,Female,42,Online Store,Consumer,Bank Transfer,Black Friday,2.0,70.48,15.0,119.82,61.5,58.32,3,No,Completed,63,3,570,55116.99,2796.01
ORD-101748,1970-01-01 05:00:45.507,CUST-10078,Uae,Middle East,Dubai,Outdoor,Terrex,Male,42,Retail Store,Premium Consumer,Digital Wallet,New Year Sale,3.0,168.44,11.56,505.32,248.95,256.37,4,No,Pending,36,4,755,31074.88,678.94
ORD-101749,1970-01-01 05:00:45.050,CUST-10259,India,South Asia,Kolkata,Outdoor,Five Ten,Unisex,40,Mobile App,Consumer,Cash on Delivery,Black Friday,1.0,113.1,5.0,107.44,54.03,53.41,4,No,Pending,43,3,872,45296.95,1870.21
ORD-101750,1970-01-01 05:00:45.750,CUST-10634,Uae,Middle East,Dubai,Football,Copa,Male,38,Wholesale,Premium Consumer,Digital Wallet,No Campaign,1.0,69.04,10.0,62.14,29.6,32.54,5,No,Completed,58,5,191,21284.53,277.33
ORD-101751,1970-01-01 05:00:45.848,CUST-10521,Germany,Europe,Hamburg,Lifestyle,Superstar,Female,44,Marketplace,Consumer,Debit Card,Eid Campaign,2.0,94.07,15.0,159.92,89.78,70.14,4,No,Completed,41,4,942,76108.74,4261.57
ORD-101752,1970-01-01 05:00:45.499,CUST-10167,Germany,Europe,Hamburg,Lifestyle,Campus,Unisex,42,Wholesale,Premium Consumer,Cash on Delivery,Black Friday,2.0,110.25,15.0,187.42,93.05,94.37,3,No,Completed,44,4,859,49445.22,187.65
ORD-101753,1970-01-01 05:00:45.550,CUST-10219,Uk,Europe,Birmingham,Football,X Crazyfast,Male,38,Mobile App,Premium Consumer,Credit Card,Summer Sale,1.0,100.86,10.0,90.77,59.48,31.29,5,No,Completed,22,4,129,54942.08,3001.71
ORD-101754,1970-01-01 05:00:45.246,CUST-10163,Pakistan,South Asia,Islamabad,Running,Ultraboost,Female,42,Wholesale,Business,Debit Card,No Campaign,1.0,112.31,20.0,89.85,67.97,21.88,2,No,Completed,49,4,157,4190.26,620.05
ORD-101755,1970-01-01 05:00:45.594,CUST-10076,Saudi Arabia,Middle East,Jeddah,Football,Predator,Male,42,Online Store,Premium Consumer,Cash on Delivery,Eid Campaign,1.0,114.77,10.0,500000.0,54.88,48.41,2,No,Completed,40,1,677,62428.64,137.03
ORD-101756,1970-01-01 05:00:45.798,CUST-10089,Pakistan,South Asia,Rawalpindi,Lifestyle,Gazelle,Unisex,40,Online Store,Premium Consumer,Cash on Delivery,Black Friday,1.0,154.67,10.0,139.2,93.97,45.23,5,No,Completed,63,4,260,20664.25,1355.14
ORD-101757,1970-01-01 05:00:45.222,CUST-10006,Usa,North America,Houston,Training,Rapidmove,Unisex,42,Mobile App,Premium Consumer,Digital Wallet,Sports Event,1.0,75.36,13.51,60.29,36.24,24.05,3,No,Pending,45,3,389,38647.77,2804.08
ORD-101758,1970-01-01 05:00:45.233,CUST-10693,Uk,Europe,Birmingham,Outdoor,Five Ten,Male,40,Marketplace,Business,Debit Card,Black Friday,1.0,165.84,20.0,132.67,112.44,20.23,4,No,Completed,48,2,644,41565.21,467.93
ORD-101759,1970-01-01 05:00:46.003,CUST-10435,Uk,Europe,London,Football,Predator,Male,45,Online Store,Business,Debit Card,No Campaign,1.0,108.48,10.0,97.63,60.08,37.55,4,No,Cancelled,55,5,523,45148.89,3112.95
ORD-101760,1970-01-01 05:00:45.220,CUST-10190,India,South Asia,Mumbai,Football,X Crazyfast,Male,44,Wholesale,Consumer,Credit Card,Eid Campaign,2.0,152.82,15.0,259.79,197.79,62.0,4,No,Completed,64,3,131,23129.92,3392.76
ORD-101761,1970-01-01 05:00:45.777,CUST-10450,Pakistan,South Asia,Islamabad,Running,Adizero,Female,40,Retail Store,Business,Bank Transfer,Eid Campaign,1.0,208.33,10.0,187.5,148.7,38.8,4,No,Completed,60,2,407,85085.97,4851.52
ORD-101762,1970-01-01 05:00:45.892,CUST-10706,Germany,Europe,Munich,Running,Adizero,Unisex,38,Mobile App,Consumer,Debit Card,Black Friday,1.0,180.66,5.0,171.63,114.38,57.25,4,No,Completed,36,7,152,43071.09,4507.73
ORD-101763,1970-01-01 05:00:45.460,CUST-10525,Australia,Oceania,Brisbane,Training,Everyday,Female,45,Marketplace,Premium Consumer,Debit Card,Eid Campaign,1.0,103.5,0.0,103.5,65.56,37.94,1,No,Completed,40,2,281,61407.38,2877.28
ORD-101764,1970-01-01 05:00:45.593,CUST-10363,Uae,Middle East,Dubai,Lifestyle,Samba,Unisex,38,Wholesale,Business,Digital Wallet,Eid Campaign,1.0,87.59,0.0,87.59,41.31,46.28,5,No,Completed,42,3,566,61586.79,3987.49
ORD-101765,1970-01-01 05:00:45.730,CUST-10288,Saudi Arabia,Middle East,Riyadh,Outdoor,Terrex,Unisex,40,Mobile App,Consumer,Digital Wallet,No Campaign,1.0,134.48,10.0,121.03,84.83,36.2,4,No,Completed,54,2,767,60894.98,1881.84
ORD-101766,1970-01-01 05:00:45.333,CUST-10068,India,South Asia,Chennai,Training,Powerlift,Unisex,42,Wholesale,Business,Bank Transfer,Summer Sale,3.0,93.16,30.0,195.64,120.47,75.17,5,No,Completed,28,14,637,56152.14,2969.99
ORD-101767,1970-01-01 05:00:45.280,CUST-10814,Pakistan,South Asia,Karachi,Basketball,Harden,Unisex,42,Mobile App,Consumer,Credit Card,Sports Event,2.0,77.89,10.0,140.2,106.38,33.82,4,No,Completed,31,2,45,82351.26,2076.44
ORD-101768,1970-01-01 05:00:45.547,CUST-10878,Usa,North America,Los Angeles,Basketball,D.O.N. Issue,Male,45,Retail Store,Consumer,Debit Card,Black Friday,3.0,89.41,0.0,268.23,119.39,148.84,4,No,Completed,33,4,685,81355.47,1751.5
ORD-101769,1970-01-01 05:00:45.343,CUST-10754,Germany,Europe,Munich,Outdoor,Ridgewalker,Unisex,44,Marketplace,Premium Consumer,Credit Card,Eid Campaign,1.0,151.16,13.87,120.93,72.87,48.06,4,No,Cancelled,64,3,298,42005.88,3665.43
ORD-101770,1970-01-01 05:00:45.375,CUST-10258,Australia,Oceania,Sydney,Outdoor,Five Ten,Female,44,Retail Store,Consumer,Bank Transfer,Black Friday,1.0,196.93,20.0,157.54,107.4,50.14,5,No,Completed,52,4,955,63766.68,1553.69
ORD-101771,1970-01-01 05:00:45.165,CUST-10548,Uk,Europe,London,Basketball,Own The Game,Female,44,Online Store,Consumer,Bank Transfer,Summer Sale,1.0,76.83,15.0,65.31,44.39,20.92,4,No,Completed,59,7,928,10731.51,1964.71
ORD-101772,1970-01-01 05:00:45.040,CUST-10490,Australia,Oceania,Melbourne,Running,Adizero,Male,44,Wholesale,Premium Consumer,Credit Card,Summer Sale,1.0,89.44,5.0,500000.0,55.53,29.44,4,No,Pending,43,5,20,9531.88,1899.14
ORD-101773,1970-01-01 05:00:45.210,CUST-10182,Australia,Oceania,Brisbane,Outdoor,Agravic,Unisex,45,Retail Store,Consumer,Debit Card,No Campaign,1.0,211.73,15.0,179.97,98.17,81.8,4,Yes,Returned,23,5,982,48251.68,4364.98
ORD-101774,1970-01-01 05:00:45.740,CUST-10306,India,South Asia,Delhi,Football,Copa,Unisex,42,Retail Store,Consumer,Credit Card,Black Friday,1.0,84.92,0.0,84.92,37.95,46.97,5,No,Completed,45,6,766,90070.3,934.98
ORD-101775,1970-01-01 05:00:45.989,CUST-10500,Australia,Oceania,Brisbane,Lifestyle,Superstar,Unisex,44,Marketplace,Business,Debit Card,Sports Event,2.0,100.61,20.0,160.98,88.31,72.67,4,No,Completed,59,5,996,59950.40613625069,1969.23
ORD-101776,1970-01-01 05:00:45.305,CUST-10137,Germany,Europe,Berlin,Outdoor,Agravic,Unisex,45,Mobile App,Consumer,Credit Card,Summer Sale,2.0,235.83,30.0,330.16,200.4,129.76,3,No,Completed,29,3,164,67087.03,4450.56
ORD-101777,1970-01-01 05:00:45.410,CUST-10169,Pakistan,South Asia,Faisalabad,Basketball,Dame,Unisex,38,Wholesale,Business,Cash on Delivery,No Campaign,2.0,160.47,10.0,288.85,178.83,110.02,3,No,Completed,30,3,267,16188.49,174.99
ORD-101778,1970-01-01 05:00:45.260,CUST-10546,Australia,Oceania,Sydney,Running,Solarboost,Unisex,38,Online Store,Consumer,Bank Transfer,Summer Sale,2.0,147.6,0.0,295.2,150.38,144.82,5,No,Completed,20,4,100,45603.79,4744.55
ORD-101779,1970-01-01 05:00:45.116,CUST-10610,Germany,Europe,Munich,Outdoor,Terrex,Male,44,Marketplace,Business,Bank Transfer,Summer Sale,2.0,151.88,14.31,243.01,199.74,43.27,5,Yes,Returned,43,4,660,40378.7,4504.61
ORD-101780,1970-01-01 05:00:44.937,CUST-10754,Pakistan,South Asia,Rawalpindi,Lifestyle,Gazelle,Female,44,Online Store,Consumer,Bank Transfer,Eid Campaign,1.0,57.08,15.0,48.52,25.27,23.25,4,Yes,Returned,33,4,652,78406.35,2147.46
ORD-101781,1970-01-01 05:00:45.224,CUST-10871,India,South Asia,Chennai,Lifestyle,Samba,Male,40,Retail Store,Consumer,Debit Card,Summer Sale,3.0,113.49,10.0,306.42,225.32,81.1,3,Yes,Returned,36,4,372,14213.5,3299.82
ORD-101782,1970-01-01 05:00:45.766,CUST-10047,India,South Asia,Chennai,Outdoor,Five Ten,Unisex,40,Online Store,Consumer,Bank Transfer,Sports Event,1.0,121.71,15.0,0.0,80.01,23.44,4,Yes,Returned,64,4,32,54149.51,4956.23
ORD-101783,1970-01-01 05:00:45.710,CUST-10146,India,South Asia,Chennai,Running,Ultraboost,Male,40,Retail Store,Consumer,Credit Card,New Year Sale,1.0,127.0,10.0,114.3,65.98,48.32,5,No,Completed,39,10,235,91179.47,2819.25
ORD-101784,1970-01-01 05:00:45.629,CUST-10479,Pakistan,South Asia,Rawalpindi,Training,Powerlift,Female,42,Retail Store,Business,Debit Card,No Campaign,1.0,71.51,5.0,67.93,45.45,22.48,5,No,Completed,60,5,197,89299.76,574.8
ORD-101785,1970-01-01 05:00:45.810,CUST-10421,Uk,Europe,Manchester,Lifestyle,Gazelle,Female,42,Wholesale,Consumer,Debit Card,Eid Campaign,1.0,140.25,10.0,126.22,80.19,46.03,4,No,Completed,33,2,506,85307.54,4282.84
ORD-101786,1970-01-01 05:00:45.233,CUST-10106,Uk,Europe,Manchester,Lifestyle,Samba,Male,38,Online Store,Premium Consumer,Credit Card,New Year Sale,1.0,147.92,30.0,103.54,95.05,8.49,4,No,Pending,34,3,746,37811.04,757.34
ORD-101787,1970-01-01 05:00:45.617,CUST-10563,Usa,North America,New York,Outdoor,Ridgewalker,Unisex,42,Retail Store,Consumer,Bank Transfer,Black Friday,1.0,191.31,30.0,133.92,137.33,-3.41,5,No,Completed,58,4,331,94139.52,1360.63
ORD-101788,1970-01-01 05:00:45.323,CUST-10250,Usa,North America,Chicago,Football,Predator,Female,43,Online Store,Business,Credit Card,Summer Sale,2.0,92.89,0.0,185.78,132.7,53.08,4,No,Completed,54,2,444,42532.66752198957,4380.23
ORD-101789,1970-01-01 05:00:44.961,CUST-10361,Germany,Europe,Munich,Football,F50,Male,44,Online Store,Consumer,Cash on Delivery,Summer Sale,1.0,73.87,0.0,73.87,45.14,28.73,5,No,Completed,47,7,485,85188.56,1354.54
ORD-101790,1970-01-01 05:00:45.677,CUST-10631,Usa,North America,Houston,Basketball,Dame,Female,40,Retail Store,Consumer,Cash on Delivery,No Campaign,1.0,106.56,30.0,74.59,55.93,18.66,5,No,Completed,60,5,119,93269.2,3750.92
ORD-101791,1970-01-01 05:00:45.913,CUST-10863,Uae,Middle East,Dubai,Running,Adizero,Female,38,Marketplace,Business,Debit Card,Eid Campaign,3.0,137.97,10.0,372.52,178.27,194.25,5,No,Completed,30,4,157,93731.63,2293.6
ORD-101792,1970-01-01 05:00:45.496,CUST-10343,Saudi Arabia,Middle East,Dammam,Lifestyle,Superstar,Male,36,Mobile App,Business,Credit Card,Eid Campaign,1.0,95.57,5.0,90.79,45.78,45.01,5,No,Completed,55,10,36,24386.46,3822.77
ORD-101793,1970-01-01 05:00:45.771,CUST-10031,Usa,North America,Houston,Lifestyle,Samba,Male,40,Marketplace,Business,Credit Card,Black Friday,1.0,134.14,5.0,127.43,83.25,44.18,4,Yes,Returned,33,5,849,13204.93,1238.53
ORD-101794,1970-01-01 05:00:44.942,CUST-10493,Germany,Europe,Munich,Basketball,Harden,Unisex,44,Online Store,Consumer,Credit Card,No Campaign,1.0,116.94,0.0,116.94,80.12,36.82,3,No,Completed,40,4,143,69242.06,2155.87
ORD-101795,1970-01-01 05:00:45.757,CUST-10617,Pakistan,South Asia,Faisalabad,Lifestyle,Campus,Unisex,44,Marketplace,Premium Consumer,Cash on Delivery,New Year Sale,1.0,95.26,15.0,80.97,66.55,14.42,5,No,Completed,36,14,556,56539.79,1658.99
ORD-101796,1970-01-01 05:00:45.639,CUST-10214,India,South Asia,Bangalore,Basketball,Own The Game,Male,43,Retail Store,Consumer,Cash on Delivery,Eid Campaign,2.0,127.65,20.0,204.24,112.39,91.85,5,No,Completed,46,5,710,33078.94,1320.32
ORD-101797,1970-01-01 05:00:45.872,CUST-10238,India,South Asia,Chennai,Football,Copa,Male,38,Online Store,Business,Credit Card,No Campaign,1.0,140.64,14.96,112.51,74.64,37.87,5,No,Cancelled,61,10,749,68602.73,1640.71
ORD-101798,1970-01-01 05:00:44.981,CUST-10211,India,South Asia,Chennai,Running,Adizero,Unisex,42,Online Store,Premium Consumer,Digital Wallet,Black Friday,2.0,176.05,30.0,246.47,171.1,75.37,4,No,Completed,55,4,640,6668.69,1682.66
ORD-101799,1970-01-01 05:00:45.794,CUST-10799,India,South Asia,Kolkata,Training,Powerlift,Male,45,Online Store,Business,Credit Card,Sports Event,1.0,103.0,0.0,103.0,65.97,37.03,5,No,Completed,62,4,692,5197.23,4781.35
ORD-101800,1970-01-01 05:00:45.230,CUST-10569,Germany,Europe,Hamburg,Training,Dropset,Male,38,Marketplace,Business,Credit Card,Eid Campaign,1.0,108.8,30.0,76.16,46.89,29.27,4,No,Completed,52,5,27,35753.9,2712.83
ORD-101801,1970-01-01 05:00:45.763,CUST-10347,India,South Asia,Chennai,Football,Predator,Male,42,Online Store,Premium Consumer,Debit Card,Black Friday,1.0,142.51,0.0,142.51,90.44,52.07,4,No,Completed,31,2,948,19787.74,2364.06
ORD-101802,1970-01-01 05:00:45.666,CUST-10744,India,South Asia,Kolkata,Running,Solarboost,Female,44,Marketplace,Consumer,Digital Wallet,Summer Sale,3.0,187.5,5.0,534.38,384.86,149.52,4,No,Completed,21,5,811,71996.33,2566.26
ORD-101803,1970-01-01 05:00:44.977,CUST-10047,India,South Asia,Delhi,Outdoor,Ridgewalker,Male,43,Retail Store,Premium Consumer,Bank Transfer,New Year Sale,1.0,209.02,20.0,167.22,147.4,19.82,5,No,Completed,35,10,578,94828.17,4981.04
ORD-101804,1970-01-01 05:00:45.806,CUST-10628,Germany,Europe,Hamburg,Training,Rapidmove,Female,44,Online Store,Consumer,Credit Card,New Year Sale,1.0,140.85,30.0,98.59,98.63,-0.04,5,No,Completed,25,4,753,66331.93,3302.59
ORD-101805,1970-01-01 05:00:45.337,CUST-10781,Pakistan,South Asia,Rawalpindi,Basketball,Harden,Female,40,Mobile App,Premium Consumer,Digital Wallet,Eid Campaign,1.0,116.69,0.0,116.69,76.61,40.08,4,No,Cancelled,35,1,874,65651.04,3547.08
ORD-101806,1970-01-01 05:00:45.650,CUST-10442,Usa,North America,New York,Football,Predator,Unisex,42,Retail Store,Business,Digital Wallet,No Campaign,1.0,78.87,10.0,70.98,42.09,28.89,4,No,Completed,33,1,243,1156.26,1636.75
ORD-101807,1970-01-01 05:00:45.752,CUST-10072,Pakistan,South Asia,Faisalabad,Running,Solarboost,Female,38,Marketplace,Premium Consumer,Bank Transfer,No Campaign,150.0,124.36,20.0,198.98,157.88,41.1,3,No,Completed,57,3,678,51471.56,2410.53
ORD-101808,1970-01-01 05:00:45.842,CUST-10697,India,South Asia,Kolkata,Running,Ultraboost,Male,44,Online Store,Premium Consumer,Credit Card,No Campaign,1.0,143.4,20.0,114.72,61.01,53.71,4,No,Completed,58,3,265,81801.58,1001.92
ORD-101809,1970-01-01 05:00:45.066,CUST-10531,Uk,Europe,Birmingham,Lifestyle,Gazelle,Unisex,44,Wholesale,Consumer,Cash on Delivery,Summer Sale,1.0,130.87,10.0,117.78,83.09,34.69,3,No,Completed,48,3,50,65584.98,3457.43
ORD-101810,1970-01-01 05:00:45.013,CUST-10665,India,South Asia,Bangalore,Basketball,Harden,Unisex,45,Online Store,Business,Cash on Delivery,Sports Event,1.0,152.02,15.0,-1000.0,97.78,31.44,5,No,Completed,60,10,108,23164.35,1788.02
ORD-101811,1970-01-01 05:00:45.385,CUST-10306,Australia,Oceania,Brisbane,Training,Rapidmove,Male,42,Mobile App,Business,Digital Wallet,Sports Event,1.0,115.39,30.0,80.77,49.1,31.67,5,No,Completed,52,3,397,84923.29,3766.61
ORD-101812,1970-01-01 05:00:45.526,CUST-10790,India,South Asia,Delhi,Training,Rapidmove,Female,43,Online Store,Consumer,Debit Card,Eid Campaign,1.0,47.56,6.99,47.56,26.98,20.58,3,Yes,Returned,32,3,334,96455.48,1144.49
ORD-101813,1970-01-01 05:00:45.909,CUST-10351,Uk,Europe,Birmingham,Running,Duramo,Female,42,Retail Store,Consumer,Cash on Delivery,Eid Campaign,1.0,170.99,0.0,170.99,101.53,69.46,5,No,Completed,45,5,133,28259.79,2077.16
ORD-101814,1970-01-01 05:00:45.160,CUST-10459,Uae,Middle East,Sharjah,Football,Copa,Female,36,Online Store,Business,Cash on Delivery,Summer Sale,2.0,144.19,15.0,245.12,172.38,72.74,5,No,Completed,48,4,678,21105.89,2408.8
ORD-101815,1970-01-01 05:00:44.980,CUST-10351,Usa,North America,Los Angeles,Outdoor,Ridgewalker,Female,36,Wholesale,Premium Consumer,Bank Transfer,Summer Sale,1.0,223.03,0.0,223.03,159.81,63.22,4,No,Cancelled,38,2,79,34183.43,915.97
ORD-101816,1970-01-01 05:00:45.039,CUST-10494,India,South Asia,Mumbai,Running,Duramo,Unisex,36,Marketplace,Consumer,Bank Transfer,No Campaign,2.0,173.67,30.0,243.14,148.44,94.7,5,No,Completed,28,7,337,6784.25,441.0
ORD-101817,1970-01-01 05:00:45.227,CUST-10398,Saudi Arabia,Middle East,Riyadh,Basketball,Own The Game,Male,44,Online Store,Business,Bank Transfer,New Year Sale,1.0,83.04,10.0,74.74,46.65,28.09,2,No,Completed,41,2,610,87406.55,1653.63
ORD-101818,1970-01-01 05:00:45.071,CUST-10875,Uk,Europe,Birmingham,Outdoor,Terrex,Female,44,Marketplace,Business,Debit Card,Summer Sale,1.0,129.69,0.0,129.69,84.3,45.39,2,No,Completed,34,6,431,92965.3,2769.97
ORD-101819,1970-01-01 05:00:45.995,CUST-10368,India,South Asia,Kolkata,Training,Everyday,Unisex,42,Wholesale,Premium Consumer,Bank Transfer,Black Friday,1.0,78.28,15.0,66.54,45.15,21.39,5,No,Cancelled,44,4,664,63513.65,3298.13
ORD-101820,1970-01-01 05:00:45.053,CUST-10830,Australia,Oceania,Sydney,Running,Adizero,Female,45,Online Store,Premium Consumer,Digital Wallet,Black Friday,2.0,141.28,15.0,240.18,154.31,85.87,4,No,Completed,39,3,480,76551.31,2183.83
ORD-101821,1970-01-01 05:00:45.295,CUST-10709,Australia,Oceania,Sydney,Outdoor,Terrex,Female,38,Marketplace,Business,Digital Wallet,No Campaign,2.0,248.23,10.0,446.81,244.49,202.32,5,No,Completed,53,5,887,67030.74,2551.36
ORD-101822,1970-01-01 05:00:45.480,CUST-10462,India,South Asia,Mumbai,Football,F50,Unisex,43,Wholesale,Business,Debit Card,Eid Campaign,3.0,159.77,0.0,479.31,246.36,232.95,4,No,Completed,29,3,288,38046.75,2761.65
ORD-101823,1970-01-01 05:00:45.029,CUST-10641,Usa,North America,Chicago,Lifestyle,Superstar,Male,38,Retail Store,Business,Credit Card,No Campaign,1.0,150.46,5.0,142.94,71.32,71.62,5,No,Completed,34,6,594,63388.22,2608.36
ORD-101824,1970-01-01 05:00:45.157,CUST-10835,India,South Asia,Bangalore,Lifestyle,Superstar,Female,36,Mobile App,Business,Debit Card,Summer Sale,1.0,97.45,10.0,87.7,63.45,24.25,1,No,Completed,29,4,101,83713.86,542.61
ORD-101825,1970-01-01 05:00:45.609,CUST-10039,Australia,Oceania,Brisbane,Basketball,Harden,Female,42,Online Store,Premium Consumer,Bank Transfer,Sports Event,1.0,110.38,5.0,104.86,59.59,45.27,3,No,Completed,38,14,330,39306.26427620007,2084.51
ORD-101826,1970-01-01 05:00:45.019,CUST-10386,Usa,North America,Houston,Football,Copa,Unisex,44,Wholesale,Premium Consumer,Digital Wallet,New Year Sale,1.0,147.15,15.0,125.08,69.84,55.24,3,No,Completed,52,4,375,8565.22,1101.22
ORD-101827,1970-01-01 05:00:45.806,CUST-10112,Saudi Arabia,Middle East,Riyadh,Outdoor,Agravic,Female,44,Wholesale,Premium Consumer,Debit Card,No Campaign,1.0,152.9,15.0,129.96,101.18,28.78,4,No,Completed,43,3,230,46528.8,2715.31
ORD-101828,1970-01-01 05:00:45.619,CUST-10655,Australia,Oceania,Sydney,Running,Adizero,Female,40,Retail Store,Premium Consumer,Bank Transfer,Summer Sale,1.0,173.96,0.0,173.96,110.04,63.92,3,No,Cancelled,54,5,450,40033.49,3814.57
ORD-101829,1970-01-01 05:00:44.927,CUST-10342,Usa,North America,Los Angeles,Basketball,Harden,Female,38,Mobile App,Business,Bank Transfer,Summer Sale,3.0,67.49,5.0,192.35,129.5,62.85,3,No,Completed,34,3,763,75324.87,2939.48
ORD-101830,1970-01-01 05:00:45.456,CUST-10447,Pakistan,South Asia,Rawalpindi,Training,Powerlift,Female,40,Wholesale,Premium Consumer,Bank Transfer,New Year Sale,1.0,87.15,20.0,69.72,56.55,13.17,5,No,Completed,42,5,869,50386.91,1186.93
ORD-101831,1970-01-01 05:00:45.056,CUST-10050,India,South Asia,Delhi,Training,Dropset,Female,38,Retail Store,Consumer,Bank Transfer,Sports Event,1.0,105.74,15.0,89.88,53.14,36.74,4,No,Completed,55,5,320,35295.26,1118.01
ORD-101832,1970-01-01 05:00:45.345,CUST-10836,Saudi Arabia,Middle East,Dammam,Basketball,Harden,Female,38,Retail Store,Consumer,Digital Wallet,Sports Event,1.0,131.69,30.0,92.18,69.17,23.01,5,No,Completed,60,4,423,70781.8,281.29
ORD-101833,1970-01-01 05:00:45.309,CUST-10366,Usa,North America,Los Angeles,Running,Solarboost,Male,44,Marketplace,Business,Bank Transfer,No Campaign,1.0,93.91,5.0,89.21,66.58,22.63,2,No,Completed,28,6,24,47621.06,2189.27
ORD-101834,1970-01-01 05:00:45.266,CUST-10159,Usa,North America,Chicago,Basketball,D.O.N. Issue,Female,44,Mobile App,Consumer,Cash on Delivery,No Campaign,1.0,133.84,0.0,133.84,60.47,73.37,4,No,Completed,25,5,568,26034.09,2221.02
ORD-101835,1970-01-01 05:00:44.991,CUST-10296,India,South Asia,Mumbai,Training,Everyday,Unisex,44,Marketplace,Consumer,Bank Transfer,Eid Campaign,1.0,123.74,0.0,123.74,86.53,37.21,4,No,Pending,63,1,415,89096.48,1258.54
ORD-101836,1970-01-01 05:00:45.918,CUST-10751,Usa,North America,New York,Running,Duramo,Unisex,38,Marketplace,Business,Bank Transfer,New Year Sale,1.0,151.52,10.0,136.37,85.77,50.6,4,No,Completed,49,4,301,11748.26,3844.87
ORD-101837,1970-01-01 05:00:45.747,CUST-10356,Pakistan,South Asia,Faisalabad,Lifestyle,Samba,Unisex,40,Online Store,Premium Consumer,Credit Card,Eid Campaign,1.0,68.35,0.0,68.35,29.04,39.31,5,No,Completed,25,5,99,2299.73,1993.78
ORD-101838,1970-01-01 05:00:45.390,CUST-10586,Uk,Europe,Manchester,Training,Dropset,Unisex,40,Mobile App,Business,Digital Wallet,Black Friday,2.0,128.85,15.0,219.04,160.97,58.07,4,No,Completed,45,1,387,14819.15,3380.07
ORD-101839,1970-01-01 05:00:45.737,CUST-10030,Usa,North America,Houston,Lifestyle,Gazelle,Female,45,Mobile App,Business,Cash on Delivery,Sports Event,150.0,58.1,9.95,52.29,39.5,12.79,3,No,Cancelled,32,5,118,16782.5,3236.34
ORD-101840,1970-01-01 05:00:45.461,CUST-10661,India,South Asia,Bangalore,Basketball,Dame,Unisex,36,Online Store,Consumer,Bank Transfer,No Campaign,1.0,171.72,20.0,137.38,95.55,41.83,3,No,Completed,21,4,662,54035.2,3063.23
ORD-101841,1970-01-01 05:00:45.666,CUST-10412,Uae,Middle East,Dubai,Running,Duramo,Unisex,43,Online Store,Premium Consumer,Credit Card,No Campaign,1.0,99.98,15.0,84.98,50.22,34.76,5,No,Completed,43,2,591,62674.12,4549.52
ORD-101842,1970-01-01 05:00:45.053,CUST-10331,Australia,Oceania,Sydney,Running,Duramo,Unisex,45,Wholesale,Premium Consumer,Debit Card,Eid Campaign,1.0,104.95,15.0,89.21,61.39,27.82,5,No,Cancelled,33,4,330,45136.81,177.86
ORD-101843,1970-01-01 05:00:45.184,CUST-10022,Germany,Europe,Berlin,Football,F50,Male,44,Marketplace,Premium Consumer,Bank Transfer,No Campaign,1.0,61.0,10.0,54.9,36.31,18.59,5,No,Pending,50,3,661,20815.04,433.38
ORD-101844,1970-01-01 05:00:45.027,CUST-10792,Usa,North America,New York,Training,Dropset,Unisex,44,Retail Store,Premium Consumer,Bank Transfer,New Year Sale,1.0,92.84,15.0,78.91,50.77,28.14,3,No,Completed,45,3,358,13652.99,3638.49
ORD-101845,1970-01-01 05:00:45.527,CUST-10215,Uk,Europe,Manchester,Football,Predator,Female,44,Wholesale,Business,Digital Wallet,Eid Campaign,1.0,102.3,10.0,92.07,67.03,25.04,3,No,Completed,22,3,125,49469.12,1832.28
ORD-101846,1970-01-01 05:00:45.596,CUST-10160,Australia,Oceania,Melbourne,Training,Dropset,Female,40,Online Store,Premium Consumer,Cash on Delivery,Eid Campaign,1.0,128.25,20.0,102.6,51.34,51.26,4,No,Completed,21,2,288,56765.57,4933.96
ORD-101847,1970-01-01 05:00:45.623,CUST-10171,Germany,Europe,Hamburg,Training,Rapidmove,Male,44,Marketplace,Premium Consumer,Debit Card,No Campaign,1.0,88.08,5.0,83.68,53.45,30.23,3,No,Completed,26,3,552,30744.16,1160.42
ORD-101848,1970-01-01 05:00:45.423,CUST-10213,Pakistan,South Asia,Islamabad,Training,Powerlift,Female,43,Mobile App,Consumer,Debit Card,Eid Campaign,150.0,117.28,0.0,117.28,58.74,58.54,3,No,Completed,25,4,701,22433.77,998.75
ORD-101849,1970-01-01 05:00:45.037,CUST-10559,Germany,Europe,Berlin,Outdoor,Agravic,Female,42,Wholesale,Business,Cash on Delivery,Summer Sale,1.0,98.47,0.0,98.47,67.41,31.06,3,No,Completed,63,7,933,8518.98,2982.29
ORD-101850,1970-01-01 05:00:45.255,CUST-10646,Pakistan,South Asia,Karachi,Running,Duramo,Male,40,Retail Store,Premium Consumer,Debit Card,Eid Campaign,1.0,207.34,10.0,186.61,140.56,46.05,5,No,Completed,61,5,439,3111.33,1469.18
ORD-101851,1970-01-01 05:00:45.563,CUST-10136,Usa,North America,Houston,Training,Rapidmove,Male,42,Wholesale,Consumer,Digital Wallet,No Campaign,2.0,104.87,15.0,178.28,101.92,76.36,5,No,Completed,41,2,574,11020.77,1768.42
ORD-101852,1970-01-01 05:00:45.502,CUST-10272,India,South Asia,Delhi,Running,Adizero,Male,42,Wholesale,Premium Consumer,Bank Transfer,New Year Sale,2.0,178.55,10.0,321.39,172.78,148.61,1,No,Completed,38,10,716,74336.9,4613.02
ORD-101853,1970-01-01 05:00:44.957,CUST-10810,Usa,North America,New York,Running,Ultraboost,Female,45,Mobile App,Premium Consumer,Digital Wallet,New Year Sale,2.0,175.84,10.0,316.51,157.16,159.35,5,No,Completed,41,3,340,34729.86,228.59
ORD-101854,1970-01-01 05:00:45.281,CUST-10074,Uae,Middle East,Sharjah,Football,Predator,Unisex,42,Mobile App,Consumer,Cash on Delivery,Eid Campaign,2.0,172.91,15.0,293.95,171.45,122.5,5,No,Completed,34,3,203,3228.18,2703.17
ORD-101855,1970-01-01 05:00:45.465,CUST-10336,Uae,Middle East,Dubai,Outdoor,Five Ten,Unisex,43,Online Store,Consumer,Credit Card,Summer Sale,1.0,139.2,15.0,118.32,61.57,56.75,4,No,Completed,49,2,950,51062.44,1741.01
ORD-101856,1970-01-01 05:00:45.395,CUST-10199,Pakistan,South Asia,Faisalabad,Football,Copa,Female,38,Mobile App,Premium Consumer,Bank Transfer,Sports Event,1.0,168.28,30.0,117.8,74.6,43.2,5,No,Completed,18,7,178,53838.69,1795.36
ORD-101857,1970-01-01 05:00:45.871,CUST-10048,Usa,North America,Chicago,Lifestyle,Samba,Unisex,40,Marketplace,Premium Consumer,Bank Transfer,Summer Sale,1.0,61.03,20.0,48.82,31.53,17.29,3,No,Completed,21,4,345,43154.53,1314.26
ORD-101858,1970-01-01 05:00:45.403,CUST-10436,Uk,Europe,Birmingham,Football,Predator,Female,44,Marketplace,Premium Consumer,Credit Card,No Campaign,1.0,51.26,10.0,46.13,26.85,19.28,5,No,Completed,38,14,832,11512.94,760.77
ORD-101859,1970-01-01 05:00:45.679,CUST-10626,Usa,North America,Chicago,Basketball,Dame,Unisex,44,Marketplace,Business,Debit Card,Summer Sale,1.0,105.44,0.0,105.44,64.0,41.44,4,No,Completed,34,2,104,75619.26,268.96
ORD-101860,1970-01-01 05:00:45.323,CUST-10816,India,South Asia,Mumbai,Running,Adizero,Male,44,Marketplace,Business,Bank Transfer,Sports Event,1.0,198.92,10.0,179.03,80.02,99.01,2,No,Completed,26,2,312,69063.62,4939.71
ORD-101861,1970-01-01 05:00:45.850,CUST-10895,Australia,Oceania,Melbourne,Outdoor,Terrex,Female,42,Retail Store,Business,Cash on Delivery,Sports Event,3.0,226.95,30.0,476.59,299.71,176.88,2,No,Completed,61,2,85,39775.55,3335.79
ORD-101862,1970-01-01 05:00:44.989,CUST-10600,Uae,Middle East,Dubai,Training,Powerlift,Unisex,45,Mobile App,Business,Debit Card,No Campaign,1.0,93.7,30.0,65.59,62.66,2.93,5,No,Completed,47,4,922,38391.13,3908.31
ORD-101863,1970-01-01 05:00:45.051,CUST-10367,Australia,Oceania,Sydney,Basketball,D.O.N. Issue,Unisex,43,Retail Store,Consumer,Cash on Delivery,Black Friday,1.0,144.94,20.0,115.95,75.72,40.23,5,No,Completed,53,6,440,16015.54,418.51
ORD-101864,1970-01-01 05:00:45.397,CUST-10141,Saudi Arabia,Middle East,Jeddah,Running,Duramo,Male,45,Wholesale,Consumer,Cash on Delivery,New Year Sale,1.0,123.29,20.0,98.63,66.71,31.92,4,No,Pending,57,2,950,53480.92694791021,172.7
ORD-101865,1970-01-01 05:00:45.552,CUST-10395,Saudi Arabia,Middle East,Riyadh,Basketball,Harden,Male,38,Wholesale,Consumer,Digital Wallet,Eid Campaign,1.0,95.16,10.0,85.64,63.46,22.18,4,No,Completed,60,3,479,60157.6,3041.41
ORD-101866,1970-01-01 05:00:45.980,CUST-10031,Australia,Oceania,Sydney,Lifestyle,Campus,Female,42,Retail Store,Premium Consumer,Cash on Delivery,Black Friday,1.0,158.15,0.0,158.15,76.97,81.18,4,No,Completed,40,4,327,9036.45,3646.77
ORD-101867,1970-01-01 05:00:45.802,CUST-10563,Germany,Europe,Berlin,Basketball,Dame,Unisex,42,Wholesale,Premium Consumer,Credit Card,Eid Campaign,1.0,65.02,20.0,52.02,31.03,20.99,5,No,Completed,27,3,250,38117.31,2034.84
ORD-101868,1970-01-01 05:00:44.958,CUST-10588,Saudi Arabia,Middle East,Dammam,Training,Dropset,Unisex,42,Retail Store,Business,Bank Transfer,No Campaign,2.0,126.87,10.0,228.37,162.07,66.3,4,No,Completed,46,3,481,90404.31,2000.0
ORD-101869,1970-01-01 05:00:45.955,CUST-10089,Uae,Middle East,Sharjah,Lifestyle,Superstar,Unisex,44,Wholesale,Business,Digital Wallet,New Year Sale,1.0,106.67,30.0,74.67,64.83,9.84,4,No,Completed,44,3,849,45511.27,1983.95
ORD-101870,1970-01-01 05:00:45.051,CUST-10377,Usa,North America,Chicago,Lifestyle,Gazelle,Female,44,Wholesale,Business,Debit Card,Eid Campaign,1.0,56.8,5.0,53.96,39.33,14.63,3,Yes,Returned,52,5,3,32830.29,848.5
ORD-101871,1970-01-01 05:00:45.208,CUST-10511,India,South Asia,Bangalore,Basketball,Own The Game,Female,42,Online Store,Consumer,Bank Transfer,New Year Sale,0.0,97.74,0.0,195.48,114.53,80.95,5,Yes,Returned,60,1,832,64556.52,3794.18
ORD-101872,1970-01-01 05:00:45.285,CUST-10341,Usa,North America,Chicago,Outdoor,Agravic,Male,42,Wholesale,Business,Debit Card,New Year Sale,2.0,230.02,0.0,460.04,330.13,129.91,5,No,Completed,46,6,183,20695.75,1154.44
ORD-101873,1970-01-01 05:00:45.414,CUST-10420,Australia,Oceania,Brisbane,Football,X Crazyfast,Male,38,Online Store,Business,Bank Transfer,Eid Campaign,2.0,145.06,15.0,246.6,197.42,49.18,4,No,Completed,61,2,692,52618.44,1689.61
ORD-101874,1970-01-01 05:00:45.357,CUST-10121,Pakistan,South Asia,Rawalpindi,Training,Powerlift,Unisex,38,Online Store,Business,Bank Transfer,New Year Sale,1.0,88.37,10.79,83.95,47.44,36.51,4,No,Completed,48,3,299,67117.51,3389.17
ORD-101875,1970-01-01 05:00:45.175,CUST-10703,Saudi Arabia,Middle East,Riyadh,Football,X Crazyfast,Male,36,Retail Store,Consumer,Debit Card,No Campaign,1.0,160.33,20.0,128.26,104.07,24.19,4,No,Completed,49,2,527,85560.4,100.51
ORD-101876,1970-01-01 05:00:45.871,CUST-10366,Pakistan,South Asia,Faisalabad,Running,Duramo,Female,38,Online Store,Consumer,Bank Transfer,Sports Event,2.0,164.78,10.0,296.6,232.67,63.93,5,No,Completed,34,10,605,69404.18,3854.66
ORD-101877,1970-01-01 05:00:45.176,CUST-10833,Australia,Oceania,Sydney,Outdoor,Five Ten,Unisex,38,Marketplace,Consumer,Cash on Delivery,No Campaign,2.0,113.63,0.0,227.26,156.71,70.55,4,Yes,Returned,64,4,790,38748.77,4505.56
ORD-101878,1970-01-01 05:00:45.408,CUST-10270,India,South Asia,Kolkata,Basketball,D.O.N. Issue,Female,42,Retail Store,Business,Credit Card,New Year Sale,1.0,176.26,10.0,158.63,113.5,45.13,3,No,Completed,43,3,926,76896.12,352.93
ORD-101879,1970-01-01 05:00:45.789,CUST-10811,Pakistan,South Asia,Rawalpindi,Training,Everyday,Unisex,40,Retail Store,Premium Consumer,Cash on Delivery,Eid Campaign,1.0,44.08,0.0,44.08,26.63,17.45,3,No,Completed,40,1,155,89890.79,2998.96
ORD-101880,1970-01-01 05:00:44.998,CUST-10160,Germany,Europe,Berlin,Outdoor,Terrex,Male,36,Mobile App,Premium Consumer,Debit Card,No Campaign,4.0,207.3,5.0,787.74,517.46,270.28,5,Yes,Returned,60,2,433,48037.48,2101.45
ORD-101881,1970-01-01 05:00:45.703,CUST-10018,Germany,Europe,Munich,Basketball,Dame,Male,42,Online Store,Business,Credit Card,Eid Campaign,1.0,87.97,15.0,74.77,59.7,15.07,3,No,Completed,22,4,356,947.83,484.47
ORD-101882,1970-01-01 05:00:45.791,CUST-10077,Usa,North America,Chicago,Outdoor,Five Ten,Male,38,Online Store,Business,Digital Wallet,Black Friday,1.0,204.48,9.37,184.03,126.08,57.95,4,No,Completed,18,4,527,88151.34,3442.93
ORD-101883,1970-01-01 05:00:45.387,CUST-10876,Uk,Europe,Manchester,Running,Ultraboost,Male,44,Wholesale,Premium Consumer,Credit Card,No Campaign,1.0,110.31,5.0,104.79,51.7,53.09,5,No,Completed,56,5,40,16961.48,3100.36
ORD-101884,1970-01-01 05:00:45.012,CUST-10488,Uk,Europe,Birmingham,Lifestyle,Superstar,Unisex,36,Marketplace,Business,Debit Card,Eid Campaign,3.0,141.47,15.0,360.75,275.59,85.16,4,No,Completed,49,5,648,11999.573812191788,3249.04
ORD-101885,1970-01-01 05:00:45.529,CUST-10336,Usa,North America,Los Angeles,Lifestyle,Gazelle,Female,45,Wholesale,Business,Bank Transfer,Eid Campaign,1.0,74.99,15.0,63.74,43.08,20.66,5,No,Completed,47,3,257,31114.02,4086.13
ORD-101886,1970-01-01 05:00:44.958,CUST-10263,Uae,Middle East,Sharjah,Training,Rapidmove,Male,45,Mobile App,Business,Bank Transfer,New Year Sale,1.0,149.18,10.0,134.26,101.22,33.04,5,No,Completed,47,2,365,38308.38,1505.9
ORD-101887,1970-01-01 05:00:45.075,CUST-10827,India,South Asia,Bangalore,Training,Rapidmove,Male,42,Wholesale,Premium Consumer,Debit Card,Black Friday,2.0,66.64,0.0,133.28,68.37,64.91,5,Yes,Returned,33,5,554,80037.98,3417.63
ORD-101888,1970-01-01 05:00:45.699,CUST-10545,Australia,Oceania,Sydney,Running,Duramo,Unisex,42,Retail Store,Consumer,Credit Card,Summer Sale,3.0,123.9,0.0,371.7,228.89,142.81,4,No,Completed,56,4,65,39223.75,3742.26
ORD-101889,1970-01-01 05:00:45.857,CUST-10037,Usa,North America,Los Angeles,Outdoor,Agravic,Female,36,Marketplace,Consumer,Bank Transfer,No Campaign,1.0,247.6,15.0,210.46,164.49,45.97,2,No,Completed,20,10,863,5357.71,927.19
ORD-101890,1970-01-01 05:00:45.871,CUST-10472,Germany,Europe,Munich,Football,Predator,Female,45,Marketplace,Consumer,Digital Wallet,Eid Campaign,1.0,68.06,0.0,68.06,45.88,22.18,3,No,Completed,53,5,207,63778.19,4789.63
ORD-101891,1970-01-01 05:00:45.209,CUST-10569,Australia,Oceania,Melbourne,Basketball,D.O.N. Issue,Female,43,Wholesale,Consumer,Credit Card,No Campaign,1.0,71.43,10.0,64.29,36.73,27.56,5,No,Completed,59,3,244,46058.3256489956,1765.91
ORD-101892,1970-01-01 05:00:45.751,CUST-10086,Uae,Middle East,Dubai,Basketball,D.O.N. Issue,Female,44,Retail Store,Consumer,Debit Card,New Year Sale,1.0,145.78,0.0,145.78,85.58,60.2,5,No,Completed,22,3,242,81514.98,3597.17
ORD-101893,1970-01-01 05:00:45.847,CUST-10055,Australia,Oceania,Sydney,Basketball,D.O.N. Issue,Unisex,44,Marketplace,Premium Consumer,Debit Card,No Campaign,2.0,83.71,20.0,133.94,113.29,20.65,4,Yes,Returned,56,2,588,51015.29331044057,3794.7
ORD-101894,1970-01-01 05:00:45.690,CUST-10161,Germany,Europe,Munich,Outdoor,Agravic,Male,42,Mobile App,Business,Debit Card,No Campaign,1.0,159.77,20.0,127.82,103.86,23.96,4,No,Completed,42,4,944,9064.07,2569.75
ORD-101895,1970-01-01 05:00:45.944,CUST-10047,Uae,Middle East,Dubai,Football,Copa,Unisex,36,Online Store,Consumer,Digital Wallet,Summer Sale,1.0,121.76,0.0,121.76,63.27,58.49,4,No,Cancelled,62,5,730,55529.7,730.71
ORD-101896,1970-01-01 05:00:45.035,CUST-10427,Germany,Europe,Munich,Training,Everyday,Male,42,Retail Store,Premium Consumer,Digital Wallet,Summer Sale,1.0,123.28,15.0,104.79,82.45,22.34,5,No,Completed,40,4,380,12539.24,1450.75
ORD-101897,1970-01-01 05:00:45.500,CUST-10027,Uae,Middle East,Dubai,Lifestyle,Campus,Male,38,Mobile App,Business,Bank Transfer,Summer Sale,1.0,111.62,10.0,100.46,61.2,39.26,2,No,Completed,34,3,222,2198.99,1247.81
ORD-101898,1970-01-01 05:00:45.853,CUST-10751,Uae,Middle East,Dubai,Outdoor,Agravic,Male,40,Mobile App,Consumer,Digital Wallet,New Year Sale,1.0,224.1,30.0,156.87,128.14,28.73,3,No,Completed,32,5,864,77969.06,2641.35
ORD-101899,1970-01-01 05:00:45.061,CUST-10704,Germany,Europe,Berlin,Running,Duramo,Female,45,Online Store,Consumer,Credit Card,New Year Sale,1.0,82.9,30.0,58.03,54.08,3.95,5,No,Completed,19,2,20,40639.35,1380.22
ORD-101900,1970-01-01 05:00:45.876,CUST-10833,Germany,Europe,Berlin,Running,Adizero,Unisex,38,Marketplace,Consumer,Digital Wallet,No Campaign,1.0,81.71,30.0,57.2,48.2,9.0,4,No,Completed,62,2,146,52738.01,2779.18
ORD-101901,1970-01-01 05:00:45.392,CUST-10734,Pakistan,South Asia,Faisalabad,Outdoor,Agravic,Male,38,Retail Store,Consumer,Credit Card,Eid Campaign,1.0,97.59,5.0,92.71,55.82,36.89,5,No,Cancelled,60,3,367,66453.5,1512.21
ORD-101902,1970-01-01 05:00:44.957,CUST-10315,India,South Asia,Delhi,Training,Everyday,Female,44,Online Store,Business,Bank Transfer,Black Friday,1.0,132.18,10.0,118.96,53.62,65.34,2,No,Completed,57,4,312,40402.25,104.8
ORD-101903,1970-01-01 05:00:45.391,CUST-10460,Germany,Europe,Hamburg,Outdoor,Agravic,Male,45,Mobile App,Premium Consumer,Bank Transfer,New Year Sale,1.0,241.98,8.02,241.98,169.49,72.49,4,No,Completed,50,4,588,5587.59,1879.96
ORD-101904,1970-01-01 05:00:45.196,CUST-10061,Saudi Arabia,Middle East,Dammam,Training,Everyday,Female,44,Mobile App,Consumer,Digital Wallet,Sports Event,1.0,70.65,9.68,56.52,39.93,16.59,3,No,Pending,62,3,315,25647.99,3073.57
ORD-101905,1970-01-01 05:00:45.898,CUST-10224,India,South Asia,Mumbai,Lifestyle,Gazelle,Female,45,Online Store,Consumer,Credit Card,No Campaign,2.0,120.12,30.0,168.17,150.46,17.71,5,No,Completed,28,3,402,19836.95,3891.11
ORD-101906,1970-01-01 05:00:45.241,CUST-10472,Uk,Europe,London,Basketball,D.O.N. Issue,Unisex,43,Retail Store,Business,Debit Card,No Campaign,1.0,127.5,10.0,114.75,59.49,55.26,4,No,Completed,33,1,866,97750.71,238.99
ORD-101907,1970-01-01 05:00:45.664,CUST-10672,Australia,Oceania,Melbourne,Basketball,Harden,Female,45,Retail Store,Premium Consumer,Debit Card,Eid Campaign,1.0,63.81,10.0,57.43,44.22,13.21,1,No,Completed,54,3,447,74080.79,1365.73
ORD-101908,1970-01-01 05:00:45.818,CUST-10037,Pakistan,South Asia,Lahore,Training,Everyday,Unisex,43,Mobile App,Consumer,Bank Transfer,New Year Sale,2.0,59.12,10.0,106.42,68.76,37.66,3,No,Completed,61,4,546,45429.22,4928.76
ORD-101909,1970-01-01 05:00:45.540,CUST-10846,Saudi Arabia,Middle East,Dammam,Outdoor,Agravic,Unisex,42,Wholesale,Premium Consumer,Debit Card,Black Friday,2.0,182.11,15.0,309.59,174.18,135.41,5,Yes,Returned,59,2,125,6805.06,1382.9
ORD-101910,1970-01-01 05:00:45.758,CUST-10854,Saudi Arabia,Middle East,Riyadh,Training,Everyday,Unisex,36,Marketplace,Premium Consumer,Credit Card,Eid Campaign,1.0,98.26,0.0,98.26,50.39,47.87,5,No,Cancelled,63,2,928,12027.13,3908.27
ORD-101911,1970-01-01 05:00:45.732,CUST-10805,Australia,Oceania,Melbourne,Basketball,D.O.N. Issue,Female,42,Marketplace,Consumer,Cash on Delivery,Eid Campaign,1.0,69.75,0.0,69.75,49.26,20.49,5,No,Pending,34,2,834,81383.51,2595.93
ORD-101912,1970-01-01 05:00:44.946,CUST-10259,Uae,Middle East,Sharjah,Football,X Crazyfast,Male,45,Marketplace,Premium Consumer,Credit Card,No Campaign,1.0,165.94,0.0,165.94,75.77,90.17,3,No,Completed,35,3,495,94572.18,698.65
ORD-101913,1970-01-01 05:00:44.983,CUST-10310,Australia,Oceania,Brisbane,Outdoor,Agravic,Unisex,38,Retail Store,Consumer,Credit Card,No Campaign,1.0,138.2,7.45,138.2,77.65,60.55,3,No,Completed,23,5,980,3619.34,3252.66
ORD-101914,1970-01-01 05:00:45.121,CUST-10512,Australia,Oceania,Brisbane,Lifestyle,Superstar,Unisex,36,Retail Store,Premium Consumer,Cash on Delivery,Sports Event,2.0,109.93,15.0,186.88,138.85,48.03,4,Yes,Returned,52,5,743,91084.51,4835.07
ORD-101915,1970-01-01 05:00:45.037,CUST-10136,Australia,Oceania,Brisbane,Outdoor,Five Ten,Unisex,38,Retail Store,Business,Credit Card,Eid Campaign,1.0,88.47,5.0,84.05,49.15,34.9,5,No,Cancelled,56,6,598,38366.09,4445.46
ORD-101916,1970-01-01 05:00:45.475,CUST-10599,Germany,Europe,Hamburg,Football,Copa,Male,40,Online Store,Consumer,Debit Card,Summer Sale,1.0,147.75,5.0,140.36,68.02,72.34,5,No,Completed,46,1,815,46866.9068113508,3482.43
ORD-101917,1970-01-01 05:00:45.048,CUST-10780,Australia,Oceania,Sydney,Basketball,Dame,Male,43,Online Store,Consumer,Cash on Delivery,No Campaign,1.0,156.54,0.0,156.54,102.6,53.94,5,No,Completed,59,14,699,10672.12,2609.53
ORD-101918,1970-01-01 05:00:45.637,CUST-10767,Germany,Europe,Hamburg,Football,X Crazyfast,Unisex,44,Mobile App,Business,Bank Transfer,Black Friday,1.0,120.28,5.0,114.27,74.59,39.68,4,No,Completed,63,3,44,77289.02,1664.73
ORD-101919,1970-01-01 05:00:45.016,CUST-10782,Pakistan,South Asia,Faisalabad,Training,Everyday,Male,44,Retail Store,Consumer,Digital Wallet,New Year Sale,1.0,68.87,0.0,68.87,40.05,28.82,3,No,Completed,44,6,330,47156.59,1849.14
ORD-101920,1970-01-01 05:00:44.984,CUST-10512,Pakistan,South Asia,Karachi,Basketball,Dame,Unisex,38,Online Store,Consumer,Digital Wallet,Black Friday,1.0,116.41,5.0,110.59,65.52,45.07,4,No,Completed,39,6,835,56895.822156081886,1796.41
ORD-101921,1970-01-01 05:00:45.343,CUST-10327,Saudi Arabia,Middle East,Dammam,Basketball,D.O.N. Issue,Unisex,38,Online Store,Premium Consumer,Cash on Delivery,Summer Sale,1.0,152.52,0.0,152.52,99.04,53.48,4,No,Completed,37,4,963,23002.64,4618.2
ORD-101922,1970-01-01 05:00:45.020,CUST-10827,Pakistan,South Asia,Rawalpindi,Football,F50,Unisex,44,Online Store,Consumer,Bank Transfer,Black Friday,1.0,72.22,0.0,72.22,35.7,36.52,3,No,Completed,58,1,910,68017.52,1135.43
ORD-101923,1970-01-01 05:00:45.283,CUST-10785,India,South Asia,Kolkata,Football,Copa,Female,42,Retail Store,Premium Consumer,Bank Transfer,Black Friday,2.0,81.99,30.0,114.79,106.8,7.99,5,No,Completed,61,4,859,12253.11,1952.35
ORD-101924,1970-01-01 05:00:45.721,CUST-10506,Uae,Middle East,Dubai,Running,Solarboost,Male,36,Mobile App,Premium Consumer,Bank Transfer,New Year Sale,1.0,83.66,0.0,83.66,47.85,35.81,5,No,Cancelled,54,3,995,9430.19,2216.62
ORD-101925,1970-01-01 05:00:45.741,CUST-10286,Pakistan,South Asia,Rawalpindi,Outdoor,Terrex,Female,45,Online Store,Consumer,Bank Transfer,Eid Campaign,1.0,109.49,5.0,104.02,69.59,34.43,3,No,Completed,63,2,71,13773.29,2103.61
ORD-101926,1970-01-01 05:00:45.017,CUST-10112,Australia,Oceania,Brisbane,Training,Everyday,Male,44,Wholesale,Premium Consumer,Debit Card,Sports Event,1.0,59.29,0.0,59.29,37.24,22.05,4,No,Completed,33,2,727,80985.68,120.57
ORD-101927,1970-01-01 05:00:45.518,CUST-10290,Saudi Arabia,Middle East,Jeddah,Outdoor,Ridgewalker,Unisex,42,Retail Store,Consumer,Credit Card,No Campaign,1.0,222.87,5.0,211.73,142.5,69.23,5,No,Completed,57,4,97,65734.16,1427.77
ORD-101928,1970-01-01 05:00:45.248,CUST-10883,Australia,Oceania,Melbourne,Training,Rapidmove,Female,36,Retail Store,Consumer,Cash on Delivery,No Campaign,1.0,82.96,10.0,74.66,43.94,30.72,4,No,Pending,40,2,270,17013.41,2542.99
ORD-101929,1970-01-01 05:00:45.704,CUST-10337,India,South Asia,Bangalore,Training,Powerlift,Female,40,Mobile App,Consumer,Cash on Delivery,No Campaign,2.0,144.88,30.0,202.83,189.9,12.93,5,No,Completed,49,5,406,38784.83,3826.42
ORD-101930,1970-01-01 05:00:45.303,CUST-10883,Australia,Oceania,Brisbane,Lifestyle,Campus,Male,40,Wholesale,Business,Debit Card,Summer Sale,1.0,68.28,5.0,64.87,44.84,20.03,3,No,Completed,42,2,443,76486.76,2890.42
ORD-101931,1970-01-01 05:00:45.122,CUST-10610,Saudi Arabia,Middle East,Dammam,Basketball,Dame,Male,36,Wholesale,Consumer,Digital Wallet,Sports Event,2.0,178.76,15.0,303.89,212.36,91.53,5,No,Pending,39,4,90,59939.67887862354,1985.82
ORD-101932,1970-01-01 05:00:44.938,CUST-10397,Pakistan,South Asia,Rawalpindi,Basketball,Harden,Unisex,43,Wholesale,Premium Consumer,Debit Card,No Campaign,1.0,144.78,10.0,130.3,99.45,30.85,1,No,Completed,23,2,653,92165.74,3359.19
ORD-101933,1970-01-01 05:00:45.713,CUST-10449,Uae,Middle East,Abu Dhabi,Running,Ultraboost,Female,42,Retail Store,Business,Credit Card,Black Friday,2.0,108.4,15.0,184.28,152.94,31.34,3,No,Completed,39,6,116,91502.98,3362.88
ORD-101934,1970-01-01 05:00:45.850,CUST-10846,Germany,Europe,Munich,Training,Everyday,Unisex,40,Online Store,Consumer,Bank Transfer,Sports Event,1.0,86.4,20.0,69.12,37.18,31.94,4,No,Completed,46,4,513,55513.63,1314.83
ORD-101935,1970-01-01 05:00:45.736,CUST-10731,Usa,North America,New York,Basketball,Harden,Male,42,Mobile App,Business,Debit Card,No Campaign,1.0,111.01,5.0,105.46,44.46,61.0,3,No,Completed,37,2,892,63381.44,608.49
ORD-101936,1970-01-01 05:00:45.651,CUST-10499,Uae,Middle East,Sharjah,Training,Everyday,Male,38,Marketplace,Premium Consumer,Digital Wallet,No Campaign,1.0,87.77,0.0,87.77,59.83,27.94,3,Yes,Returned,42,5,994,65495.23,4035.6
ORD-101937,1970-01-01 05:00:45.161,CUST-10872,Uae,Middle East,Dubai,Running,Duramo,Female,40,Retail Store,Business,Bank Transfer,No Campaign,1.0,102.38,10.16,102.38,67.14,35.24,2,No,Completed,24,2,42,26217.61,2695.93
ORD-101938,1970-01-01 05:00:45.271,CUST-10736,Uae,Middle East,Dubai,Football,F50,Unisex,40,Online Store,Premium Consumer,Bank Transfer,No Campaign,1.0,128.98,10.0,116.08,67.69,48.39,5,No,Completed,47,5,70,36849.48,964.97
ORD-101939,1970-01-01 05:00:45.676,CUST-10764,Australia,Oceania,Brisbane,Outdoor,Terrex,Male,43,Online Store,Consumer,Bank Transfer,Eid Campaign,1.0,187.04,0.0,187.04,111.08,75.96,4,No,Completed,52,3,143,14026.14,1384.15
ORD-101940,1970-01-01 05:00:45.607,CUST-10257,Saudi Arabia,Middle East,Dammam,Lifestyle,Campus,Unisex,38,Wholesale,Premium Consumer,Bank Transfer,Sports Event,1.0,79.08,0.0,79.08,43.63,35.45,4,No,Completed,23,3,341,52626.25468579085,3855.48
ORD-101941,1970-01-01 05:00:45.269,CUST-10188,Australia,Oceania,Brisbane,Outdoor,Five Ten,Unisex,38,Mobile App,Business,Bank Transfer,No Campaign,1.0,190.03,10.0,171.03,116.85,54.18,4,No,Completed,56,4,757,72523.02,3301.03
ORD-101942,1970-01-01 05:00:45.907,CUST-10449,Pakistan,South Asia,Rawalpindi,Basketball,Harden,Unisex,42,Online Store,Business,Digital Wallet,New Year Sale,1.0,93.96,15.0,79.87,57.24,22.63,3,No,Completed,33,2,795,5112.45,4731.32
ORD-101943,1970-01-01 05:00:45.280,CUST-10245,Uae,Middle East,Sharjah,Lifestyle,Superstar,Female,42,Marketplace,Consumer,Credit Card,New Year Sale,1.0,140.34,15.0,119.29,85.02,34.27,5,No,Completed,24,4,927,55164.05,2378.24
ORD-101944,1970-01-01 05:00:45.259,CUST-10043,Uae,Middle East,Dubai,Football,F50,Male,40,Wholesale,Consumer,Bank Transfer,Black Friday,1.0,142.94,0.0,142.94,87.07,55.87,2,Yes,Returned,53,4,838,34635.84,355.71
ORD-101945,1970-01-01 05:00:45.204,CUST-10340,Uae,Middle East,Sharjah,Outdoor,Ridgewalker,Male,36,Marketplace,Consumer,Cash on Delivery,Black Friday,2.0,96.08,0.0,192.16,136.91,55.25,5,No,Completed,40,3,725,81621.14,3532.07
ORD-101946,1970-01-01 05:00:45.196,CUST-10191,Australia,Oceania,Brisbane,Basketball,Harden,Unisex,38,Online Store,Premium Consumer,Cash on Delivery,New Year Sale,1.0,115.59,10.0,104.03,60.45,43.58,3,No,Completed,40,6,106,34708.11,1349.06
ORD-101947,1970-01-01 05:00:45.186,CUST-10391,Saudi Arabia,Middle East,Dammam,Outdoor,Terrex,Unisex,36,Retail Store,Consumer,Debit Card,No Campaign,2.0,172.24,50.0,172.24,227.4,-55.16,5,Yes,Returned,22,4,385,64592.94,1686.89
ORD-101948,1970-01-01 05:00:45.375,CUST-10610,Uk,Europe,London,Outdoor,Ridgewalker,Male,44,Mobile App,Premium Consumer,Debit Card,Sports Event,1.0,239.78,0.0,239.78,161.36,78.42,4,No,Completed,36,3,455,16991.16,1063.58
ORD-101949,1970-01-01 05:00:45.324,CUST-10085,India,South Asia,Delhi,Football,Copa,Male,45,Online Store,Premium Consumer,Cash on Delivery,No Campaign,1.0,100.11,5.0,95.1,59.94,35.16,4,No,Cancelled,38,6,774,56096.17,1613.78
ORD-101950,1970-01-01 05:00:45.330,CUST-10698,Usa,North America,New York,Basketball,Own The Game,Unisex,36,Marketplace,Business,Bank Transfer,Summer Sale,1.0,155.41,0.0,155.41,100.1,55.31,3,No,Completed,54,6,293,29741.63,4164.45
ORD-101951,1970-01-01 05:00:45.655,CUST-10482,Australia,Oceania,Melbourne,Training,Rapidmove,Unisex,38,Wholesale,Business,Debit Card,Summer Sale,4.0,40.59,50.0,81.18,104.46,-23.28,4,No,Completed,64,5,175,16906.4,2925.9
ORD-101952,1970-01-01 05:00:45.258,CUST-10862,India,South Asia,Kolkata,Outdoor,Terrex,Male,38,Online Store,Premium Consumer,Cash on Delivery,Eid Campaign,3.0,243.91,0.0,731.73,461.51,270.22,3,No,Completed,41,7,980,62116.29,634.85
ORD-101953,1970-01-01 05:00:45.171,CUST-10301,Pakistan,South Asia,Lahore,Football,X Crazyfast,Female,42,Wholesale,Premium Consumer,Credit Card,New Year Sale,1.0,80.28,20.0,64.22,43.13,21.09,2,No,Completed,31,10,106,64044.8,2974.36
ORD-101954,1970-01-01 05:00:45.235,CUST-10215,Usa,North America,New York,Training,Powerlift,Male,38,Mobile App,Premium Consumer,Credit Card,New Year Sale,2.0,149.23,5.0,283.54,135.41,148.13,3,No,Completed,60,2,85,98343.7,3204.46
ORD-101955,1970-01-01 05:00:45.681,CUST-10369,Pakistan,South Asia,Faisalabad,Basketball,Own The Game,Female,44,Online Store,Premium Consumer,Debit Card,Sports Event,1.0,96.96,20.0,77.57,42.52,35.05,5,Yes,Returned,51,2,509,67076.05,4435.64
ORD-101956,1970-01-01 05:00:45.975,CUST-10409,Usa,North America,Houston,Football,Predator,Female,42,Online Store,Premium Consumer,Bank Transfer,Black Friday,1.0,62.53,10.0,56.28,43.74,12.54,3,No,Completed,57,3,226,51813.14,4312.26
ORD-101957,1970-01-01 05:00:45.830,CUST-10145,Uk,Europe,London,Basketball,D.O.N. Issue,Female,42,Marketplace,Business,Debit Card,Sports Event,1.0,157.98,20.0,126.38,80.33,46.05,2,No,Completed,59,14,593,91305.77,408.09
ORD-101958,1970-01-01 05:00:45.631,CUST-10358,Saudi Arabia,Middle East,Riyadh,Lifestyle,Superstar,Female,43,Retail Store,Premium Consumer,Debit Card,Summer Sale,1.0,53.84,10.0,48.46,32.87,15.59,4,No,Completed,43,2,328,82913.94,4346.82
ORD-101959,1970-01-01 05:00:45.815,CUST-10117,Uae,Middle East,Dubai,Training,Powerlift,Male,44,Retail Store,Premium Consumer,Debit Card,Eid Campaign,2.0,83.14,20.0,133.02,93.0,40.02,4,No,Completed,31,5,240,55100.25,349.34
ORD-101960,1970-01-01 05:00:45.583,CUST-10835,Uae,Middle East,Abu Dhabi,Outdoor,Agravic,Unisex,40,Online Store,Business,Bank Transfer,New Year Sale,1.0,198.33,10.0,178.5,105.8,72.7,5,No,Completed,45,6,1,51379.23,855.2
ORD-101961,1970-01-01 05:00:45.127,CUST-10476,Pakistan,South Asia,Rawalpindi,Lifestyle,Superstar,Female,40,Retail Store,Business,Cash on Delivery,No Campaign,1.0,93.35,0.0,93.35,59.92,33.43,4,No,Completed,19,14,250,94225.93,646.6
ORD-101962,1970-01-01 05:00:45.466,CUST-10619,India,South Asia,Mumbai,Outdoor,Five Ten,Male,45,Marketplace,Consumer,Debit Card,Sports Event,2.0,114.7,0.0,229.4,137.7,91.7,4,Yes,Returned,27,4,41,61904.14,990.32
ORD-101963,1970-01-01 05:00:45.675,CUST-10524,Uk,Europe,London,Training,Powerlift,Male,42,Wholesale,Consumer,Debit Card,Summer Sale,2.0,101.64,30.0,142.3,133.29,9.01,5,No,Completed,42,3,425,71521.03,4035.98
ORD-101964,1970-01-01 05:00:45.420,CUST-10860,Uk,Europe,London,Football,Predator,Male,42,Wholesale,Premium Consumer,Digital Wallet,No Campaign,1.0,162.37,0.0,162.37,90.29,72.08,4,No,Cancelled,44,3,80,9124.56,3461.98
ORD-101965,1970-01-01 05:00:45.684,CUST-10494,Germany,Europe,Munich,Outdoor,Agravic,Unisex,43,Wholesale,Business,Cash on Delivery,Eid Campaign,3.0,249.63,20.0,599.11,430.52,168.59,4,Yes,Returned,26,14,487,71971.41,3466.12
ORD-101966,1970-01-01 05:00:45.476,CUST-10106,Germany,Europe,Hamburg,Training,Rapidmove,Unisex,42,Retail Store,Premium Consumer,Debit Card,No Campaign,2.0,49.56,20.0,79.3,63.08,16.22,4,No,Completed,56,7,915,26835.84,4618.43
ORD-101967,1970-01-01 05:00:45.481,CUST-10228,Germany,Europe,Munich,Lifestyle,Superstar,Female,45,Mobile App,Consumer,Digital Wallet,No Campaign,1.0,84.29,0.0,84.29,57.74,26.55,4,No,Completed,22,5,261,11996.02,2020.07
ORD-101968,1970-01-01 05:00:45.289,CUST-10381,Uk,Europe,Manchester,Football,Predator,Female,42,Online Store,Business,Credit Card,New Year Sale,1.0,105.42,20.0,84.34,58.31,26.03,3,No,Completed,22,7,394,85041.78,116.11
ORD-101969,1970-01-01 05:00:45.967,CUST-10104,Germany,Europe,Berlin,Lifestyle,Campus,Female,40,Mobile App,Business,Debit Card,Black Friday,2.0,79.07,0.0,158.14,88.64,69.5,3,No,Completed,20,1,708,69273.51,3234.87
ORD-101970,1970-01-01 05:00:45.740,CUST-10498,Germany,Europe,Munich,Lifestyle,Superstar,Female,40,Online Store,Consumer,Credit Card,Eid Campaign,2.0,94.52,30.0,132.33,91.1,41.23,5,No,Completed,23,4,247,41052.65,4353.56
ORD-101971,1970-01-01 05:00:45.680,CUST-10228,Uk,Europe,Birmingham,Football,X Crazyfast,Unisex,38,Marketplace,Consumer,Digital Wallet,No Campaign,2.0,163.29,15.86,228.61,179.33,49.28,3,No,Completed,36,3,329,43425.96,4883.67
ORD-101972,1970-01-01 05:00:45.327,CUST-10403,Uk,Europe,London,Running,Solarboost,Male,43,Online Store,Premium Consumer,Cash on Delivery,Black Friday,1.0,108.38,0.0,108.38,63.67,44.71,2,No,Completed,51,5,982,46787.6993107499,1883.07
ORD-101973,1970-01-01 05:00:45.854,CUST-10064,Saudi Arabia,Middle East,Dammam,Outdoor,Terrex,Female,38,Mobile App,Consumer,Credit Card,Sports Event,1.0,179.39,5.0,170.42,77.43,92.99,3,No,Completed,61,2,992,1450.32,4128.55
ORD-101974,1970-01-01 05:00:45.942,CUST-10866,Pakistan,South Asia,Rawalpindi,Running,Ultraboost,Female,40,Retail Store,Consumer,Credit Card,Black Friday,1.0,76.77,30.0,53.74,48.73,5.01,5,No,Completed,42,2,807,35261.23,4261.22
ORD-101975,1970-01-01 05:00:45.578,CUST-10408,Australia,Oceania,Sydney,Running,Solarboost,Male,42,Marketplace,Business,Debit Card,Eid Campaign,1.0,184.28,10.0,165.85,129.56,36.29,4,No,Completed,57,6,895,15267.23,807.75
ORD-101976,1970-01-01 05:00:45.947,CUST-10052,Australia,Oceania,Sydney,Basketball,Dame,Male,44,Retail Store,Business,Debit Card,Sports Event,1.0,64.06,10.0,57.65,45.73,11.92,3,No,Completed,54,5,547,42461.82,3194.34
ORD-101977,1970-01-01 05:00:45.626,CUST-10258,Pakistan,South Asia,Karachi,Outdoor,Five Ten,Male,44,Mobile App,Premium Consumer,Debit Card,New Year Sale,2.0,138.07,0.0,276.14,177.38,98.76,3,No,Completed,46,14,614,83465.6,948.39
ORD-101978,1970-01-01 05:00:45.759,CUST-10816,Usa,North America,Los Angeles,Training,Everyday,Male,44,Online Store,Consumer,Cash on Delivery,No Campaign,2.0,108.8,5.0,206.72,122.54,84.18,4,Yes,Returned,35,4,946,11918.06,2288.49
ORD-101979,1970-01-01 05:00:45.239,CUST-10634,Pakistan,South Asia,Faisalabad,Outdoor,Agravic,Unisex,38,Online Store,Premium Consumer,Cash on Delivery,Sports Event,1.0,230.88,0.0,230.88,116.7,114.18,5,No,Completed,50,3,814,9629.48,4408.41
ORD-101980,1970-01-01 05:00:45.238,CUST-10560,Pakistan,South Asia,Rawalpindi,Running,Ultraboost,Unisex,40,Retail Store,Consumer,Cash on Delivery,Summer Sale,1.0,214.44,8.04,193.0,110.98,82.02,3,No,Completed,55,4,97,90259.17,3968.39
ORD-101981,1970-01-01 05:00:45.172,CUST-10613,Germany,Europe,Munich,Training,Powerlift,Male,44,Retail Store,Business,Credit Card,Summer Sale,1.0,142.41,5.0,135.29,95.96,39.33,4,No,Completed,51,7,144,51005.01577052323,2894.66
ORD-101982,1970-01-01 05:00:45.939,CUST-10783,Usa,North America,Los Angeles,Lifestyle,Samba,Male,42,Online Store,Consumer,Digital Wallet,New Year Sale,1.0,64.5,4.81,58.05,29.27,28.78,4,No,Completed,62,4,793,5780.45,4062.67
ORD-101983,1970-01-01 05:00:45.988,CUST-10520,Germany,Europe,Munich,Basketball,Harden,Male,36,Wholesale,Business,Debit Card,New Year Sale,1.0,73.98,5.0,70.28,43.05,27.23,4,No,Completed,22,6,948,8417.26,848.85
ORD-101984,1970-01-01 05:00:45.188,CUST-10748,Australia,Oceania,Brisbane,Football,Copa,Female,42,Retail Store,Consumer,Debit Card,Summer Sale,2.0,146.27,0.0,292.54,143.88,148.66,5,No,Completed,50,1,126,68649.96,1055.1
ORD-101985,1970-01-01 05:00:45.391,CUST-10746,Uae,Middle East,Sharjah,Outdoor,Five Ten,Unisex,42,Wholesale,Business,Bank Transfer,Summer Sale,1.0,83.71,5.0,79.52,35.02,44.5,4,Yes,Returned,47,3,303,37349.25,1123.44
ORD-101986,1970-01-01 05:00:45.897,CUST-10341,Pakistan,South Asia,Karachi,Basketball,Dame,Female,42,Retail Store,Consumer,Digital Wallet,Eid Campaign,1.0,147.91,15.0,125.72,103.48,22.24,3,No,Completed,29,7,794,72555.24,3902.47
ORD-101987,1970-01-01 05:00:44.998,CUST-10247,India,South Asia,Chennai,Lifestyle,Campus,Female,38,Online Store,Business,Digital Wallet,No Campaign,1.0,79.13,20.0,63.3,51.24,12.06,3,No,Completed,45,1,813,40743.18,4465.73
ORD-101988,1970-01-01 05:00:45.174,CUST-10365,Uae,Middle East,Sharjah,Training,Rapidmove,Male,42,Mobile App,Consumer,Credit Card,No Campaign,1.0,140.65,0.0,140.65,75.12,65.53,5,No,Completed,36,4,578,96794.78,2857.9
ORD-101989,1970-01-01 05:00:45.738,CUST-10313,Australia,Oceania,Sydney,Running,Adizero,Female,45,Retail Store,Business,Bank Transfer,Sports Event,1.0,98.81,0.0,98.81,62.65,36.16,4,No,Completed,28,3,378,69594.45,4794.06
ORD-101990,1970-01-01 05:00:45.936,CUST-10174,Uae,Middle East,Sharjah,Outdoor,Terrex,Unisex,43,Marketplace,Business,Cash on Delivery,Eid Campaign,1.0,105.2,10.0,94.68,72.38,22.3,5,Yes,Returned,49,4,146,5138.27,3667.35
ORD-101991,1970-01-01 05:00:45.833,CUST-10379,Australia,Oceania,Melbourne,Football,Copa,Male,40,Retail Store,Consumer,Debit Card,Summer Sale,2.0,144.58,0.0,289.16,202.11,87.05,4,No,Completed,39,2,839,33384.93,2862.05
ORD-101992,1970-01-01 05:00:45.144,CUST-10226,Uae,Middle East,Sharjah,Outdoor,Terrex,Female,44,Retail Store,Premium Consumer,Bank Transfer,Sports Event,1.0,146.74,15.0,500000.0,92.54,32.19,4,No,Cancelled,64,4,80,56578.82,3096.79
ORD-101993,1970-01-01 05:00:45.292,CUST-10279,Uae,Middle East,Sharjah,Outdoor,Ridgewalker,Female,38,Online Store,Premium Consumer,Debit Card,New Year Sale,1.0,242.71,20.0,194.17,97.93,96.24,5,Yes,Returned,45,14,764,14616.43,4262.72
ORD-101994,1970-01-01 05:00:45.027,CUST-10171,Germany,Europe,Munich,Football,Copa,Male,44,Retail Store,Consumer,Credit Card,New Year Sale,1.0,54.95,15.0,46.71,22.09,24.62,3,Yes,Returned,36,3,241,65519.82400284515,541.89
ORD-101995,1970-01-01 05:00:45.934,CUST-10199,Pakistan,South Asia,Islamabad,Basketball,Own The Game,Male,42,Online Store,Premium Consumer,Cash on Delivery,Summer Sale,3.0,102.63,10.0,277.1,198.85,78.25,5,No,Completed,23,3,576,8391.16,923.29
ORD-101996,1970-01-01 05:00:45.231,CUST-10804,Uk,Europe,London,Running,Solarboost,Unisex,38,Retail Store,Premium Consumer,Debit Card,Eid Campaign,2.0,175.61,15.0,298.54,194.52,104.02,4,No,Completed,51,1,582,52664.22,1404.85
ORD-101997,1970-01-01 05:00:45.744,CUST-10218,Pakistan,South Asia,Karachi,Lifestyle,Campus,Unisex,44,Marketplace,Premium Consumer,Credit Card,Black Friday,1.0,80.86,5.0,76.82,47.32,29.5,3,No,Completed,47,3,547,63409.38,4484.4
ORD-101998,1970-01-01 05:00:45.667,CUST-10179,Uk,Europe,Manchester,Training,Dropset,Female,38,Retail Store,Business,Credit Card,Black Friday,1.0,103.19,10.0,92.87,55.75,37.12,5,Yes,Returned,63,2,66,9743.89,4730.23
ORD-101999,1970-01-01 05:00:45.074,CUST-10619,India,South Asia,Delhi,Training,Everyday,Unisex,42,Marketplace,Premium Consumer,Cash on Delivery,No Campaign,2.0,113.4,10.0,204.12,157.85,46.27,4,No,Completed,39,4,594,66683.07,1845.24
ORD-102000,1970-01-01 05:00:45.360,CUST-10124,India,South Asia,Kolkata,Lifestyle,Superstar,Female,44,Wholesale,Premium Consumer,Cash on Delivery,Summer Sale,1.0,78.42,20.0,62.74,51.39,11.35,3,No,Completed,58,2,681,61903.85,4626.9
ORD-102001,1970-01-01 05:00:45.207,CUST-10844,Pakistan,South Asia,Lahore,Training,Dropset,Female,40,Mobile App,Consumer,Credit Card,No Campaign,1.0,129.83,10.0,116.85,87.49,29.36,4,No,Cancelled,45,3,474,94019.75,2779.55
ORD-102002,1970-01-01 05:00:45.110,CUST-10556,Australia,Oceania,Sydney,Running,Adizero,Female,38,Retail Store,Business,Debit Card,Sports Event,1.0,97.07,12.33,87.36,50.96,36.4,3,No,Completed,22,4,578,84147.21,2419.04
ORD-102003,1970-01-01 05:00:45.874,CUST-10234,Usa,North America,Houston,Lifestyle,Superstar,Female,36,Wholesale,Business,Digital Wallet,Summer Sale,1.0,127.29,5.0,120.93,74.81,46.12,4,No,Completed,24,6,609,94352.57,4180.55
ORD-102004,1970-01-01 05:00:45.931,CUST-10399,India,South Asia,Chennai,Football,F50,Male,38,Wholesale,Consumer,Debit Card,Eid Campaign,1.0,143.03,10.0,128.73,70.85,57.88,3,No,Completed,41,2,836,49243.53684869196,2775.81
ORD-102005,1970-01-01 05:00:45.869,CUST-10007,Usa,North America,Chicago,Outdoor,Terrex,Unisex,45,Wholesale,Business,Digital Wallet,Sports Event,2.0,180.85,0.0,361.7,152.26,209.44,5,No,Completed,48,4,432,44360.45,2326.96
ORD-102006,1970-01-01 05:00:45.352,CUST-10668,Usa,North America,Chicago,Basketball,Harden,Male,38,Wholesale,Consumer,Digital Wallet,Black Friday,1.0,116.76,10.0,105.08,79.88,25.2,5,No,Completed,56,4,804,49047.11,178.22
ORD-102007,1970-01-01 05:00:45.976,CUST-10295,Uk,Europe,Birmingham,Football,Predator,Unisex,38,Retail Store,Consumer,Credit Card,No Campaign,1.0,161.95,10.0,145.76,77.25,68.51,4,No,Completed,38,2,761,28521.39,163.2
ORD-102008,1970-01-01 05:00:45.068,CUST-10370,Pakistan,South Asia,Islamabad,Football,Predator,Male,42,Mobile App,Premium Consumer,Cash on Delivery,Black Friday,1.0,108.29,20.0,86.63,51.92,34.71,5,No,Completed,64,4,301,51089.02,3175.2
ORD-102009,1970-01-01 05:00:44.941,CUST-10796,Australia,Oceania,Brisbane,Basketball,Own The Game,Male,36,Retail Store,Premium Consumer,Bank Transfer,Eid Campaign,1.0,136.3,0.0,136.3,83.2,53.1,3,No,Completed,26,4,719,15496.11,459.74
ORD-102010,1970-01-01 05:00:45.818,CUST-10033,Usa,North America,Houston,Basketball,Dame,Female,44,Wholesale,Premium Consumer,Bank Transfer,Eid Campaign,1.0,90.03,10.68,76.53,50.63,25.9,5,No,Completed,57,4,823,67307.38,3711.03
ORD-102011,1970-01-01 05:00:45.339,CUST-10238,Uk,Europe,Manchester,Running,Duramo,Female,43,Online Store,Premium Consumer,Cash on Delivery,No Campaign,1.0,214.93,5.0,204.18,110.53,93.65,4,No,Completed,64,2,374,2980.79,3149.47
ORD-102012,1970-01-01 05:00:45.649,CUST-10456,Pakistan,South Asia,Islamabad,Training,Powerlift,Unisex,42,Mobile App,Consumer,Credit Card,New Year Sale,2.0,115.95,10.0,208.71,113.21,95.5,4,No,Completed,31,6,574,23944.96,2342.87
ORD-102013,1970-01-01 05:00:45.308,CUST-10747,Usa,North America,Houston,Basketball,Own The Game,Female,38,Online Store,Business,Bank Transfer,Sports Event,1.0,131.57,0.0,131.57,87.0,44.57,5,No,Completed,18,1,77,21203.13,3578.04
ORD-102014,1970-01-01 05:00:45.383,CUST-10570,Germany,Europe,Munich,Football,F50,Male,36,Marketplace,Business,Digital Wallet,Sports Event,1.0,60.85,0.0,60.85,35.9,24.95,4,No,Completed,59,2,29,93819.96,4966.05
ORD-102015,1970-01-01 05:00:45.643,CUST-10356,Pakistan,South Asia,Lahore,Football,Copa,Male,45,Retail Store,Premium Consumer,Digital Wallet,Sports Event,1.0,168.46,0.0,168.46,74.0,94.46,4,No,Cancelled,64,4,351,14917.72,1307.15
ORD-102016,1970-01-01 05:00:45.407,CUST-10849,Saudi Arabia,Middle East,Dammam,Training,Everyday,Female,44,Wholesale,Business,Bank Transfer,New Year Sale,1.0,126.9,5.0,120.56,88.61,31.95,3,No,Completed,24,2,762,89132.16,2829.57
ORD-102017,1970-01-01 05:00:45.641,CUST-10347,Germany,Europe,Munich,Lifestyle,Superstar,Female,38,Retail Store,Premium Consumer,Cash on Delivery,Black Friday,1.0,128.42,0.0,128.42,53.06,75.36,4,No,Completed,33,2,830,12873.64,4229.99
ORD-102018,1970-01-01 05:00:45.556,CUST-10868,Uk,Europe,Birmingham,Outdoor,Ridgewalker,Female,38,Marketplace,Business,Credit Card,No Campaign,1.0,124.85,7.37,112.36,83.65,28.71,4,No,Completed,58,4,114,65244.45,182.69
ORD-102019,1970-01-01 05:00:45.456,CUST-10452,Saudi Arabia,Middle East,Jeddah,Lifestyle,Gazelle,Unisex,44,Marketplace,Consumer,Bank Transfer,Black Friday,1.0,157.93,30.0,110.55,79.57,30.98,5,No,Completed,27,5,876,32328.65,1097.19
ORD-102020,1970-01-01 05:00:46.003,CUST-10799,Usa,North America,Houston,Basketball,D.O.N. Issue,Male,42,Online Store,Business,Cash on Delivery,New Year Sale,1.0,95.56,0.0,95.56,65.53,30.03,3,No,Completed,19,3,331,31942.24,2652.7
ORD-102021,1970-01-01 05:00:45.374,CUST-10723,Usa,North America,Chicago,Football,F50,Male,42,Retail Store,Consumer,Credit Card,New Year Sale,1.0,104.6,30.0,73.22,66.52,6.7,5,No,Completed,29,4,504,99827.97,2806.01
ORD-102022,1970-01-01 05:00:45.281,CUST-10211,Australia,Oceania,Sydney,Football,Predator,Female,36,Mobile App,Premium Consumer,Cash on Delivery,New Year Sale,1.0,144.41,10.0,129.97,90.75,39.22,3,No,Completed,35,6,730,22991.26,523.03
ORD-102023,1970-01-01 05:00:45.772,CUST-10128,Germany,Europe,Munich,Football,Copa,Female,38,Wholesale,Consumer,Debit Card,No Campaign,1.0,62.29,0.0,62.29,25.11,37.18,4,No,Completed,50,10,153,20654.73,2096.4
ORD-102024,1970-01-01 05:00:45.545,CUST-10171,Saudi Arabia,Middle East,Dammam,Running,Ultraboost,Unisex,43,Marketplace,Premium Consumer,Credit Card,Summer Sale,2.0,212.81,15.0,361.78,301.07,60.71,5,No,Completed,46,2,732,59138.81,2646.95
ORD-102025,1970-01-01 05:00:44.983,CUST-10132,Saudi Arabia,Middle East,Riyadh,Lifestyle,Samba,Unisex,42,Online Store,Consumer,Credit Card,Summer Sale,1.0,54.72,20.0,43.78,29.33,14.45,4,No,Completed,56,4,534,74204.86,2172.58
ORD-102026,1970-01-01 05:00:45.656,CUST-10098,Australia,Oceania,Brisbane,Basketball,Own The Game,Unisex,43,Retail Store,Premium Consumer,Bank Transfer,Black Friday,1.0,111.93,0.0,111.93,60.1,51.83,5,No,Pending,32,3,368,98259.2,3532.92
ORD-102027,1970-01-01 05:00:45.088,CUST-10663,Australia,Oceania,Brisbane,Running,Duramo,Unisex,42,Online Store,Premium Consumer,Cash on Delivery,New Year Sale,1.0,98.52,0.0,98.52,60.18,38.34,4,No,Completed,22,6,725,70290.67,3879.68
ORD-102028,1970-01-01 05:00:45.597,CUST-10182,Uk,Europe,Manchester,Football,Copa,Female,42,Online Store,Consumer,Debit Card,New Year Sale,1.0,106.4,15.0,90.44,50.79,39.65,5,No,Completed,61,6,659,56406.17,2355.28
ORD-102029,1970-01-01 05:00:45.534,CUST-10882,Germany,Europe,Munich,Running,Adizero,Male,43,Retail Store,Business,Debit Card,No Campaign,1.0,168.81,10.0,151.93,103.66,48.27,4,No,Completed,25,3,357,41208.61,2185.73
ORD-102030,1970-01-01 05:00:45.863,CUST-10723,Saudi Arabia,Middle East,Jeddah,Football,Copa,Male,44,Mobile App,Consumer,Credit Card,No Campaign,1.0,68.3,30.0,47.81,30.99,16.82,4,No,Completed,34,4,301,59713.72,3556.28
ORD-102031,1970-01-01 05:00:45.778,CUST-10541,Uk,Europe,Birmingham,Football,F50,Unisex,43,Wholesale,Consumer,Credit Card,New Year Sale,1.0,176.19,15.0,149.76,106.96,42.8,5,No,Completed,35,6,719,60283.08,2820.98
ORD-102032,1970-01-01 05:00:45.501,CUST-10225,Germany,Europe,Munich,Outdoor,Ridgewalker,Unisex,36,Retail Store,Business,Credit Card,Sports Event,1.0,156.65,50.0,78.32,77.34,0.98,2,No,Completed,43,3,670,22162.29,4365.15
ORD-102033,1970-01-01 05:00:45.058,CUST-10754,Australia,Oceania,Melbourne,Training,Everyday,Female,42,Online Store,Premium Consumer,Debit Card,Black Friday,99.0,125.7,10.0,113.13,68.37,44.76,5,No,Completed,35,5,450,67285.25,2457.62
ORD-102034,1970-01-01 05:00:45.677,CUST-10186,Pakistan,South Asia,Lahore,Football,X Crazyfast,Male,40,Wholesale,Business,Cash on Delivery,Eid Campaign,1.0,173.81,15.0,147.74,116.01,31.73,4,Yes,Returned,30,5,916,36094.47095691395,2914.2
ORD-102035,1970-01-01 05:00:45.845,CUST-10294,Usa,North America,Chicago,Basketball,Harden,Unisex,40,Retail Store,Consumer,Debit Card,New Year Sale,1.0,161.72,0.0,161.72,107.18,54.54,3,No,Completed,29,6,306,49250.5,731.15
ORD-102036,1970-01-01 05:00:44.946,CUST-10137,Uae,Middle East,Dubai,Lifestyle,Gazelle,Male,40,Marketplace,Premium Consumer,Bank Transfer,No Campaign,1.0,62.03,0.0,62.03,40.32,21.71,5,No,Completed,62,4,678,26357.02,4196.39
ORD-102037,1970-01-01 05:00:45.397,CUST-10733,Saudi Arabia,Middle East,Riyadh,Football,Predator,Male,42,Marketplace,Premium Consumer,Digital Wallet,Eid Campaign,3.0,112.33,20.0,269.59,138.81,130.78,5,Yes,Returned,59,7,62,31623.7,2169.23
ORD-102038,1970-01-01 05:00:45.803,CUST-10196,India,South Asia,Chennai,Outdoor,Terrex,Female,36,Mobile App,Premium Consumer,Debit Card,Eid Campaign,1.0,88.44,20.0,70.75,37.22,33.53,3,No,Pending,34,4,836,61580.76,3623.41
ORD-102039,1970-01-01 05:00:45.043,CUST-10438,Germany,Europe,Berlin,Basketball,Harden,Female,42,Retail Store,Consumer,Credit Card,Summer Sale,2.0,135.73,10.0,244.31,175.64,68.67,5,No,Completed,60,2,275,6916.27,2204.47
ORD-102040,1970-01-01 05:00:45.925,CUST-10414,Saudi Arabia,Middle East,Riyadh,Outdoor,Agravic,Male,36,Retail Store,Premium Consumer,Debit Card,No Campaign,1.0,92.57,10.0,83.31,45.87,37.44,4,No,Completed,43,4,510,1697.46,104.96
ORD-102041,1970-01-01 05:00:45.865,CUST-10177,Uae,Middle East,Dubai,Lifestyle,Campus,Unisex,36,Online Store,Premium Consumer,Debit Card,Summer Sale,2.0,115.17,0.0,230.34,151.31,79.03,5,No,Completed,41,3,886,13496.69,2062.01
ORD-102042,1970-01-01 05:00:45.691,CUST-10284,Uae,Middle East,Dubai,Basketball,D.O.N. Issue,Female,43,Marketplace,Business,Bank Transfer,Eid Campaign,2.0,130.52,15.0,221.88,154.73,67.15,4,No,Completed,42,3,534,17286.34,822.76
ORD-102043,1970-01-01 05:00:45.584,CUST-10093,India,South Asia,Bangalore,Training,Rapidmove,Female,38,Wholesale,Business,Debit Card,No Campaign,1.0,66.31,5.0,62.99,36.35,26.64,5,No,Completed,18,5,735,20188.36,2053.21
ORD-102044,1970-01-01 05:00:45.392,CUST-10587,Pakistan,South Asia,Rawalpindi,Training,Everyday,Female,40,Mobile App,Business,Debit Card,Black Friday,1.0,114.66,15.0,97.46,54.65,42.81,4,No,Completed,44,10,937,77506.14,1674.59
ORD-102045,1970-01-01 05:00:45.575,CUST-10462,India,South Asia,Kolkata,Football,X Crazyfast,Male,42,Mobile App,Premium Consumer,Bank Transfer,Black Friday,1.0,111.25,20.0,89.0,56.1,32.9,5,No,Completed,50,6,712,44962.37,1092.48
ORD-102046,1970-01-01 05:00:45.433,CUST-10312,Uk,Europe,Manchester,Lifestyle,Gazelle,Male,42,Mobile App,Business,Credit Card,Summer Sale,1.0,106.84,5.0,101.5,51.97,49.53,4,No,Completed,39,3,386,47258.65,706.48
ORD-102047,1970-01-01 05:00:45.103,CUST-10167,India,South Asia,Delhi,Football,Predator,Male,45,Mobile App,Business,Credit Card,Summer Sale,2.0,80.3,0.0,160.6,107.41,53.19,3,No,Completed,48,3,794,64611.25,3669.95
ORD-102048,1970-01-01 05:00:45.029,CUST-10655,Germany,Europe,Hamburg,Outdoor,Five Ten,Male,44,Online Store,Premium Consumer,Cash on Delivery,Sports Event,1.0,210.22,20.0,168.18,86.18,82.0,1,No,Completed,53,14,858,73046.32,3798.82
ORD-102049,1970-01-01 05:00:45.236,CUST-10593,Pakistan,South Asia,Islamabad,Outdoor,Ridgewalker,Male,44,Marketplace,Consumer,Bank Transfer,Black Friday,1.0,139.87,15.0,118.89,65.28,53.61,4,No,Completed,38,7,457,849.08,1398.49
ORD-102050,1970-01-01 05:00:45.280,CUST-10581,India,South Asia,Mumbai,Training,Dropset,Male,44,Mobile App,Business,Cash on Delivery,Summer Sale,1.0,42.4,15.0,36.04,18.33,17.71,5,No,Completed,21,3,847,85744.17,2526.43
ORD-102051,1970-01-01 05:00:45.299,CUST-10324,Saudi Arabia,Middle East,Dammam,Lifestyle,Superstar,Male,42,Marketplace,Consumer,Debit Card,No Campaign,1.0,85.22,10.0,76.7,60.15,16.55,4,No,Completed,36,3,407,98849.27,2373.95
ORD-102052,1970-01-01 05:00:45.583,CUST-10199,Usa,North America,Chicago,Football,F50,Unisex,38,Retail Store,Consumer,Credit Card,No Campaign,1.0,94.02,30.0,65.81,40.32,25.49,3,No,Completed,42,5,726,12619.84,1840.71
ORD-102053,1970-01-01 05:00:45.529,CUST-10451,Saudi Arabia,Middle East,Dammam,Football,Copa,Female,36,Marketplace,Business,Bank Transfer,Eid Campaign,1.0,170.87,20.0,136.7,90.65,46.05,4,No,Completed,36,6,776,65282.52,1460.42
ORD-102054,1970-01-01 05:00:45.878,CUST-10311,Germany,Europe,Berlin,Running,Solarboost,Male,36,Marketplace,Business,Digital Wallet,New Year Sale,1.0,128.42,5.0,122.0,91.11,30.89,4,No,Completed,45,1,385,740.17,1011.56
ORD-102055,1970-01-01 05:00:45.315,CUST-10285,Germany,Europe,Munich,Running,Solarboost,Female,44,Marketplace,Business,Debit Card,Eid Campaign,1.0,129.06,0.0,129.06,82.54,46.52,2,No,Completed,18,3,389,5378.43,4377.17
ORD-102056,1970-01-01 05:00:45.254,CUST-10284,Usa,North America,Chicago,Outdoor,Ridgewalker,Female,42,Marketplace,Consumer,Digital Wallet,Eid Campaign,1.0,241.39,15.0,205.18,153.63,51.55,5,No,Completed,42,6,228,56069.31563816743,4183.23
ORD-102057,1970-01-01 05:00:45.254,CUST-10220,Australia,Oceania,Melbourne,Basketball,Harden,Unisex,40,Online Store,Premium Consumer,Credit Card,Eid Campaign,1.0,134.98,30.0,94.49,91.87,2.62,4,No,Completed,40,3,226,84717.21,2144.18
ORD-102058,1970-01-01 05:00:45.217,CUST-10768,Germany,Europe,Hamburg,Lifestyle,Samba,Male,36,Marketplace,Business,Debit Card,Summer Sale,1.0,80.71,0.0,80.71,56.96,23.75,4,No,Cancelled,51,3,326,65423.84,3633.89
ORD-102059,1970-01-01 05:00:45.587,CUST-10822,Uk,Europe,Manchester,Running,Ultraboost,Male,36,Retail Store,Business,Cash on Delivery,Black Friday,1.0,104.29,15.0,88.65,60.22,28.43,5,No,Pending,20,3,334,44859.18,2541.83
ORD-102060,1970-01-01 05:00:45.427,CUST-10426,Usa,North America,Houston,Football,F50,Unisex,40,Mobile App,Consumer,Bank Transfer,Sports Event,1.0,148.71,0.0,148.71,78.51,70.2,4,No,Cancelled,23,2,276,44140.55,518.38
ORD-102061,1970-01-01 05:00:45.014,CUST-10643,Uk,Europe,Manchester,Outdoor,Ridgewalker,Female,38,Marketplace,Business,Cash on Delivery,New Year Sale,1.0,97.42,0.0,97.42,49.73,47.69,5,No,Completed,51,2,229,46872.33,4129.71
ORD-102062,1970-01-01 05:00:45.125,CUST-10627,Pakistan,South Asia,Karachi,Outdoor,Agravic,Male,38,Retail Store,Business,Bank Transfer,No Campaign,1.0,89.39,10.0,80.45,37.81,42.64,4,Yes,Returned,34,1,867,31447.79,1174.43
ORD-102063,1970-01-01 05:00:45.248,CUST-10107,Pakistan,South Asia,Lahore,Basketball,Harden,Unisex,38,Retail Store,Consumer,Credit Card,No Campaign,1.0,69.46,0.0,69.46,45.09,24.37,4,No,Completed,28,2,726,87832.59,3563.41
ORD-102064,1970-01-01 05:00:45.974,CUST-10367,India,South Asia,Delhi,Basketball,Dame,Unisex,42,Wholesale,Consumer,Digital Wallet,New Year Sale,1.0,79.94,0.0,79.94,35.42,44.52,4,No,Completed,35,6,156,57002.98,2684.25
ORD-102065,1970-01-01 05:00:45.749,CUST-10794,Usa,North America,Chicago,Lifestyle,Superstar,Male,38,Wholesale,Consumer,Bank Transfer,Black Friday,1.0,135.61,0.0,135.61,78.12,57.49,1,No,Completed,57,1,12,48653.02,3483.65
ORD-102066,1970-01-01 05:00:45.724,CUST-10850,Uk,Europe,Manchester,Lifestyle,Samba,Female,40,Online Store,Consumer,Digital Wallet,Summer Sale,1.0,69.5,0.0,69.5,34.95,34.55,2,No,Completed,38,3,502,46775.12,2408.89
ORD-102067,1970-01-01 05:00:45.427,CUST-10104,Australia,Oceania,Melbourne,Training,Rapidmove,Unisex,42,Mobile App,Business,Digital Wallet,Black Friday,1.0,125.19,10.0,112.67,73.49,39.18,2,No,Completed,34,3,196,93614.73,3542.55
ORD-102068,1970-01-01 05:00:45.170,CUST-10555,Usa,North America,Houston,Outdoor,Agravic,Unisex,40,Retail Store,Premium Consumer,Debit Card,No Campaign,1.0,224.98,5.0,213.73,126.76,86.97,5,No,Completed,42,5,622,72504.36,260.78
ORD-102069,1970-01-01 05:00:45.223,CUST-10293,Uae,Middle East,Dubai,Outdoor,Five Ten,Male,38,Retail Store,Consumer,Cash on Delivery,Sports Event,1.0,225.49,15.0,191.67,150.78,40.89,4,Yes,Returned,24,2,614,14909.05,300.18
ORD-102070,1970-01-01 05:00:45.261,CUST-10157,India,South Asia,Kolkata,Running,Solarboost,Female,45,Retail Store,Consumer,Cash on Delivery,Sports Event,1.0,130.36,29.38,500000.0,85.66,25.15,3,No,Completed,39,3,102,43978.53,4492.07
ORD-102071,1970-01-01 05:00:45.111,CUST-10569,Australia,Oceania,Melbourne,Lifestyle,Samba,Unisex,44,Retail Store,Premium Consumer,Bank Transfer,New Year Sale,1.0,99.65,7.36,99.65,44.12,55.53,3,No,Completed,31,1,169,29193.03,3773.5
ORD-102072,1970-01-01 05:00:45.256,CUST-10879,Uk,Europe,Birmingham,Lifestyle,Samba,Unisex,42,Online Store,Business,Bank Transfer,No Campaign,1.0,85.22,20.0,68.18,55.42,12.76,4,No,Pending,26,6,108,98693.43,4159.49
ORD-102073,1970-01-01 05:00:45.791,CUST-10186,Pakistan,South Asia,Faisalabad,Football,F50,Male,40,Online Store,Consumer,Credit Card,Black Friday,2.0,58.67,0.0,117.34,58.44,58.9,4,Yes,Returned,43,4,375,41831.87,2337.27
ORD-102074,1970-01-01 05:00:45.616,CUST-10174,Saudi Arabia,Middle East,Riyadh,Outdoor,Ridgewalker,Unisex,43,Retail Store,Consumer,Credit Card,Black Friday,1.0,238.35,10.0,214.52,151.05,63.47,4,No,Completed,62,3,125,7253.08,2352.27
ORD-102075,1970-01-01 05:00:45.480,CUST-10387,Pakistan,South Asia,Karachi,Basketball,Harden,Unisex,42,Wholesale,Business,Credit Card,Black Friday,1.0,93.04,0.0,93.04,56.55,36.49,3,No,Completed,62,6,746,41415.59,2716.62
ORD-102076,1970-01-01 05:00:45.054,CUST-10809,Uae,Middle East,Dubai,Training,Powerlift,Female,43,Wholesale,Business,Digital Wallet,No Campaign,2.0,51.39,30.0,71.95,62.02,9.93,4,No,Completed,46,2,384,46195.58174329643,1293.94
ORD-102077,1970-01-01 05:00:45.392,CUST-10238,Australia,Oceania,Sydney,Training,Powerlift,Unisex,42,Wholesale,Business,Digital Wallet,No Campaign,1.0,101.63,30.0,71.14,60.72,10.42,3,No,Completed,52,3,147,60158.47,3694.16
ORD-102078,1970-01-01 05:00:45.761,CUST-10690,Saudi Arabia,Middle East,Dammam,Football,F50,Male,45,Marketplace,Business,Credit Card,Sports Event,1.0,142.01,0.0,142.01,59.48,82.53,5,No,Completed,51,4,682,22994.78,4164.33
ORD-102079,1970-01-01 05:00:45.858,CUST-10054,Usa,North America,New York,Football,F50,Male,43,Wholesale,Premium Consumer,Credit Card,No Campaign,1.0,144.58,5.0,137.35,85.08,52.27,3,No,Completed,32,3,0,4079.38,4545.4
ORD-102080,1970-01-01 05:00:45.962,CUST-10225,India,South Asia,Mumbai,Football,X Crazyfast,Male,42,Wholesale,Consumer,Credit Card,Sports Event,1.0,159.59,0.0,159.59,110.93,48.66,2,No,Completed,50,4,994,10040.1,2633.47
ORD-102081,1970-01-01 05:00:45.871,CUST-10545,Saudi Arabia,Middle East,Dammam,Basketball,Harden,Unisex,38,Wholesale,Premium Consumer,Cash on Delivery,Sports Event,1.0,160.41,0.0,160.41,112.57,47.84,4,No,Cancelled,29,3,551,28673.19,2131.42
ORD-102082,1970-01-01 05:00:45.936,CUST-10832,Pakistan,South Asia,Faisalabad,Training,Rapidmove,Male,36,Mobile App,Business,Cash on Delivery,New Year Sale,1.0,81.62,30.0,57.13,47.25,9.88,5,No,Completed,32,5,748,35158.1,4171.57
ORD-102083,1970-01-01 05:00:45.472,CUST-10124,Uae,Middle East,Dubai,Running,Ultraboost,Male,40,Mobile App,Business,Digital Wallet,Eid Campaign,2.0,150.46,0.0,300.92,150.49,150.43,4,No,Completed,62,3,6,83527.83,3788.06
ORD-102084,1970-01-01 05:00:45.648,CUST-10483,India,South Asia,Kolkata,Training,Dropset,Female,38,Retail Store,Business,Cash on Delivery,Black Friday,1.0,128.22,0.0,128.22,55.88,72.34,5,No,Pending,38,5,162,27371.93,4349.64
ORD-102085,1970-01-01 05:00:45.235,CUST-10051,Australia,Oceania,Brisbane,Football,Predator,Female,43,Marketplace,Business,Digital Wallet,New Year Sale,1.0,91.12,50.0,45.56,63.46,-17.9,5,No,Completed,34,5,435,3633.56,3313.08
ORD-102086,1970-01-01 05:00:45.119,CUST-10129,Usa,North America,Los Angeles,Football,Copa,Female,44,Retail Store,Premium Consumer,Bank Transfer,New Year Sale,2.0,159.24,20.0,254.78,205.93,48.85,5,No,Completed,49,7,801,78182.98,4428.24
ORD-102087,1970-01-01 05:00:45.384,CUST-10231,Uae,Middle East,Sharjah,Basketball,Dame,Female,43,Online Store,Premium Consumer,Cash on Delivery,Summer Sale,1.0,162.3,0.0,162.3,115.56,46.74,2,No,Completed,54,3,433,86957.3,536.3
ORD-102088,1970-01-01 05:00:45.900,CUST-10719,Pakistan,South Asia,Karachi,Training,Everyday,Unisex,43,Mobile App,Business,Cash on Delivery,No Campaign,1.0,71.91,0.0,71.91,32.34,39.57,3,No,Completed,52,4,324,49484.47,3429.85
ORD-102089,1970-01-01 05:00:45.919,CUST-10162,Australia,Oceania,Sydney,Lifestyle,Superstar,Unisex,36,Wholesale,Business,Digital Wallet,Black Friday,1.0,151.95,0.0,151.95,104.12,47.83,4,Yes,Returned,54,4,156,28850.26,535.1
ORD-102090,1970-01-01 05:00:45.509,CUST-10058,Australia,Oceania,Melbourne,Basketball,Dame,Female,38,Wholesale,Consumer,Bank Transfer,New Year Sale,1.0,113.63,5.0,107.95,54.22,53.73,3,No,Completed,47,5,113,77327.92,3769.65
ORD-102091,1970-01-01 05:00:45.873,CUST-10670,Uk,Europe,London,Running,Duramo,Female,38,Wholesale,Business,Cash on Delivery,Summer Sale,1.0,158.84,10.0,142.96,64.95,78.01,3,Yes,Returned,37,4,111,1385.39,3179.37
ORD-102092,1970-01-01 05:00:45.706,CUST-10027,Usa,North America,Chicago,Outdoor,Terrex,Male,45,Online Store,Premium Consumer,Cash on Delivery,Black Friday,1.0,202.34,10.0,182.11,114.81,67.3,4,No,Completed,44,4,986,92440.81,178.36
ORD-102093,1970-01-01 05:00:45.981,CUST-10326,Pakistan,South Asia,Faisalabad,Lifestyle,Gazelle,Male,38,Retail Store,Consumer,Credit Card,Summer Sale,1.0,52.16,0.0,52.16,33.04,19.12,3,No,Completed,49,5,454,86620.4,3036.38
ORD-102094,1970-01-01 05:00:45.007,CUST-10120,Usa,North America,Houston,Football,F50,Female,44,Wholesale,Business,Credit Card,No Campaign,1.0,160.14,10.0,144.13,108.98,35.15,4,Yes,Returned,39,2,768,59654.91498307434,816.77
ORD-102095,1970-01-01 05:00:45.661,CUST-10732,Uae,Middle East,Sharjah,Basketball,Dame,Male,42,Online Store,Business,Bank Transfer,New Year Sale,1.0,177.15,20.0,141.72,115.58,26.14,3,No,Completed,53,3,72,28119.33,797.82
ORD-102096,1970-01-01 05:00:45.602,CUST-10254,Saudi Arabia,Middle East,Jeddah,Outdoor,Terrex,Female,45,Wholesale,Consumer,Bank Transfer,New Year Sale,2.0,131.81,15.0,224.08,167.29,56.79,4,Yes,Returned,47,2,953,3768.07,837.27
ORD-102097,1970-01-01 05:00:45.638,CUST-10628,Australia,Oceania,Melbourne,Basketball,D.O.N. Issue,Male,36,Retail Store,Premium Consumer,Cash on Delivery,No Campaign,3.0,97.22,5.0,277.08,125.62,151.46,5,No,Completed,59,3,192,99982.46,2470.74
ORD-102098,1970-01-01 05:00:45.021,CUST-10304,Pakistan,South Asia,Islamabad,Running,Adizero,Unisex,43,Mobile App,Consumer,Bank Transfer,New Year Sale,2.0,188.76,10.0,339.77,229.11,110.66,4,No,Completed,22,5,474,76326.34,666.05
ORD-102099,1970-01-01 05:00:44.962,CUST-10023,Germany,Europe,Munich,Outdoor,Ridgewalker,Female,44,Online Store,Business,Cash on Delivery,New Year Sale,1.0,179.04,30.0,125.33,80.62,44.71,4,No,Completed,56,2,272,34201.63,715.71
ORD-102100,1970-01-01 05:00:45.811,CUST-10088,Saudi Arabia,Middle East,Jeddah,Training,Everyday,Unisex,36,Wholesale,Premium Consumer,Credit Card,No Campaign,1.0,59.34,0.0,59.34,39.55,19.79,4,No,Completed,64,2,957,2417.56,1355.22
ORD-102101,1970-01-01 05:00:45.258,CUST-10532,India,South Asia,Chennai,Lifestyle,Superstar,Male,36,Online Store,Consumer,Debit Card,Eid Campaign,1.0,152.83,5.0,145.19,95.6,49.59,4,No,Completed,54,5,735,64109.53,104.21
ORD-102102,1970-01-01 05:00:45.024,CUST-10502,Germany,Europe,Berlin,Outdoor,Terrex,Male,44,Marketplace,Premium Consumer,Debit Card,New Year Sale,1.0,196.53,5.0,186.7,118.54,68.16,5,No,Completed,44,5,872,98696.95,1451.37
ORD-102103,1970-01-01 05:00:45.488,CUST-10574,Pakistan,South Asia,Islamabad,Training,Rapidmove,Female,45,Mobile App,Premium Consumer,Debit Card,Black Friday,1.0,66.97,5.0,63.62,27.42,36.2,1,No,Completed,61,2,93,70853.73,3130.2
ORD-102104,1970-01-01 05:00:45.185,CUST-10258,Pakistan,South Asia,Lahore,Training,Powerlift,Female,42,Wholesale,Business,Digital Wallet,Eid Campaign,1.0,42.97,30.0,30.08,28.45,1.63,3,No,Completed,32,3,718,8829.58,3047.7
ORD-102105,1970-01-01 05:00:45.292,CUST-10026,Uae,Middle East,Dubai,Basketball,Own The Game,Male,38,Wholesale,Consumer,Cash on Delivery,Summer Sale,2.0,140.66,15.0,239.12,188.0,51.12,4,No,Completed,27,5,681,40526.7,4850.71
ORD-102106,1970-01-01 05:00:45.827,CUST-10845,Saudi Arabia,Middle East,Riyadh,Outdoor,Agravic,Female,44,Marketplace,Premium Consumer,Digital Wallet,Black Friday,1.0,212.28,0.0,212.28,109.15,103.13,4,No,Completed,43,1,667,11363.75,686.19
ORD-102107,1970-01-01 05:00:45.689,CUST-10153,Uk,Europe,Birmingham,Outdoor,Agravic,Male,43,Marketplace,Consumer,Credit Card,Summer Sale,1.0,170.43,6.55,144.87,92.02,52.85,2,No,Completed,30,3,755,91259.97,4341.3
ORD-102108,1970-01-01 05:00:45.928,CUST-10315,Saudi Arabia,Middle East,Riyadh,Basketball,D.O.N. Issue,Male,44,Marketplace,Business,Cash on Delivery,Summer Sale,1.0,119.43,0.0,119.43,57.2,62.23,3,Yes,Returned,47,4,514,33376.24,2016.83
ORD-102109,1970-01-01 05:00:44.933,CUST-10173,India,South Asia,Mumbai,Football,Predator,Female,40,Retail Store,Consumer,Credit Card,Sports Event,1.0,104.32,10.0,93.89,65.86,28.03,5,No,Completed,56,5,219,73470.96,1996.48
ORD-102110,1970-01-01 05:00:45.875,CUST-10814,Australia,Oceania,Melbourne,Football,X Crazyfast,Male,43,Marketplace,Business,Bank Transfer,Sports Event,4.0,137.79,20.0,440.93,318.72,122.21,5,No,Completed,50,4,4,8926.69,1809.17
ORD-102111,1970-01-01 05:00:45.584,CUST-10017,Saudi Arabia,Middle East,Dammam,Lifestyle,Campus,Unisex,38,Wholesale,Premium Consumer,Debit Card,Summer Sale,1.0,56.53,0.0,56.53,31.22,25.31,1,No,Completed,25,3,193,13277.26,711.21
ORD-102112,1970-01-01 05:00:45.213,CUST-10045,Uk,Europe,Birmingham,Football,Copa,Female,38,Mobile App,Consumer,Bank Transfer,Black Friday,1.0,151.8,13.77,136.62,106.67,29.95,4,No,Completed,35,14,53,68109.02,2444.67
ORD-102113,1970-01-01 05:00:45.845,CUST-10255,Australia,Oceania,Sydney,Basketball,D.O.N. Issue,Male,42,Online Store,Business,Credit Card,Black Friday,2.0,80.38,20.0,128.61,81.32,47.29,3,No,Completed,52,1,933,44024.61629993015,3958.15
ORD-102114,1970-01-01 05:00:45.456,CUST-10558,Uk,Europe,Manchester,Lifestyle,Samba,Female,44,Marketplace,Premium Consumer,Debit Card,Black Friday,2.0,149.03,10.0,268.25,176.52,91.73,4,No,Completed,28,3,975,20544.27,4389.62
ORD-102115,1970-01-01 05:00:45.536,CUST-10441,Saudi Arabia,Middle East,Jeddah,Basketball,Harden,Male,38,Online Store,Premium Consumer,Credit Card,Black Friday,1.0,105.61,0.0,105.61,74.92,30.69,4,No,Completed,63,4,811,42124.56,4818.01
ORD-102116,1970-01-01 05:00:45.335,CUST-10329,Uk,Europe,Manchester,Outdoor,Five Ten,Female,42,Online Store,Premium Consumer,Debit Card,Eid Campaign,1.0,162.74,10.0,146.47,108.14,38.33,3,No,Pending,39,2,208,62131.99,3947.93
ORD-102117,1970-01-01 05:00:45.182,CUST-10478,Pakistan,South Asia,Rawalpindi,Football,X Crazyfast,Male,43,Online Store,Consumer,Debit Card,Summer Sale,4.0,64.71,15.0,220.01,112.42,107.59,5,Yes,Returned,38,4,587,79729.5,3153.15
ORD-102118,1970-01-01 05:00:45.977,CUST-10140,Uae,Middle East,Abu Dhabi,Training,Dropset,Unisex,45,Retail Store,Business,Credit Card,Black Friday,1.0,60.86,10.0,54.77,38.75,16.02,5,No,Completed,46,2,729,63005.56,2537.92
ORD-102119,1970-01-01 05:00:45.329,CUST-10277,Uae,Middle East,Dubai,Training,Rapidmove,Female,45,Mobile App,Consumer,Cash on Delivery,Sports Event,1.0,73.21,5.0,69.55,48.46,21.09,5,No,Completed,39,3,952,9994.88,4387.0
ORD-102120,1970-01-01 05:00:45.177,CUST-10086,India,South Asia,Chennai,Basketball,Harden,Unisex,44,Mobile App,Premium Consumer,Debit Card,Black Friday,1.0,83.05,50.0,41.52,54.3,-12.78,4,No,Completed,35,3,496,54510.52,3723.62
ORD-102121,1970-01-01 05:00:45.134,CUST-10724,Saudi Arabia,Middle East,Dammam,Training,Dropset,Male,38,Marketplace,Premium Consumer,Digital Wallet,Summer Sale,1.0,54.65,20.0,43.72,29.02,14.7,5,No,Completed,60,5,629,88518.36,890.17
ORD-102122,1970-01-01 05:00:45.943,CUST-10538,Uk,Europe,London,Basketball,Own The Game,Unisex,44,Mobile App,Business,Digital Wallet,Summer Sale,2.0,82.47,20.0,131.95,114.08,17.87,2,No,Completed,37,7,454,86868.36,3444.5
ORD-102123,1970-01-01 05:00:45.562,CUST-10686,Usa,North America,Los Angeles,Lifestyle,Samba,Male,43,Retail Store,Business,Bank Transfer,New Year Sale,1.0,130.38,10.0,117.34,53.31,64.03,4,No,Completed,49,2,791,58709.05,2212.09
ORD-102124,1970-01-01 05:00:45.463,CUST-10195,Uk,Europe,Manchester,Training,Rapidmove,Male,36,Online Store,Consumer,Credit Card,New Year Sale,2.0,86.77,10.0,156.19,70.31,85.88,1,No,Completed,47,14,79,99571.77,3019.42
ORD-102125,1970-01-01 05:00:44.961,CUST-10877,Germany,Europe,Hamburg,Training,Powerlift,Male,42,Retail Store,Consumer,Credit Card,New Year Sale,1.0,122.83,20.0,98.26,84.72,13.54,4,No,Pending,33,7,977,10959.81,4501.93
ORD-102126,1970-01-01 05:00:45.515,CUST-10511,Usa,North America,Los Angeles,Outdoor,Agravic,Unisex,38,Mobile App,Premium Consumer,Bank Transfer,No Campaign,1.0,220.38,10.0,198.34,145.6,52.74,4,No,Completed,39,3,698,48120.24,3297.6
ORD-102127,1970-01-01 05:00:45.686,CUST-10281,Uk,Europe,Manchester,Lifestyle,Superstar,Male,45,Marketplace,Premium Consumer,Cash on Delivery,Sports Event,2.0,62.09,5.0,117.97,75.67,42.3,5,No,Completed,41,7,7,77624.8,4699.75
ORD-102128,1970-01-01 05:00:45.988,CUST-10498,Germany,Europe,Hamburg,Lifestyle,Gazelle,Male,36,Retail Store,Consumer,Credit Card,Eid Campaign,1.0,151.65,5.0,144.07,82.75,61.32,5,No,Completed,34,4,90,14533.29,4345.21
ORD-102129,1970-01-01 05:00:45.208,CUST-10064,Australia,Oceania,Melbourne,Outdoor,Terrex,Unisex,45,Retail Store,Business,Bank Transfer,No Campaign,2.0,135.22,5.0,256.92,187.17,69.75,5,No,Completed,44,6,345,97288.6,731.62
ORD-102130,1970-01-01 05:00:45.599,CUST-10471,India,South Asia,Kolkata,Training,Dropset,Unisex,44,Marketplace,Premium Consumer,Credit Card,Black Friday,1.0,60.13,0.0,60.13,42.66,17.47,4,No,Completed,31,7,350,35727.63,157.09
ORD-102131,1970-01-01 05:00:45.254,CUST-10517,Saudi Arabia,Middle East,Dammam,Training,Rapidmove,Female,45,Online Store,Consumer,Debit Card,Sports Event,1.0,48.77,0.0,48.77,23.04,25.73,3,No,Completed,37,6,209,35338.91,1983.62
ORD-102132,1970-01-01 05:00:45.356,CUST-10579,Saudi Arabia,Middle East,Dammam,Outdoor,Terrex,Unisex,42,Mobile App,Business,Credit Card,No Campaign,1.0,181.68,5.0,172.6,83.32,89.28,5,No,Completed,36,3,257,21712.83,4340.12
ORD-102133,1970-01-01 05:00:45.090,CUST-10560,Saudi Arabia,Middle East,Jeddah,Lifestyle,Superstar,Female,36,Online Store,Business,Bank Transfer,Sports Event,2.0,158.78,15.0,269.93,155.92,114.01,5,No,Completed,41,4,40,29157.74,1227.62
ORD-102134,1970-01-01 05:00:45.885,CUST-10870,Uae,Middle East,Sharjah,Running,Duramo,Male,42,Marketplace,Consumer,Bank Transfer,Eid Campaign,2.0,196.06,0.0,392.12,225.11,167.01,4,No,Completed,20,3,726,57970.1,3487.86
ORD-102135,1970-01-01 05:00:45.379,CUST-10639,Usa,North America,Chicago,Lifestyle,Gazelle,Male,42,Wholesale,Business,Credit Card,Sports Event,1.0,98.01,0.0,98.01,40.16,57.85,5,No,Completed,29,4,695,43220.75,2432.38
ORD-102136,1970-01-01 05:00:45.579,CUST-10149,Australia,Oceania,Sydney,Outdoor,Terrex,Male,43,Online Store,Business,Credit Card,No Campaign,1.0,152.45,20.0,121.96,95.8,26.16,4,No,Completed,40,2,303,19741.13,3755.78
ORD-102137,1970-01-01 05:00:44.948,CUST-10760,Saudi Arabia,Middle East,Riyadh,Lifestyle,Samba,Unisex,40,Wholesale,Premium Consumer,Cash on Delivery,Summer Sale,2.0,102.51,10.0,184.52,93.97,90.55,4,No,Completed,37,3,240,81009.42,908.39
ORD-102138,1970-01-01 05:00:45.425,CUST-10400,Germany,Europe,Hamburg,Basketball,D.O.N. Issue,Female,36,Wholesale,Consumer,Bank Transfer,Black Friday,1.0,64.72,15.0,55.01,31.2,23.81,5,No,Completed,54,5,617,6692.81,1271.55
ORD-102139,1970-01-01 05:00:45.014,CUST-10013,India,South Asia,Bangalore,Lifestyle,Samba,Female,38,Retail Store,Premium Consumer,Debit Card,Sports Event,1.0,107.3,5.0,101.93,43.28,58.65,4,No,Completed,37,5,533,83547.95,1288.37
ORD-102140,1970-01-01 05:00:45.069,CUST-10583,Australia,Oceania,Melbourne,Football,F50,Unisex,45,Mobile App,Consumer,Digital Wallet,Eid Campaign,1.0,88.42,30.0,61.89,44.22,17.67,3,No,Completed,40,10,864,27856.4,2787.48
ORD-102141,1970-01-01 05:00:45.371,CUST-10165,Uae,Middle East,Sharjah,Training,Dropset,Female,45,Wholesale,Premium Consumer,Bank Transfer,Summer Sale,1.0,77.61,20.0,62.09,55.71,6.38,3,No,Completed,42,3,244,49842.38,1519.16
ORD-102142,1970-01-01 05:00:45.050,CUST-10468,Saudi Arabia,Middle East,Dammam,Basketball,Harden,Male,42,Wholesale,Premium Consumer,Digital Wallet,No Campaign,2.0,82.14,30.0,115.0,91.54,23.46,4,No,Cancelled,32,4,785,38415.92,4077.44
ORD-102143,1970-01-01 05:00:45.849,CUST-10402,Germany,Europe,Hamburg,Outdoor,Agravic,Male,38,Marketplace,Premium Consumer,Digital Wallet,No Campaign,1.0,229.64,20.0,183.71,164.03,19.68,5,No,Completed,21,4,590,57274.91,1799.29
ORD-102144,1970-01-01 05:00:45.658,CUST-10352,Australia,Oceania,Melbourne,Lifestyle,Gazelle,Male,38,Mobile App,Premium Consumer,Debit Card,Eid Campaign,1.0,101.88,0.0,101.88,44.09,57.79,2,No,Completed,41,2,936,79701.0,3338.17
ORD-102145,1970-01-01 05:00:45.967,CUST-10076,Pakistan,South Asia,Karachi,Outdoor,Ridgewalker,Male,44,Retail Store,Premium Consumer,Credit Card,Summer Sale,1.0,142.6,20.0,114.08,60.42,53.66,4,No,Pending,55,3,834,98937.32,4747.66
ORD-102146,1970-01-01 05:00:45.766,CUST-10778,Usa,North America,New York,Outdoor,Five Ten,Female,42,Marketplace,Consumer,Bank Transfer,No Campaign,1.0,156.96,0.0,156.96,73.57,83.39,4,No,Completed,52,3,303,30952.88,3073.93
ORD-102147,1970-01-01 05:00:45.067,CUST-10419,Usa,North America,Houston,Basketball,Dame,Male,36,Online Store,Business,Digital Wallet,Black Friday,1.0,166.77,10.0,150.09,82.25,67.84,5,No,Completed,45,14,889,55603.54,1286.55
ORD-102148,1970-01-01 05:00:45.765,CUST-10112,Saudi Arabia,Middle East,Jeddah,Basketball,Dame,Male,42,Online Store,Consumer,Debit Card,Sports Event,1.0,97.91,0.0,97.91,40.39,57.52,5,No,Completed,55,10,534,45216.870550185864,4169.24
ORD-102149,1970-01-01 05:00:45.365,CUST-10414,Pakistan,South Asia,Lahore,Football,F50,Female,40,Mobile App,Premium Consumer,Debit Card,Eid Campaign,1.0,79.76,15.0,67.8,56.1,11.7,4,No,Completed,46,5,110,99893.35,161.46
ORD-102150,1970-01-01 05:00:45.466,CUST-10620,Uae,Middle East,Sharjah,Lifestyle,Samba,Female,44,Mobile App,Consumer,Bank Transfer,New Year Sale,1.0,132.04,20.0,105.63,65.07,40.56,4,No,Completed,57,3,129,80986.91,1357.03
ORD-102151,1970-01-01 05:00:45.359,CUST-10874,Saudi Arabia,Middle East,Riyadh,Lifestyle,Campus,Unisex,43,Wholesale,Consumer,Digital Wallet,Eid Campaign,1.0,117.59,15.0,99.95,79.52,20.43,4,No,Completed,38,3,361,40009.84,1998.7
ORD-102152,1970-01-01 05:00:45.282,CUST-10142,Usa,North America,Los Angeles,Basketball,D.O.N. Issue,Unisex,45,Marketplace,Business,Bank Transfer,Eid Campaign,1.0,130.71,15.0,111.1,68.05,43.05,4,No,Completed,21,7,259,47949.47,1060.3
ORD-102153,1970-01-01 05:00:45.156,CUST-10440,Uk,Europe,Birmingham,Basketball,Dame,Male,42,Wholesale,Business,Digital Wallet,No Campaign,2.0,155.99,15.0,265.18,205.51,59.67,5,No,Completed,53,3,665,24972.68,3059.69
ORD-102154,1970-01-01 05:00:45.471,CUST-10659,Australia,Oceania,Sydney,Running,Duramo,Male,43,Wholesale,Business,Credit Card,No Campaign,2.0,105.11,10.0,189.2,103.06,86.14,4,Yes,Returned,55,4,530,75647.11,2834.2
ORD-102155,1970-01-01 05:00:45.342,CUST-10760,Usa,North America,Chicago,Basketball,D.O.N. Issue,Male,45,Wholesale,Consumer,Bank Transfer,Eid Campaign,2.0,153.8,5.0,292.22,171.38,120.84,3,No,Cancelled,59,2,560,84598.57,2091.83
ORD-102156,1970-01-01 05:00:45.834,CUST-10789,Saudi Arabia,Middle East,Dammam,Lifestyle,Superstar,Unisex,42,Wholesale,Consumer,Debit Card,Summer Sale,99.0,153.75,30.0,107.62,96.85,10.77,5,No,Completed,48,10,585,96516.19,1542.46
ORD-102157,1970-01-01 05:00:45.847,CUST-10127,Usa,North America,New York,Basketball,Own The Game,Male,38,Retail Store,Business,Credit Card,New Year Sale,1.0,118.48,20.0,94.78,61.69,33.09,2,No,Completed,30,4,213,56799.98,2226.15
ORD-102158,1970-01-01 05:00:45.641,CUST-10303,Pakistan,South Asia,Karachi,Lifestyle,Samba,Unisex,43,Online Store,Consumer,Bank Transfer,Summer Sale,2.0,76.16,5.0,144.7,96.98,47.72,3,No,Completed,29,2,52,40626.425549195585,1526.89
ORD-102159,1970-01-01 05:00:45.468,CUST-10695,Usa,North America,Houston,Football,Copa,Male,44,Online Store,Business,Debit Card,Summer Sale,1.0,118.24,5.0,112.33,77.62,34.71,3,Yes,Returned,44,5,901,44882.85,1184.17
ORD-102160,1970-01-01 05:00:45.656,CUST-10720,India,South Asia,Chennai,Lifestyle,Samba,Female,38,Online Store,Premium Consumer,Cash on Delivery,No Campaign,1.0,109.62,20.0,87.7,68.74,18.96,4,No,Completed,40,2,189,61108.29,1821.22
ORD-102161,1970-01-01 05:00:45.484,CUST-10553,Pakistan,South Asia,Lahore,Running,Duramo,Male,42,Retail Store,Premium Consumer,Cash on Delivery,Summer Sale,4.0,103.58,10.0,372.89,243.7,129.19,4,No,Completed,48,10,640,35200.53,3051.44
ORD-102162,1970-01-01 05:00:45.560,CUST-10880,India,South Asia,Delhi,Running,Duramo,Unisex,40,Retail Store,Premium Consumer,Bank Transfer,Eid Campaign,1.0,170.69,10.0,153.62,92.05,61.57,4,No,Completed,24,3,490,73900.07,3277.12
ORD-102163,1970-01-01 05:00:45.236,CUST-10387,Pakistan,South Asia,Faisalabad,Lifestyle,Superstar,Female,43,Retail Store,Consumer,Debit Card,Black Friday,1.0,71.63,20.0,57.3,38.79,18.51,5,No,Completed,50,7,143,2758.69,1557.0
ORD-102164,1970-01-01 05:00:45.222,CUST-10371,India,South Asia,Mumbai,Training,Everyday,Female,38,Marketplace,Business,Debit Card,Summer Sale,2.0,139.1,12.03,264.29,182.65,81.64,4,No,Completed,18,4,759,3331.46,4742.25
ORD-102165,1970-01-01 05:00:46.019,CUST-10848,Usa,North America,New York,Running,Ultraboost,Male,42,Marketplace,Premium Consumer,Bank Transfer,Eid Campaign,1.0,126.1,15.0,107.18,81.75,25.43,4,Yes,Returned,44,4,179,71754.03,1383.6
ORD-102166,1970-01-01 05:00:45.367,CUST-10823,India,South Asia,Delhi,Outdoor,Five Ten,Female,36,Retail Store,Business,Digital Wallet,Eid Campaign,1.0,124.94,10.0,112.45,71.29,41.16,5,No,Completed,56,7,518,93102.94,3589.45
ORD-102167,1970-01-01 05:00:44.998,CUST-10065,Uae,Middle East,Dubai,Running,Adizero,Unisex,42,Retail Store,Premium Consumer,Digital Wallet,Sports Event,99.0,135.63,50.0,67.82,93.65,-25.83,5,No,Completed,20,4,855,63408.77,499.25
ORD-102168,1970-01-01 05:00:45.329,CUST-10213,Uae,Middle East,Abu Dhabi,Running,Solarboost,Unisex,36,Online Store,Premium Consumer,Digital Wallet,Eid Campaign,1.0,191.32,0.0,191.32,82.87,108.45,3,No,Completed,61,3,802,72789.57,3357.74
ORD-102169,1970-01-01 05:00:45.123,CUST-10890,Germany,Europe,Munich,Running,Ultraboost,Male,40,Marketplace,Business,Credit Card,No Campaign,1.0,95.09,10.0,85.58,43.43,42.15,3,No,Completed,53,2,717,63713.0827272563,2353.75
ORD-102170,1970-01-01 05:00:45.110,CUST-10471,Australia,Oceania,Sydney,Football,F50,Male,44,Retail Store,Consumer,Credit Card,No Campaign,1.0,127.31,30.0,89.12,63.75,25.37,1,No,Completed,23,2,67,36486.59,2888.63
ORD-102171,1970-01-01 05:00:45.011,CUST-10684,Saudi Arabia,Middle East,Dammam,Lifestyle,Superstar,Unisex,44,Online Store,Business,Digital Wallet,Eid Campaign,2.0,100.75,0.0,201.5,134.28,67.22,4,No,Completed,58,5,872,11257.31,1001.96
ORD-102172,1970-01-01 05:00:44.978,CUST-10810,Uae,Middle East,Abu Dhabi,Football,Predator,Female,44,Mobile App,Consumer,Digital Wallet,No Campaign,4.0,131.69,10.0,474.08,362.99,111.09,3,No,Completed,25,2,654,28585.59964214591,2224.46
ORD-102173,1970-01-01 05:00:45.897,CUST-10268,Uae,Middle East,Dubai,Lifestyle,Samba,Female,44,Marketplace,Consumer,Digital Wallet,No Campaign,1.0,133.51,7.36,133.51,68.43,65.08,3,No,Completed,43,3,107,93887.77,3854.76
ORD-102174,1970-01-01 05:00:45.527,CUST-10654,Uae,Middle East,Dubai,Football,Copa,Male,42,Retail Store,Consumer,Digital Wallet,No Campaign,1.0,153.04,15.0,130.08,79.3,50.78,4,No,Completed,23,3,184,44463.14,3858.72
ORD-102175,1970-01-01 05:00:45.366,CUST-10054,Uae,Middle East,Sharjah,Basketball,Harden,Female,38,Retail Store,Business,Credit Card,New Year Sale,1.0,136.36,15.0,115.91,73.45,42.46,4,No,Completed,38,4,751,22108.38,1264.02
ORD-102176,1970-01-01 05:00:45.898,CUST-10099,Uk,Europe,London,Basketball,Own The Game,Female,36,Retail Store,Business,Debit Card,Eid Campaign,1.0,69.69,5.0,66.21,44.5,21.71,4,No,Completed,18,3,150,89289.26,1827.74
ORD-102177,1970-01-01 05:00:45.387,CUST-10302,Germany,Europe,Berlin,Basketball,D.O.N. Issue,Female,43,Online Store,Business,Digital Wallet,New Year Sale,1.0,143.48,20.0,114.78,63.0,51.78,4,No,Completed,41,5,722,70988.46,118.69
ORD-102178,1970-01-01 05:00:45.201,CUST-10479,Uk,Europe,Manchester,Outdoor,Terrex,Female,42,Wholesale,Business,Cash on Delivery,No Campaign,1.0,190.77,2.27,190.77,77.68,113.09,4,No,Completed,38,2,589,1318.72,540.81
ORD-102179,1970-01-01 05:00:45.143,CUST-10846,Usa,North America,New York,Running,Adizero,Unisex,38,Marketplace,Business,Bank Transfer,No Campaign,1.0,190.98,15.0,162.33,135.91,26.42,4,No,Completed,26,5,474,11218.11,720.98
ORD-102180,1970-01-01 05:00:45.511,CUST-10299,Uae,Middle East,Sharjah,Training,Rapidmove,Unisex,38,Mobile App,Premium Consumer,Digital Wallet,New Year Sale,1.0,99.5,50.0,49.75,70.5,-20.75,5,No,Completed,46,5,739,98328.36,1538.89
ORD-102181,1970-01-01 05:00:45.186,CUST-10225,Usa,North America,Houston,Lifestyle,Superstar,Female,43,Online Store,Consumer,Bank Transfer,New Year Sale,1.0,135.49,20.0,108.39,63.72,44.67,5,No,Completed,19,2,758,4293.75,3819.18
ORD-102182,1970-01-01 05:00:45.457,CUST-10577,Uk,Europe,London,Basketball,Own The Game,Unisex,42,Mobile App,Business,Bank Transfer,No Campaign,1.0,71.26,20.0,57.01,39.31,17.7,3,No,Completed,49,3,892,28614.22,2600.23
ORD-102183,1970-01-01 05:00:45.931,CUST-10724,India,South Asia,Bangalore,Lifestyle,Samba,Unisex,40,Online Store,Premium Consumer,Cash on Delivery,No Campaign,1.0,58.85,0.0,58.85,34.04,24.81,4,No,Completed,53,5,101,55075.39,3983.78
ORD-102184,1970-01-01 05:00:45.731,CUST-10082,Pakistan,South Asia,Rawalpindi,Training,Powerlift,Unisex,40,Retail Store,Premium Consumer,Debit Card,Black Friday,2.0,83.35,10.0,150.03,82.71,67.32,5,No,Completed,46,6,725,18843.38,3799.04
ORD-102185,1970-01-01 05:00:45.480,CUST-10018,Uk,Europe,Manchester,Lifestyle,Superstar,Male,45,Retail Store,Consumer,Debit Card,New Year Sale,1.0,73.83,20.0,59.06,37.4,21.66,3,No,Completed,34,3,138,23589.38,2976.98
ORD-102186,1970-01-01 05:00:45.811,CUST-10111,Usa,North America,Los Angeles,Basketball,Dame,Male,38,Retail Store,Consumer,Debit Card,Summer Sale,1.0,113.63,15.0,96.59,74.29,22.3,4,No,Completed,38,2,387,35620.26,2549.31
ORD-102187,1970-01-01 05:00:44.956,CUST-10588,Australia,Oceania,Melbourne,Outdoor,Ridgewalker,Female,36,Retail Store,Consumer,Credit Card,No Campaign,1.0,112.63,15.0,95.74,60.57,35.17,4,No,Completed,41,7,697,27320.65,4663.47
ORD-102188,1970-01-01 05:00:45.436,CUST-10287,Pakistan,South Asia,Islamabad,Running,Duramo,Unisex,43,Mobile App,Consumer,Bank Transfer,No Campaign,2.0,89.36,0.0,178.72,86.44,92.28,4,No,Completed,39,5,991,80433.94,2889.42
ORD-102189,1970-01-01 05:00:45.175,CUST-10273,Pakistan,South Asia,Rawalpindi,Running,Ultraboost,Male,43,Online Store,Consumer,Bank Transfer,No Campaign,3.0,81.98,5.0,233.64,122.35,111.29,4,No,Completed,62,1,679,50277.31,2465.84
ORD-102190,1970-01-01 05:00:45.408,CUST-10038,Usa,North America,Los Angeles,Lifestyle,Gazelle,Unisex,38,Retail Store,Premium Consumer,Bank Transfer,Sports Event,1.0,151.64,0.0,151.64,97.84,53.8,4,No,Completed,25,7,488,28222.7,4358.69
ORD-102191,1970-01-01 05:00:45.722,CUST-10372,Australia,Oceania,Sydney,Outdoor,Terrex,Unisex,42,Marketplace,Business,Credit Card,New Year Sale,1.0,113.89,20.0,91.11,70.21,20.9,4,No,Completed,40,7,57,31653.06,450.05
ORD-102192,1970-01-01 05:00:45.722,CUST-10890,Usa,North America,Los Angeles,Training,Everyday,Male,36,Online Store,Business,Bank Transfer,New Year Sale,1.0,83.8,15.0,71.23,45.34,25.89,4,No,Completed,21,3,630,4466.56,3314.53
ORD-102193,1970-01-01 05:00:45.437,CUST-10045,Uk,Europe,Manchester,Outdoor,Ridgewalker,Male,38,Retail Store,Premium Consumer,Credit Card,No Campaign,1.0,220.65,50.0,110.32,150.13,-39.81,4,No,Completed,48,1,87,5414.51,653.83
ORD-102194,1970-01-01 05:00:45.683,CUST-10198,India,South Asia,Mumbai,Basketball,D.O.N. Issue,Female,45,Retail Store,Business,Cash on Delivery,Summer Sale,2.0,130.68,20.0,209.09,132.2,76.89,3,No,Completed,60,4,121,71931.8,4117.13
ORD-102195,1970-01-01 05:00:44.951,CUST-10763,Pakistan,South Asia,Rawalpindi,Football,Copa,Female,42,Marketplace,Consumer,Cash on Delivery,Eid Campaign,1.0,164.54,0.0,164.54,97.6,66.94,5,No,Completed,56,7,993,11734.63,3984.06
ORD-102196,1970-01-01 05:00:45.585,CUST-10860,Usa,North America,Houston,Running,Duramo,Unisex,44,Marketplace,Business,Cash on Delivery,Eid Campaign,1.0,115.47,7.66,103.92,60.68,43.24,2,No,Completed,45,2,243,47841.78,2567.64
ORD-102197,1970-01-01 05:00:45.036,CUST-10849,Usa,North America,New York,Training,Powerlift,Male,45,Retail Store,Premium Consumer,Credit Card,Summer Sale,1.0,89.29,20.0,71.43,57.17,14.26,5,No,Completed,60,4,66,84315.38,3339.12
ORD-102198,1970-01-01 05:00:45.209,CUST-10741,India,South Asia,Mumbai,Outdoor,Ridgewalker,Unisex,44,Wholesale,Premium Consumer,Credit Card,Summer Sale,1.0,104.91,0.0,104.91,73.21,31.7,3,No,Completed,64,5,293,37161.12,3885.85
ORD-102199,1970-01-01 05:00:46.014,CUST-10055,Usa,North America,Chicago,Football,Predator,Unisex,38,Mobile App,Premium Consumer,Cash on Delivery,Summer Sale,1.0,126.09,0.0,126.09,77.51,48.58,3,No,Completed,22,2,129,34902.35,2468.19
ORD-102200,1970-01-01 05:00:45.321,CUST-10686,Australia,Oceania,Melbourne,Football,Copa,Female,40,Retail Store,Premium Consumer,Digital Wallet,No Campaign,1.0,107.69,15.0,91.54,62.34,29.2,4,No,Completed,52,4,854,87368.3,4539.19
ORD-102201,1970-01-01 05:00:45.253,CUST-10437,Pakistan,South Asia,Rawalpindi,Basketball,D.O.N. Issue,Male,45,Retail Store,Business,Cash on Delivery,No Campaign,3.0,135.95,0.0,407.85,240.53,167.32,4,No,Completed,46,2,39,86552.61,2241.45
ORD-102202,1970-01-01 05:00:45.069,CUST-10517,India,South Asia,Mumbai,Outdoor,Five Ten,Male,42,Marketplace,Business,Credit Card,Black Friday,1.0,83.28,0.0,83.28,48.98,34.3,4,No,Completed,21,4,211,88073.61,4470.91
ORD-102203,1970-01-01 05:00:45.051,CUST-10119,Usa,North America,Houston,Running,Ultraboost,Unisex,40,Retail Store,Consumer,Cash on Delivery,No Campaign,1.0,107.58,5.0,102.2,49.5,52.7,4,No,Completed,20,3,55,57405.44,2955.45
ORD-102204,1970-01-01 05:00:45.101,CUST-10259,Usa,North America,Los Angeles,Running,Ultraboost,Unisex,42,Wholesale,Consumer,Digital Wallet,No Campaign,1.0,154.18,30.0,107.93,72.87,35.06,2,No,Cancelled,29,3,711,95254.28,2188.59
ORD-102205,1970-01-01 05:00:45.337,CUST-10599,Pakistan,South Asia,Rawalpindi,Running,Adizero,Unisex,43,Online Store,Premium Consumer,Credit Card,Summer Sale,1.0,180.68,10.0,162.61,114.29,48.32,3,No,Completed,40,6,290,81986.91,120.08
ORD-102206,1970-01-01 05:00:46.017,CUST-10628,Pakistan,South Asia,Islamabad,Outdoor,Agravic,Male,44,Mobile App,Premium Consumer,Cash on Delivery,Summer Sale,1.0,87.22,10.0,78.5,52.64,25.86,1,No,Completed,30,3,816,41855.63,1548.22
ORD-102207,1970-01-01 05:00:45.021,CUST-10507,Uk,Europe,Manchester,Basketball,Own The Game,Unisex,40,Retail Store,Premium Consumer,Digital Wallet,Summer Sale,1.0,142.0,10.0,127.8,58.16,69.64,4,No,Completed,45,4,618,63140.74,4352.82
ORD-102208,1970-01-01 05:00:45.146,CUST-10632,Uk,Europe,Birmingham,Training,Dropset,Male,42,Retail Store,Consumer,Cash on Delivery,Eid Campaign,1.0,78.45,20.0,62.76,50.48,12.28,5,No,Completed,49,5,706,65159.21579449206,2200.69
ORD-102209,1970-01-01 05:00:45.934,CUST-10143,Saudi Arabia,Middle East,Riyadh,Outdoor,Agravic,Female,42,Marketplace,Business,Digital Wallet,No Campaign,1.0,172.26,20.0,137.81,87.32,50.49,3,No,Cancelled,24,2,351,55357.55,2165.2
ORD-102210,1970-01-01 05:00:45.261,CUST-10695,Australia,Oceania,Melbourne,Training,Powerlift,Male,40,Mobile App,Business,Debit Card,Eid Campaign,1.0,86.84,0.0,86.84,61.11,25.73,4,No,Completed,35,2,121,26683.33,2498.11
ORD-102211,1970-01-01 05:00:45.783,CUST-10327,Australia,Oceania,Brisbane,Running,Duramo,Male,42,Mobile App,Consumer,Debit Card,Black Friday,2.0,199.6,10.0,359.28,169.08,190.2,4,No,Completed,18,1,94,59123.15785799121,1502.89
ORD-102212,1970-01-01 05:00:45.764,CUST-10766,India,South Asia,Kolkata,Lifestyle,Superstar,Female,45,Marketplace,Business,Cash on Delivery,Eid Campaign,1.0,126.9,0.0,126.9,60.25,66.65,5,No,Cancelled,31,6,427,13008.96,2508.6
ORD-102213,1970-01-01 05:00:45.050,CUST-10231,Australia,Oceania,Brisbane,Running,Adizero,Male,42,Online Store,Consumer,Digital Wallet,No Campaign,1.0,102.12,20.0,81.7,62.45,19.25,5,No,Completed,41,5,798,45823.18314406936,1941.24
ORD-102214,1970-01-01 05:00:45.544,CUST-10230,Uk,Europe,London,Lifestyle,Superstar,Male,42,Marketplace,Premium Consumer,Debit Card,Black Friday,2.0,157.8,30.0,220.92,178.99,41.93,5,No,Completed,31,5,636,48398.34,4556.27
ORD-102215,1970-01-01 05:00:45.701,CUST-10593,Pakistan,South Asia,Rawalpindi,Basketball,Own The Game,Male,38,Retail Store,Consumer,Cash on Delivery,Sports Event,1.0,102.87,0.0,102.87,45.94,56.93,4,No,Completed,27,6,448,60235.27,2863.44
ORD-102216,1970-01-01 05:00:45.262,CUST-10000,Usa,North America,Chicago,Basketball,Dame,Female,40,Online Store,Premium Consumer,Cash on Delivery,Black Friday,2.0,94.48,10.0,170.06,90.47,79.59,3,Yes,Returned,32,5,843,30834.5,4187.34
ORD-102217,1970-01-01 05:00:45.936,CUST-10541,India,South Asia,Mumbai,Running,Ultraboost,Unisex,45,Online Store,Business,Debit Card,Eid Campaign,1.0,123.85,0.0,123.85,70.05,53.8,5,No,Completed,40,1,637,79328.7,3465.68
ORD-102218,1970-01-01 05:00:45.405,CUST-10605,Saudi Arabia,Middle East,Jeddah,Running,Duramo,Male,42,Wholesale,Premium Consumer,Bank Transfer,New Year Sale,1.0,190.21,15.0,161.68,117.69,43.99,5,No,Completed,24,3,913,78141.98216283973,1141.75
ORD-102219,1970-01-01 05:00:46.008,CUST-10084,Uae,Middle East,Sharjah,Outdoor,Terrex,Female,43,Wholesale,Consumer,Digital Wallet,Eid Campaign,1.0,242.89,20.0,194.31,174.42,19.89,4,Yes,Returned,59,1,343,63986.18,4351.56
ORD-102220,1970-01-01 05:00:45.128,CUST-10229,Uk,Europe,London,Running,Solarboost,Male,40,Online Store,Consumer,Cash on Delivery,Black Friday,1.0,90.27,10.0,81.24,46.25,34.99,4,No,Completed,60,1,547,28175.29,527.63
ORD-102221,1970-01-01 05:00:45.095,CUST-10398,Saudi Arabia,Middle East,Dammam,Outdoor,Agravic,Male,42,Online Store,Consumer,Digital Wallet,No Campaign,1.0,147.28,10.0,132.55,68.2,64.35,4,No,Completed,37,3,957,81506.52,2298.33
ORD-102222,1970-01-01 05:00:44.935,CUST-10328,Uk,Europe,London,Lifestyle,Superstar,Female,40,Online Store,Business,Bank Transfer,Eid Campaign,1.0,119.54,30.0,83.68,49.15,34.53,3,No,Pending,20,3,924,62615.31,1271.86
ORD-102223,1970-01-01 05:00:45.261,CUST-10380,Pakistan,South Asia,Lahore,Running,Adizero,Unisex,42,Online Store,Business,Digital Wallet,New Year Sale,1.0,103.22,0.0,103.22,42.27,60.95,5,No,Completed,49,4,728,86303.7,2734.02
ORD-102224,1970-01-01 05:00:45.492,CUST-10877,Pakistan,South Asia,Lahore,Running,Ultraboost,Male,42,Marketplace,Premium Consumer,Credit Card,Summer Sale,1.0,71.74,15.0,60.98,42.85,18.13,4,No,Completed,47,1,918,16415.18,1570.24
ORD-102225,1970-01-01 05:00:45.129,CUST-10640,India,South Asia,Kolkata,Outdoor,Five Ten,Female,45,Mobile App,Consumer,Credit Card,Sports Event,1.0,90.97,15.0,77.32,60.08,17.24,5,Yes,Returned,47,4,2,38376.0,3641.85
ORD-102226,1970-01-01 05:00:45.031,CUST-10606,Usa,North America,Chicago,Football,Copa,Male,44,Mobile App,Business,Cash on Delivery,Black Friday,1.0,129.87,10.0,116.88,66.88,50.0,4,No,Completed,38,1,29,11745.11,4690.9
ORD-102227,1970-01-01 05:00:45.084,CUST-10310,Pakistan,South Asia,Karachi,Outdoor,Terrex,Female,42,Retail Store,Premium Consumer,Bank Transfer,Summer Sale,1.0,84.8,5.0,80.56,48.37,32.19,1,No,Completed,41,3,976,21944.97,3574.54
ORD-102228,1970-01-01 05:00:45.267,CUST-10357,India,South Asia,Kolkata,Running,Duramo,Unisex,44,Wholesale,Business,Credit Card,Eid Campaign,2.0,169.03,10.0,304.25,181.61,122.64,3,No,Completed,29,3,254,39757.48,1841.02
ORD-102229,1970-01-01 05:00:45.391,CUST-10170,Uae,Middle East,Abu Dhabi,Training,Dropset,Male,43,Online Store,Premium Consumer,Credit Card,New Year Sale,1.0,132.39,20.0,105.91,70.18,35.73,5,No,Completed,27,2,44,89510.9,3040.34
ORD-102230,1970-01-01 05:00:45.243,CUST-10748,India,South Asia,Mumbai,Lifestyle,Superstar,Male,43,Marketplace,Premium Consumer,Digital Wallet,No Campaign,1.0,70.41,0.0,70.41,46.94,23.47,4,No,Completed,58,3,176,55925.55,4453.78
ORD-102231,1970-01-01 05:00:45.391,CUST-10263,Saudi Arabia,Middle East,Riyadh,Training,Everyday,Female,43,Wholesale,Consumer,Credit Card,Summer Sale,3.0,87.0,20.0,208.8,126.13,82.67,4,Yes,Returned,29,1,221,33372.64,1423.14
ORD-102232,1970-01-01 05:00:45.677,CUST-10790,Uk,Europe,London,Lifestyle,Samba,Female,45,Online Store,Consumer,Debit Card,Sports Event,2.0,143.02,0.0,286.04,182.32,103.72,4,No,Completed,47,3,624,74816.47,679.2
ORD-102233,1970-01-01 05:00:45.324,CUST-10785,Uk,Europe,London,Outdoor,Agravic,Male,43,Retail Store,Consumer,Credit Card,Eid Campaign,1.0,152.69,0.0,152.69,81.15,71.54,4,Yes,Returned,40,1,121,2458.43,740.74
ORD-102234,1970-01-01 05:00:45.648,CUST-10197,Pakistan,South Asia,Faisalabad,Training,Rapidmove,Female,43,Mobile App,Consumer,Digital Wallet,Eid Campaign,3.0,71.41,11.08,192.81,85.89,106.92,4,Yes,Returned,51,3,274,37324.18,2524.78
ORD-102235,1970-01-01 05:00:45.169,CUST-10895,Germany,Europe,Berlin,Running,Duramo,Unisex,42,Retail Store,Consumer,Cash on Delivery,No Campaign,1.0,129.26,6.99,129.26,80.29,48.97,4,No,Completed,43,1,959,60282.75,3687.47
ORD-102236,1970-01-01 05:00:45.224,CUST-10833,India,South Asia,Chennai,Training,Everyday,Male,36,Mobile App,Consumer,Debit Card,Summer Sale,1.0,63.63,30.0,44.54,38.78,5.76,3,No,Completed,56,10,900,58532.11,3320.56
ORD-102237,1970-01-01 05:00:45.247,CUST-10128,Germany,Europe,Munich,Running,Solarboost,Male,38,Wholesale,Business,Debit Card,New Year Sale,1.0,133.41,0.0,133.41,54.0,79.41,4,No,Completed,24,3,743,60952.01,2324.06
ORD-102238,1970-01-01 05:00:45.957,CUST-10247,Uae,Middle East,Dubai,Basketball,Dame,Male,36,Online Store,Premium Consumer,Credit Card,Sports Event,1.0,166.14,0.0,166.14,91.35,74.79,4,Yes,Returned,51,4,311,21544.33,3673.56
ORD-102239,1970-01-01 05:00:44.958,CUST-10629,Usa,North America,Chicago,Lifestyle,Samba,Male,38,Retail Store,Consumer,Cash on Delivery,No Campaign,1.0,137.21,5.0,130.35,76.6,53.75,5,No,Completed,25,5,417,34039.38,3206.45
ORD-102240,1970-01-01 05:00:45.721,CUST-10259,Usa,North America,Chicago,Training,Everyday,Female,42,Retail Store,Business,Bank Transfer,No Campaign,1.0,50.35,30.0,35.24,24.12,11.12,4,No,Completed,63,4,760,93190.76,3178.33
ORD-102241,1970-01-01 05:00:45.118,CUST-10304,Saudi Arabia,Middle East,Riyadh,Basketball,D.O.N. Issue,Female,36,Online Store,Premium Consumer,Digital Wallet,Eid Campaign,150.0,94.42,20.0,75.54,42.17,33.37,4,No,Completed,45,2,328,97410.57,1091.64
ORD-102242,1970-01-01 05:00:45.962,CUST-10746,Uk,Europe,Birmingham,Football,F50,Female,38,Marketplace,Premium Consumer,Debit Card,New Year Sale,1.0,86.77,0.0,86.77,42.09,44.68,5,No,Completed,40,1,102,31547.82,1631.66
ORD-102243,1970-01-01 05:00:45.207,CUST-10886,Germany,Europe,Munich,Basketball,D.O.N. Issue,Male,44,Mobile App,Premium Consumer,Credit Card,Summer Sale,1.0,147.83,10.0,133.05,103.52,29.53,5,No,Completed,50,4,687,64628.12,1787.68
ORD-102244,1970-01-01 05:00:45.946,CUST-10424,Saudi Arabia,Middle East,Dammam,Lifestyle,Campus,Male,38,Marketplace,Premium Consumer,Debit Card,Eid Campaign,1.0,127.3,5.0,120.93,67.74,53.19,5,No,Completed,22,2,747,24509.03,4060.13
ORD-102245,1970-01-01 05:00:45.256,CUST-10380,Pakistan,South Asia,Karachi,Outdoor,Five Ten,Unisex,43,Online Store,Consumer,Cash on Delivery,Black Friday,2.0,149.21,10.0,268.58,147.75,120.83,4,No,Completed,29,4,281,37168.6,3898.04
ORD-102246,1970-01-01 05:00:45.500,CUST-10414,Usa,North America,Houston,Outdoor,Agravic,Male,38,Retail Store,Consumer,Cash on Delivery,No Campaign,1.0,127.53,9.19,108.4,51.57,56.83,4,No,Completed,56,7,244,79337.3,1338.1
ORD-102247,1970-01-01 05:00:45.870,CUST-10755,Australia,Oceania,Sydney,Running,Ultraboost,Male,45,Mobile App,Consumer,Cash on Delivery,Eid Campaign,1.0,212.16,5.0,201.55,151.34,50.21,4,No,Completed,64,4,132,50367.28,370.25
ORD-102248,1970-01-01 05:00:46.015,CUST-10025,Uk,Europe,Birmingham,Outdoor,Five Ten,Male,44,Online Store,Consumer,Credit Card,No Campaign,1.0,107.16,10.0,96.44,43.13,53.31,4,No,Completed,49,5,855,85034.2,3862.14
ORD-102249,1970-01-01 05:00:46.012,CUST-10733,Germany,Europe,Berlin,Basketball,Harden,Male,44,Marketplace,Consumer,Cash on Delivery,New Year Sale,1.0,162.81,15.0,138.39,104.16,34.23,4,No,Completed,53,2,670,63059.65,2108.34
ORD-102250,1970-01-01 05:00:45.297,CUST-10612,Germany,Europe,Munich,Outdoor,Five Ten,Male,40,Wholesale,Consumer,Cash on Delivery,Black Friday,1.0,149.02,20.0,119.22,63.1,56.12,4,No,Completed,21,1,791,63077.66,1177.04
ORD-102251,1970-01-01 05:00:45.229,CUST-10641,Usa,North America,Houston,Outdoor,Five Ten,Male,45,Wholesale,Premium Consumer,Credit Card,Eid Campaign,1.0,169.29,30.0,118.5,83.03,35.47,3,No,Completed,57,4,340,3871.06,673.38
ORD-102252,1970-01-01 05:00:45.205,CUST-10237,Usa,North America,New York,Training,Everyday,Female,43,Retail Store,Consumer,Digital Wallet,No Campaign,2.0,74.45,10.0,134.01,104.64,29.37,4,No,Completed,47,3,21,75092.2,162.79
ORD-102253,1970-01-01 05:00:45.748,CUST-10437,Saudi Arabia,Middle East,Jeddah,Basketball,Harden,Female,38,Marketplace,Business,Debit Card,Summer Sale,1.0,150.36,15.0,127.81,99.73,28.08,4,No,Completed,57,3,613,97797.72,2195.88
ORD-102254,1970-01-01 05:00:45.033,CUST-10218,Usa,North America,Houston,Outdoor,Five Ten,Unisex,36,Marketplace,Business,Bank Transfer,Eid Campaign,3.0,221.15,5.0,630.28,338.26,292.02,3,No,Completed,41,2,149,47566.34,1764.84
ORD-102255,1970-01-01 05:00:45.612,CUST-10085,Saudi Arabia,Middle East,Jeddah,Football,Predator,Male,44,Online Store,Premium Consumer,Credit Card,Sports Event,1.0,123.17,30.0,86.22,69.39,16.83,5,No,Completed,57,2,980,16278.71,3512.7
ORD-102256,1970-01-01 05:00:45.783,CUST-10830,Uae,Middle East,Sharjah,Training,Powerlift,Male,42,Wholesale,Premium Consumer,Digital Wallet,Black Friday,1.0,72.58,10.0,65.32,43.51,21.81,3,No,Completed,44,10,568,97709.28,4885.66
ORD-102257,1970-01-01 05:00:45.585,CUST-10635,Pakistan,South Asia,Faisalabad,Basketball,Harden,Female,36,Mobile App,Business,Bank Transfer,Eid Campaign,1.0,77.64,10.0,69.88,54.36,15.52,5,Yes,Returned,45,1,669,29367.52,1113.23
ORD-102258,1970-01-01 05:00:45.632,CUST-10446,Australia,Oceania,Melbourne,Outdoor,Agravic,Male,43,Online Store,Business,Credit Card,Summer Sale,1.0,228.54,9.89,182.83,148.85,33.98,1,Yes,Returned,41,3,880,41215.2,1290.88
ORD-102259,1970-01-01 05:00:45.903,CUST-10013,Uk,Europe,London,Football,X Crazyfast,Female,40,Mobile App,Business,Debit Card,No Campaign,1.0,106.98,0.0,106.98,65.66,41.32,4,No,Completed,20,1,814,8197.96,1752.78
ORD-102260,1970-01-01 05:00:45.286,CUST-10686,Pakistan,South Asia,Karachi,Outdoor,Ridgewalker,Female,38,Online Store,Consumer,Digital Wallet,Black Friday,2.0,150.5,5.0,285.95,200.25,85.7,4,No,Completed,62,2,969,11528.27,2383.09
ORD-102261,1970-01-01 05:00:45.934,CUST-10335,Australia,Oceania,Sydney,Training,Dropset,Female,40,Online Store,Premium Consumer,Debit Card,New Year Sale,1.0,90.16,20.0,72.13,55.25,16.88,4,No,Completed,53,7,706,22048.28,3518.72
ORD-102262,1970-01-01 05:00:45.476,CUST-10823,Germany,Europe,Hamburg,Running,Solarboost,Female,45,Retail Store,Consumer,Cash on Delivery,Summer Sale,1.0,81.23,15.0,69.05,46.3,22.75,3,No,Pending,35,2,166,55072.37,1824.95
ORD-102263,1970-01-01 05:00:45.351,CUST-10153,India,South Asia,Kolkata,Training,Dropset,Male,40,Online Store,Consumer,Digital Wallet,New Year Sale,0.0,90.37,10.0,81.33,43.96,37.37,5,No,Completed,57,4,988,56000.03,610.58
ORD-102264,1970-01-01 05:00:45.304,CUST-10530,Pakistan,South Asia,Faisalabad,Running,Solarboost,Female,44,Online Store,Consumer,Digital Wallet,New Year Sale,1.0,214.13,30.0,149.89,150.36,-0.47,5,No,Completed,31,3,344,60821.26,3678.67
ORD-102265,1970-01-01 05:00:45.878,CUST-10041,Pakistan,South Asia,Lahore,Running,Duramo,Male,38,Mobile App,Consumer,Digital Wallet,No Campaign,1.0,93.21,0.0,93.21,58.71,34.5,5,No,Completed,46,4,705,58589.79,3993.74
ORD-102266,1970-01-01 05:00:44.994,CUST-10822,Germany,Europe,Munich,Outdoor,Terrex,Unisex,42,Retail Store,Consumer,Digital Wallet,No Campaign,1.0,129.12,10.0,116.21,69.16,47.05,5,No,Completed,62,3,460,49776.08,1313.48
ORD-102267,1970-01-01 05:00:45.698,CUST-10699,Uae,Middle East,Sharjah,Basketball,Dame,Male,38,Mobile App,Consumer,Bank Transfer,Black Friday,2.0,97.39,30.0,136.35,84.72,51.63,4,No,Cancelled,46,3,858,80308.82,770.11
ORD-102268,1970-01-01 05:00:44.937,CUST-10213,Australia,Oceania,Brisbane,Training,Powerlift,Male,36,Mobile App,Premium Consumer,Cash on Delivery,No Campaign,1.0,68.78,0.0,68.78,42.99,25.79,4,No,Completed,63,1,924,93423.02,2686.23
ORD-102269,1970-01-01 05:00:45.149,CUST-10663,Uae,Middle East,Sharjah,Basketball,Dame,Unisex,42,Wholesale,Consumer,Debit Card,Eid Campaign,1.0,61.83,15.0,52.56,27.34,25.22,4,No,Completed,36,2,909,27341.25,1120.74
ORD-102270,1970-01-01 05:00:45.105,CUST-10766,Uae,Middle East,Dubai,Training,Powerlift,Unisex,38,Mobile App,Consumer,Cash on Delivery,Sports Event,1.0,83.86,20.0,67.09,46.99,20.1,3,No,Completed,49,3,259,13454.27,1933.4
ORD-102271,1970-01-01 05:00:45.048,CUST-10206,Pakistan,South Asia,Karachi,Basketball,Own The Game,Female,43,Mobile App,Premium Consumer,Cash on Delivery,Summer Sale,1.0,104.18,10.0,93.76,44.23,49.53,4,No,Completed,57,4,199,42796.19,3909.07
ORD-102272,1970-01-01 05:00:45.655,CUST-10482,Australia,Oceania,Sydney,Football,Copa,Unisex,44,Marketplace,Business,Bank Transfer,Black Friday,1.0,61.55,10.0,55.4,35.42,19.98,5,No,Cancelled,54,7,4,3129.03,1176.07
ORD-102273,1970-01-01 05:00:45.962,CUST-10114,Pakistan,South Asia,Rawalpindi,Training,Dropset,Female,44,Online Store,Premium Consumer,Digital Wallet,Black Friday,1.0,51.63,0.0,51.63,24.6,27.03,5,Yes,Returned,39,1,299,88390.23,4050.67
ORD-102274,1970-01-01 05:00:45.018,CUST-10329,Usa,North America,New York,Running,Adizero,Unisex,38,Wholesale,Consumer,Bank Transfer,No Campaign,2.0,95.52,5.0,181.49,104.2,77.29,5,Yes,Returned,56,5,602,24350.77,3402.7
ORD-102275,1970-01-01 05:00:45.687,CUST-10573,Uae,Middle East,Abu Dhabi,Football,Predator,Male,36,Marketplace,Premium Consumer,Bank Transfer,New Year Sale,1.0,118.22,5.0,112.31,74.76,37.55,5,No,Completed,28,1,535,55155.01,1176.66
ORD-102276,1970-01-01 05:00:45.282,CUST-10288,Pakistan,South Asia,Karachi,Lifestyle,Gazelle,Female,42,Retail Store,Consumer,Debit Card,No Campaign,1.0,126.5,10.0,113.85,70.85,43.0,5,No,Completed,59,1,235,11951.95,2679.38
ORD-102277,1970-01-01 05:00:45.064,CUST-10253,Uae,Middle East,Dubai,Football,Copa,Male,42,Marketplace,Premium Consumer,Credit Card,No Campaign,1.0,175.65,0.0,175.65,109.99,65.66,4,No,Completed,64,4,746,55549.11,3108.95
ORD-102278,1970-01-01 05:00:45.599,CUST-10628,Saudi Arabia,Middle East,Dammam,Basketball,Dame,Unisex,36,Retail Store,Premium Consumer,Bank Transfer,New Year Sale,1.0,115.36,14.35,103.82,82.92,20.9,5,No,Completed,22,6,737,4379.85,1081.35
ORD-102279,1970-01-01 05:00:45.323,CUST-10531,Uk,Europe,London,Outdoor,Ridgewalker,Male,40,Marketplace,Consumer,Digital Wallet,Summer Sale,3.0,199.55,20.0,478.92,420.29,58.63,3,No,Completed,53,3,539,76996.27,810.25
ORD-102280,1970-01-01 05:00:44.981,CUST-10582,Usa,North America,Houston,Football,Predator,Unisex,45,Retail Store,Consumer,Debit Card,Black Friday,1.0,102.91,30.0,72.04,64.84,7.2,4,No,Completed,55,3,151,95564.44,2702.72
ORD-102281,1970-01-01 05:00:45.044,CUST-10179,Uk,Europe,Manchester,Running,Adizero,Female,43,Marketplace,Business,Bank Transfer,New Year Sale,1.0,113.69,10.0,102.32,53.26,49.06,3,No,Completed,24,4,895,31044.12,3499.82
ORD-102282,1970-01-01 05:00:45.219,CUST-10023,Uae,Middle East,Dubai,Running,Ultraboost,Female,43,Retail Store,Consumer,Digital Wallet,Eid Campaign,3.0,164.86,0.0,494.58,271.4,223.18,2,No,Completed,22,2,245,26192.35,2378.84
ORD-102283,1970-01-01 05:00:45.496,CUST-10819,Uk,Europe,London,Lifestyle,Campus,Male,36,Mobile App,Consumer,Bank Transfer,Black Friday,1.0,90.13,10.0,81.12,64.13,16.99,1,No,Completed,33,6,4,52462.22593498577,443.19
ORD-102284,1970-01-01 05:00:45.844,CUST-10206,India,South Asia,Bangalore,Lifestyle,Gazelle,Unisex,38,Wholesale,Consumer,Debit Card,Eid Campaign,2.0,73.24,5.0,139.16,73.23,65.93,5,No,Completed,58,2,12,62187.38,4633.54
ORD-102285,1970-01-01 05:00:45.131,CUST-10349,Australia,Oceania,Melbourne,Running,Adizero,Female,42,Mobile App,Consumer,Digital Wallet,No Campaign,1.0,155.75,5.0,147.96,84.78,63.18,1,No,Cancelled,40,5,977,19301.76,3505.33
ORD-102286,1970-01-01 05:00:45.968,CUST-10084,Australia,Oceania,Brisbane,Basketball,Harden,Female,44,Mobile App,Consumer,Debit Card,Sports Event,2.0,119.48,20.0,191.17,137.4,53.77,5,No,Completed,41,3,566,80429.15,3143.86
ORD-102287,1970-01-01 05:00:45.173,CUST-10098,Pakistan,South Asia,Faisalabad,Lifestyle,Superstar,Male,36,Online Store,Business,Bank Transfer,Summer Sale,2.0,55.53,0.0,111.06,45.29,65.77,4,No,Completed,59,4,464,20254.21,3253.77
ORD-102288,1970-01-01 05:00:45.480,CUST-10766,Uk,Europe,London,Basketball,Harden,Male,40,Online Store,Consumer,Cash on Delivery,Sports Event,1.0,126.6,0.0,126.6,57.66,68.94,4,No,Completed,41,2,285,1044.68,2053.17
ORD-102289,1970-01-01 05:00:44.947,CUST-10569,Saudi Arabia,Middle East,Jeddah,Basketball,Dame,Male,44,Retail Store,Business,Debit Card,No Campaign,2.0,97.12,0.0,194.24,136.08,58.16,4,No,Completed,51,2,613,52662.93,4923.56
ORD-102290,1970-01-01 05:00:45.028,CUST-10376,India,South Asia,Kolkata,Basketball,Harden,Female,38,Wholesale,Premium Consumer,Debit Card,Black Friday,2.0,163.91,15.0,278.65,162.64,116.01,5,Yes,Returned,49,7,338,11957.4,750.13
ORD-102291,1970-01-01 05:00:45.693,CUST-10631,Australia,Oceania,Brisbane,Lifestyle,Gazelle,Unisex,44,Retail Store,Consumer,Credit Card,New Year Sale,1.0,138.93,10.0,125.04,65.97,59.07,3,No,Completed,35,4,213,69974.75,3721.79
ORD-102292,1970-01-01 05:00:45.585,CUST-10433,Saudi Arabia,Middle East,Dammam,Outdoor,Agravic,Unisex,38,Wholesale,Consumer,Credit Card,Black Friday,1.0,132.53,20.0,106.02,92.93,13.09,4,No,Completed,36,1,944,17163.26,2162.29
ORD-102293,1970-01-01 05:00:45.810,CUST-10627,Australia,Oceania,Melbourne,Training,Dropset,Male,43,Wholesale,Consumer,Debit Card,No Campaign,1.0,44.41,0.0,44.41,18.95,25.46,4,No,Completed,21,5,112,81829.35,4417.37
ORD-102294,1970-01-01 05:00:45.652,CUST-10649,Uae,Middle East,Dubai,Lifestyle,Superstar,Female,36,Retail Store,Premium Consumer,Digital Wallet,Sports Event,1.0,146.85,10.0,132.16,92.41,39.75,4,No,Completed,49,4,337,47301.63,3614.58
ORD-102295,1970-01-01 05:00:45.044,CUST-10229,Uk,Europe,Birmingham,Training,Everyday,Female,45,Marketplace,Business,Bank Transfer,New Year Sale,1.0,133.28,20.0,106.62,65.59,41.03,4,No,Completed,58,3,89,56844.65,2855.04
ORD-102296,1970-01-01 05:00:45.583,CUST-10272,Saudi Arabia,Middle East,Dammam,Outdoor,Ridgewalker,Female,38,Retail Store,Premium Consumer,Debit Card,No Campaign,1.0,209.88,0.0,209.88,116.54,93.34,4,No,Completed,20,3,782,19065.22,4694.7
ORD-102297,1970-01-01 05:00:45.183,CUST-10474,Uk,Europe,Birmingham,Training,Rapidmove,Unisex,40,Marketplace,Premium Consumer,Debit Card,Sports Event,2.0,66.97,0.0,133.94,76.29,57.65,3,Yes,Returned,61,3,758,15095.46,4570.97
ORD-102298,1970-01-01 05:00:45.091,CUST-10537,Germany,Europe,Hamburg,Outdoor,Agravic,Female,40,Wholesale,Consumer,Debit Card,Summer Sale,1.0,94.48,7.8,85.03,58.32,26.71,4,No,Completed,60,3,475,63313.6,356.44
ORD-102299,1970-01-01 05:00:46.019,CUST-10035,Germany,Europe,Berlin,Running,Ultraboost,Female,38,Retail Store,Premium Consumer,Digital Wallet,Summer Sale,1.0,218.76,0.0,218.76,108.38,110.38,2,No,Completed,47,14,29,25918.33,1043.68
ORD-102300,1970-01-01 05:00:45.296,CUST-10342,Usa,North America,New York,Football,Copa,Male,40,Retail Store,Consumer,Cash on Delivery,No Campaign,1.0,85.64,10.0,77.08,35.12,41.96,4,No,Completed,33,4,539,55474.18369127668,3412.63
ORD-102301,1970-01-01 05:00:44.950,CUST-10074,Uk,Europe,London,Lifestyle,Gazelle,Unisex,43,Mobile App,Consumer,Digital Wallet,No Campaign,1.0,83.95,10.0,75.56,55.81,19.75,4,No,Completed,37,3,467,48205.19,4617.01
ORD-102302,1970-01-01 05:00:44.927,CUST-10358,Uae,Middle East,Abu Dhabi,Training,Rapidmove,Female,36,Wholesale,Premium Consumer,Digital Wallet,Summer Sale,2.0,85.64,0.0,171.28,80.59,90.69,4,No,Completed,58,4,387,23348.54,2208.62
ORD-102303,1970-01-01 05:00:45.510,CUST-10525,Uae,Middle East,Sharjah,Running,Duramo,Male,36,Retail Store,Business,Credit Card,No Campaign,4.0,127.57,0.0,510.28,290.06,220.22,4,No,Completed,53,4,579,79644.67,287.7
ORD-102304,1970-01-01 05:00:45.430,CUST-10093,India,South Asia,Bangalore,Lifestyle,Gazelle,Male,38,Wholesale,Consumer,Debit Card,No Campaign,1.0,149.63,50.0,74.82,67.32,7.5,4,No,Completed,24,1,356,93972.73,3252.16
ORD-102305,1970-01-01 05:00:45.104,CUST-10269,Uk,Europe,Birmingham,Training,Dropset,Male,43,Online Store,Business,Credit Card,Eid Campaign,2.0,147.11,10.0,264.8,138.54,126.26,2,No,Completed,50,4,654,43473.37,1053.97
ORD-102306,1970-01-01 05:00:45.871,CUST-10447,Pakistan,South Asia,Rawalpindi,Lifestyle,Gazelle,Unisex,36,Marketplace,Premium Consumer,Cash on Delivery,Eid Campaign,1.0,135.64,10.0,122.08,97.3,24.78,4,No,Completed,55,4,545,91796.06,2806.38
ORD-102307,1970-01-01 05:00:45.039,CUST-10020,India,South Asia,Chennai,Outdoor,Five Ten,Female,40,Mobile App,Premium Consumer,Debit Card,Sports Event,1.0,113.61,15.0,96.57,73.43,23.14,5,No,Completed,26,2,458,49890.60818758013,1984.95
ORD-102308,1970-01-01 05:00:45.593,CUST-10336,Germany,Europe,Berlin,Running,Ultraboost,Female,40,Retail Store,Premium Consumer,Digital Wallet,No Campaign,1.0,195.78,30.0,137.05,109.07,27.98,1,No,Completed,54,4,470,17021.7,2834.33
ORD-102309,1970-01-01 05:00:45.383,CUST-10566,Australia,Oceania,Sydney,Training,Powerlift,Male,42,Retail Store,Premium Consumer,Credit Card,No Campaign,2.0,141.58,20.0,226.53,174.13,52.4,1,No,Completed,31,2,866,17751.5,4668.94
ORD-102310,1970-01-01 05:00:45.818,CUST-10151,Uk,Europe,Manchester,Basketball,D.O.N. Issue,Male,42,Online Store,Premium Consumer,Cash on Delivery,Black Friday,2.0,62.64,15.0,106.49,52.78,53.71,1,No,Completed,18,5,938,48001.8,2480.42
ORD-102311,1970-01-01 05:00:45.868,CUST-10201,Uk,Europe,London,Running,Adizero,Female,44,Mobile App,Business,Cash on Delivery,Eid Campaign,1.0,89.98,0.0,89.98,39.08,50.9,4,No,Completed,38,10,226,52822.79,269.19
ORD-102312,1970-01-01 05:00:45.353,CUST-10170,Usa,North America,Chicago,Running,Duramo,Unisex,44,Retail Store,Business,Credit Card,Black Friday,2.0,175.12,30.0,245.17,239.93,5.24,3,No,Completed,54,3,714,34442.41,2946.5
ORD-102313,1970-01-01 05:00:45.598,CUST-10537,Usa,North America,Chicago,Running,Duramo,Male,45,Wholesale,Premium Consumer,Credit Card,No Campaign,1.0,208.25,15.0,177.01,106.97,70.04,5,No,Completed,54,3,572,31635.64,1696.15
ORD-102314,1970-01-01 05:00:45.280,CUST-10629,Australia,Oceania,Melbourne,Lifestyle,Gazelle,Unisex,40,Online Store,Consumer,Cash on Delivery,New Year Sale,1.0,130.87,0.0,130.87,58.6,72.27,4,No,Completed,56,4,190,43421.05,3912.86
ORD-102315,1970-01-01 05:00:45.473,CUST-10008,Saudi Arabia,Middle East,Jeddah,Training,Everyday,Male,44,Retail Store,Consumer,Cash on Delivery,Black Friday,1.0,88.12,14.81,74.9,55.95,18.95,3,No,Completed,44,5,1,69202.69,2402.65
ORD-102316,1970-01-01 05:00:45.953,CUST-10428,Usa,North America,Houston,Basketball,Harden,Male,44,Mobile App,Business,Credit Card,Summer Sale,1.0,175.77,15.0,149.4,94.12,55.28,4,No,Cancelled,64,7,117,8897.17,3732.72
ORD-102317,1970-01-01 05:00:45.388,CUST-10742,Germany,Europe,Munich,Basketball,Dame,Male,43,Wholesale,Business,Credit Card,Black Friday,1.0,159.86,20.0,127.89,77.33,50.56,4,No,Completed,54,1,307,71202.91,4553.22
ORD-102318,1970-01-01 05:00:45.983,CUST-10105,Australia,Oceania,Melbourne,Football,X Crazyfast,Unisex,44,Online Store,Business,Credit Card,No Campaign,1.0,157.06,10.0,141.35,96.77,44.58,5,No,Completed,64,4,563,92660.91,1875.14
ORD-102319,1970-01-01 05:00:45.567,CUST-10308,Germany,Europe,Munich,Football,Copa,Unisex,44,Retail Store,Consumer,Digital Wallet,Sports Event,1.0,165.76,10.0,149.18,113.64,35.54,5,No,Cancelled,23,2,14,76468.92,4947.95
ORD-102320,1970-01-01 05:00:44.959,CUST-10424,Uk,Europe,London,Football,Copa,Unisex,42,Mobile App,Business,Credit Card,Black Friday,1.0,113.06,20.0,90.45,66.35,24.1,5,No,Completed,32,5,423,37895.513811554825,834.08
ORD-102321,1970-01-01 05:00:45.927,CUST-10016,Usa,North America,Houston,Running,Solarboost,Unisex,38,Marketplace,Consumer,Digital Wallet,New Year Sale,1.0,121.25,10.0,109.12,77.5,31.62,3,No,Completed,41,6,795,9204.38,3255.27
ORD-102322,1970-01-01 05:00:45.863,CUST-10199,Uk,Europe,London,Basketball,Harden,Female,43,Online Store,Business,Digital Wallet,Sports Event,1.0,156.85,0.0,156.85,92.43,64.42,5,No,Completed,35,6,478,49292.85,270.36
ORD-102323,1970-01-01 05:00:45.775,CUST-10694,Germany,Europe,Munich,Training,Everyday,Male,43,Retail Store,Premium Consumer,Bank Transfer,No Campaign,1.0,41.33,10.0,37.2,28.97,8.23,5,No,Cancelled,29,4,95,95662.41,1143.98
ORD-102324,1970-01-01 05:00:45.105,CUST-10602,Germany,Europe,Hamburg,Outdoor,Agravic,Female,45,Wholesale,Business,Credit Card,No Campaign,2.0,125.17,20.0,200.27,165.08,35.19,4,No,Completed,46,3,609,81996.4,3205.52
ORD-102325,1970-01-01 05:00:45.268,CUST-10102,Uae,Middle East,Sharjah,Training,Rapidmove,Male,36,Wholesale,Premium Consumer,Cash on Delivery,No Campaign,1.0,80.33,20.0,64.26,49.22,15.04,4,No,Cancelled,41,6,54,56492.0,326.34
ORD-102326,1970-01-01 05:00:44.968,CUST-10824,Australia,Oceania,Melbourne,Outdoor,Five Ten,Male,42,Mobile App,Premium Consumer,Credit Card,Black Friday,1.0,83.47,0.0,83.47,49.0,34.47,3,No,Completed,28,4,945,14726.65,598.76
ORD-102327,1970-01-01 05:00:45.836,CUST-10389,Pakistan,South Asia,Islamabad,Football,X Crazyfast,Female,45,Retail Store,Consumer,Credit Card,Eid Campaign,1.0,167.96,5.0,159.56,82.4,77.16,3,No,Completed,34,2,277,71526.76,1525.95
ORD-102328,1970-01-01 05:00:45.359,CUST-10021,Australia,Oceania,Sydney,Outdoor,Five Ten,Female,44,Online Store,Business,Debit Card,Summer Sale,1.0,212.12,0.0,212.12,88.34,123.78,3,Yes,Returned,58,7,412,81393.32,2920.62
ORD-102329,1970-01-01 05:00:45.900,CUST-10432,Uae,Middle East,Dubai,Training,Rapidmove,Unisex,44,Online Store,Business,Credit Card,New Year Sale,1.0,62.8,15.0,53.38,27.61,25.77,5,No,Cancelled,54,3,244,93539.38,178.31
ORD-102330,1970-01-01 05:00:45.600,CUST-10683,Australia,Oceania,Sydney,Lifestyle,Superstar,Unisex,42,Wholesale,Consumer,Digital Wallet,Eid Campaign,1.0,76.93,10.0,69.24,31.47,37.77,4,No,Completed,23,4,839,61405.57,2463.54
ORD-102331,1970-01-01 05:00:45.345,CUST-10230,Saudi Arabia,Middle East,Jeddah,Lifestyle,Superstar,Unisex,40,Wholesale,Business,Bank Transfer,New Year Sale,1.0,155.57,5.0,147.79,110.72,37.07,5,No,Completed,21,2,981,51689.35,3166.14
ORD-102332,1970-01-01 05:00:45.571,CUST-10451,Australia,Oceania,Brisbane,Training,Dropset,Female,36,Marketplace,Business,Debit Card,Summer Sale,1.0,121.9,0.0,121.9,51.34,70.56,5,No,Pending,27,2,395,62108.61,2072.36
ORD-102333,1970-01-01 05:00:45.047,CUST-10839,India,South Asia,Bangalore,Outdoor,Five Ten,Unisex,45,Mobile App,Business,Credit Card,New Year Sale,-1.0,155.23,50.0,77.61,65.05,12.56,4,No,Completed,51,4,470,94353.62,431.44
ORD-102334,1970-01-01 05:00:44.987,CUST-10493,Usa,North America,Houston,Outdoor,Five Ten,Male,42,Retail Store,Consumer,Credit Card,Eid Campaign,1.0,152.3,15.0,129.46,100.91,28.55,3,No,Completed,64,4,37,62998.65,3093.29
ORD-102335,1970-01-01 05:00:45.898,CUST-10780,Uae,Middle East,Dubai,Lifestyle,Samba,Unisex,40,Wholesale,Business,Credit Card,Sports Event,1.0,79.64,30.0,55.75,54.75,1.0,3,No,Completed,51,3,631,26130.39,3068.59
ORD-102336,1970-01-01 05:00:45.242,CUST-10245,Uae,Middle East,Abu Dhabi,Training,Dropset,Unisex,42,Retail Store,Consumer,Digital Wallet,No Campaign,1.0,115.22,10.0,103.7,68.72,34.98,2,No,Completed,48,3,769,63797.07,2579.61
ORD-102337,1970-01-01 05:00:46.020,CUST-10448,Australia,Oceania,Sydney,Outdoor,Terrex,Female,38,Retail Store,Premium Consumer,Bank Transfer,Black Friday,1.0,114.58,15.0,97.39,49.4,47.99,3,No,Completed,24,3,139,88034.58,3496.41
ORD-102338,1970-01-01 05:00:45.407,CUST-10028,Uae,Middle East,Dubai,Running,Adizero,Unisex,42,Marketplace,Premium Consumer,Bank Transfer,No Campaign,1.0,95.63,0.0,95.63,59.91,35.72,5,No,Completed,49,5,182,56916.7,1118.23
ORD-102339,1970-01-01 05:00:45.661,CUST-10061,Pakistan,South Asia,Rawalpindi,Running,Solarboost,Unisex,43,Mobile App,Consumer,Digital Wallet,New Year Sale,1.0,203.83,20.0,163.06,136.62,26.44,5,No,Completed,35,3,212,50518.53,3424.85
ORD-102340,1970-01-01 05:00:45.826,CUST-10493,Uae,Middle East,Dubai,Running,Solarboost,Male,42,Marketplace,Business,Bank Transfer,No Campaign,1.0,178.84,10.0,160.96,124.96,36.0,4,No,Completed,61,7,125,73470.24,891.13
ORD-102341,1970-01-01 05:00:45.429,CUST-10031,Uk,Europe,London,Football,Copa,Unisex,40,Online Store,Premium Consumer,Bank Transfer,No Campaign,1.0,167.61,15.0,142.47,105.93,36.54,5,No,Completed,59,2,139,66268.38,2024.2
ORD-102342,1970-01-01 05:00:45.718,CUST-10515,Usa,North America,Houston,Training,Dropset,Unisex,44,Retail Store,Business,Credit Card,Black Friday,1.0,73.03,12.37,65.73,51.4,14.33,5,No,Completed,43,7,620,6140.42,431.08
ORD-102343,1970-01-01 05:00:45.444,CUST-10486,Pakistan,South Asia,Rawalpindi,Running,Duramo,Unisex,40,Wholesale,Consumer,Cash on Delivery,No Campaign,1.0,98.09,10.0,88.28,43.65,44.63,5,No,Completed,45,4,478,70761.30691970683,4113.72
ORD-102344,1970-01-01 05:00:45.161,CUST-10681,Saudi Arabia,Middle East,Jeddah,Training,Dropset,Male,40,Mobile App,Business,Cash on Delivery,No Campaign,2.0,84.09,10.0,151.36,104.24,47.12,4,Yes,Returned,56,3,520,41051.17,2737.34
ORD-102345,1970-01-01 05:00:44.990,CUST-10030,Australia,Oceania,Brisbane,Running,Adizero,Unisex,45,Online Store,Business,Credit Card,Eid Campaign,1.0,123.21,30.0,86.25,49.65,36.6,3,No,Completed,39,1,462,94119.38,4858.14
ORD-102346,1970-01-01 05:00:46.009,CUST-10843,Uae,Middle East,Dubai,Training,Powerlift,Unisex,43,Wholesale,Consumer,Cash on Delivery,Black Friday,1.0,139.32,30.0,97.52,80.1,17.42,4,No,Completed,43,5,31,97094.9,4717.4
ORD-102347,1970-01-01 05:00:45.864,CUST-10438,Germany,Europe,Berlin,Running,Ultraboost,Unisex,38,Wholesale,Premium Consumer,Bank Transfer,Summer Sale,2.0,160.69,15.0,273.17,218.71,54.46,5,Yes,Returned,46,10,234,45149.51,4992.95
ORD-102348,1970-01-01 05:00:45.108,CUST-10645,Australia,Oceania,Sydney,Outdoor,Agravic,Female,45,Online Store,Premium Consumer,Bank Transfer,Sports Event,2.0,177.08,0.0,354.16,164.39,189.77,5,No,Completed,53,14,72,96895.09,596.2
ORD-102349,1970-01-01 05:00:45.152,CUST-10798,India,South Asia,Mumbai,Outdoor,Five Ten,Female,43,Mobile App,Consumer,Credit Card,New Year Sale,2.0,109.94,15.0,186.9,101.94,84.96,4,No,Completed,45,3,471,31426.64,3072.24
ORD-102350,1970-01-01 05:00:44.961,CUST-10438,Pakistan,South Asia,Karachi,Lifestyle,Gazelle,Unisex,38,Mobile App,Consumer,Debit Card,Eid Campaign,1.0,90.8,10.0,81.72,64.03,17.69,5,No,Completed,54,1,647,68423.12,2097.12
ORD-102351,1970-01-01 05:00:45.501,CUST-10375,Saudi Arabia,Middle East,Jeddah,Outdoor,Agravic,Male,42,Wholesale,Premium Consumer,Debit Card,Sports Event,1.0,248.69,4.8,236.26,118.79,117.47,4,No,Cancelled,37,3,765,7967.94,2710.06
ORD-102352,1970-01-01 05:00:44.939,CUST-10512,Uk,Europe,London,Basketball,Own The Game,Male,36,Marketplace,Business,Debit Card,Black Friday,1.0,100.17,20.0,80.14,68.11,12.03,5,No,Completed,57,3,627,14926.44,1612.96
ORD-102353,1970-01-01 05:00:45.367,CUST-10259,Uae,Middle East,Abu Dhabi,Outdoor,Agravic,Unisex,38,Wholesale,Consumer,Debit Card,Summer Sale,2.0,124.52,10.0,224.14,111.7,112.44,5,No,Completed,61,2,667,86520.33,335.54
ORD-102354,1970-01-01 05:00:44.945,CUST-10551,Australia,Oceania,Sydney,Basketball,Harden,Unisex,44,Wholesale,Premium Consumer,Digital Wallet,Sports Event,1.0,87.88,0.0,87.88,44.55,43.33,4,No,Completed,61,4,951,89431.51,3567.98
ORD-102355,1970-01-01 05:00:45.846,CUST-10541,Pakistan,South Asia,Lahore,Football,F50,Male,38,Retail Store,Premium Consumer,Cash on Delivery,Summer Sale,2.0,170.83,30.0,239.16,178.02,61.14,2,No,Completed,60,4,593,53494.81,4832.5
ORD-102356,1970-01-01 05:00:45.653,CUST-10708,Uk,Europe,London,Running,Solarboost,Unisex,43,Marketplace,Business,Credit Card,Sports Event,1.0,163.18,3.98,163.18,77.55,85.63,4,No,Completed,21,5,618,34307.46,2708.67
ORD-102357,1970-01-01 05:00:44.960,CUST-10144,Australia,Oceania,Sydney,Basketball,Dame,Female,44,Wholesale,Business,Debit Card,No Campaign,1.0,178.27,5.0,169.36,87.02,82.34,4,No,Completed,57,1,740,45376.88,1714.94
ORD-102358,1970-01-01 05:00:45.947,CUST-10390,Germany,Europe,Munich,Outdoor,Five Ten,Unisex,42,Marketplace,Business,Digital Wallet,Eid Campaign,1.0,214.77,15.0,182.55,133.31,49.24,3,No,Completed,43,3,291,87027.64,4697.56
ORD-102359,1970-01-01 05:00:45.399,CUST-10393,Uae,Middle East,Abu Dhabi,Football,X Crazyfast,Male,43,Mobile App,Premium Consumer,Bank Transfer,New Year Sale,1.0,150.21,0.0,150.21,73.71,76.5,4,No,Completed,55,2,628,21493.85,1886.87
ORD-102360,1970-01-01 05:00:45.191,CUST-10055,Usa,North America,Chicago,Basketball,D.O.N. Issue,Male,44,Wholesale,Premium Consumer,Debit Card,Summer Sale,1.0,146.96,0.0,146.96,89.3,57.66,3,No,Completed,52,6,932,29839.59,4581.19
ORD-102361,1970-01-01 05:00:46.001,CUST-10298,Pakistan,South Asia,Faisalabad,Basketball,Harden,Male,40,Mobile App,Business,Bank Transfer,Summer Sale,2.0,75.13,10.0,135.23,77.17,58.06,3,No,Completed,43,6,287,78651.57,4292.89
ORD-102362,1970-01-01 05:00:45.742,CUST-10273,Pakistan,South Asia,Lahore,Training,Rapidmove,Female,43,Retail Store,Consumer,Cash on Delivery,Eid Campaign,1.0,121.07,10.0,108.96,61.7,47.26,4,No,Completed,38,2,212,93559.31,2690.68
ORD-102363,1970-01-01 05:00:45.368,CUST-10210,Uae,Middle East,Abu Dhabi,Lifestyle,Gazelle,Unisex,44,Mobile App,Business,Bank Transfer,Eid Campaign,1.0,112.95,20.0,90.36,57.83,32.53,3,No,Completed,41,3,166,9746.27,3416.68
ORD-102364,1970-01-01 05:00:45.689,CUST-10493,Australia,Oceania,Melbourne,Training,Powerlift,Male,44,Online Store,Consumer,Cash on Delivery,New Year Sale,1.0,94.29,15.0,80.15,64.76,15.39,2,No,Completed,32,3,48,80475.34,3531.56
ORD-102365,1970-01-01 05:00:45.432,CUST-10407,Uae,Middle East,Dubai,Running,Solarboost,Female,42,Wholesale,Business,Debit Card,New Year Sale,-1.0,161.74,30.0,113.22,75.75,37.47,4,No,Completed,31,3,220,64684.3,3241.35
ORD-102366,1970-01-01 05:00:45.751,CUST-10497,India,South Asia,Delhi,Football,X Crazyfast,Male,36,Online Store,Premium Consumer,Cash on Delivery,No Campaign,1.0,62.33,0.0,62.33,43.41,18.92,5,No,Completed,29,3,401,23461.77,887.67
ORD-102367,1970-01-01 05:00:45.064,CUST-10197,Australia,Oceania,Melbourne,Training,Powerlift,Unisex,42,Online Store,Premium Consumer,Bank Transfer,No Campaign,-1.0,42.01,15.0,35.71,24.33,11.38,3,No,Cancelled,32,3,790,75703.81,3494.6
ORD-102368,1970-01-01 05:00:44.961,CUST-10162,Saudi Arabia,Middle East,Riyadh,Basketball,D.O.N. Issue,Unisex,44,Marketplace,Consumer,Bank Transfer,Eid Campaign,2.0,105.02,50.0,105.02,130.03,-25.01,4,No,Completed,48,2,288,72927.65,115.77
ORD-102369,1970-01-01 05:00:45.597,CUST-10182,Uae,Middle East,Dubai,Running,Duramo,Female,44,Retail Store,Business,Debit Card,Black Friday,1.0,185.16,15.0,157.39,97.74,59.65,5,No,Completed,35,4,879,14631.97,3579.18
ORD-102370,1970-01-01 05:00:45.040,CUST-10756,Pakistan,South Asia,Rawalpindi,Basketball,Harden,Male,42,Marketplace,Consumer,Credit Card,New Year Sale,1.0,131.65,10.0,118.49,56.61,61.88,4,No,Cancelled,20,3,968,50473.98,2818.7
ORD-102371,1970-01-01 05:00:45.136,CUST-10857,Australia,Oceania,Brisbane,Training,Rapidmove,Female,45,Wholesale,Premium Consumer,Debit Card,New Year Sale,1.0,89.4,0.0,89.4,55.13,34.27,5,No,Completed,33,4,178,75949.96,1372.83
ORD-102372,1970-01-01 05:00:45.750,CUST-10339,Pakistan,South Asia,Rawalpindi,Outdoor,Agravic,Male,38,Online Store,Premium Consumer,Cash on Delivery,Summer Sale,1.0,170.89,0.0,170.89,76.72,94.17,5,No,Completed,51,4,170,19558.64,4038.45
ORD-102373,1970-01-01 05:00:45.764,CUST-10540,Pakistan,South Asia,Lahore,Training,Rapidmove,Unisex,43,Wholesale,Premium Consumer,Digital Wallet,Summer Sale,1.0,117.16,15.0,99.59,51.67,47.92,3,No,Completed,59,5,997,46545.22,2085.87
ORD-102374,1970-01-01 05:00:45.434,CUST-10188,Uk,Europe,London,Running,Solarboost,Female,44,Online Store,Business,Debit Card,Black Friday,3.0,95.58,0.0,286.74,130.13,156.61,5,No,Completed,53,2,3,12513.74,2480.31
ORD-102375,1970-01-01 05:00:45.914,CUST-10318,Saudi Arabia,Middle East,Dammam,Running,Adizero,Unisex,42,Mobile App,Consumer,Credit Card,No Campaign,1.0,119.91,5.0,113.91,56.02,57.89,4,No,Completed,50,3,335,31030.07,235.61
ORD-102376,1970-01-01 05:00:45.329,CUST-10537,Australia,Oceania,Brisbane,Training,Rapidmove,Male,38,Mobile App,Premium Consumer,Credit Card,Summer Sale,1.0,132.2,20.0,105.76,89.81,15.95,5,No,Completed,40,6,194,22185.52,2066.47
ORD-102377,1970-01-01 05:00:45.019,CUST-10378,Usa,North America,Los Angeles,Running,Adizero,Unisex,42,Wholesale,Business,Bank Transfer,New Year Sale,1.0,175.73,10.0,158.16,118.84,39.32,5,No,Completed,25,4,967,50754.58,920.08
ORD-102378,1970-01-01 05:00:45.983,CUST-10647,India,South Asia,Chennai,Lifestyle,Gazelle,Male,42,Mobile App,Consumer,Debit Card,Black Friday,1.0,54.83,9.47,43.86,22.81,21.05,3,No,Completed,43,3,463,14550.93,1453.1
ORD-102379,1970-01-01 05:00:45.490,CUST-10491,Uae,Middle East,Abu Dhabi,Basketball,Dame,Female,45,Wholesale,Consumer,Cash on Delivery,Eid Campaign,2.0,85.8,15.0,145.86,79.77,66.09,2,No,Completed,21,2,892,38623.5,1335.48
ORD-102380,1970-01-01 05:00:46.021,CUST-10512,Usa,North America,Houston,Running,Duramo,Male,42,Marketplace,Consumer,Credit Card,Sports Event,1.0,143.68,10.0,129.31,97.87,31.44,4,No,Completed,18,3,769,27878.71,325.5
ORD-102381,1970-01-01 05:00:45.083,CUST-10755,Australia,Oceania,Brisbane,Training,Everyday,Male,44,Online Store,Business,Bank Transfer,Black Friday,3.0,141.88,15.74,361.79,305.51,56.28,5,No,Completed,40,2,556,74731.87,2356.42
ORD-102382,1970-01-01 05:00:45.267,CUST-10446,India,South Asia,Kolkata,Training,Powerlift,Unisex,42,Online Store,Premium Consumer,Cash on Delivery,Eid Campaign,2.0,60.31,0.0,120.62,51.6,69.02,4,No,Completed,63,4,466,70117.14,2660.7
ORD-102383,1970-01-01 05:00:45.077,CUST-10181,Saudi Arabia,Middle East,Dammam,Basketball,D.O.N. Issue,Female,45,Online Store,Premium Consumer,Cash on Delivery,New Year Sale,3.0,77.89,20.0,186.94,141.42,45.52,4,No,Completed,24,3,343,9945.59,2898.21
ORD-102384,1970-01-01 05:00:45.584,CUST-10631,India,South Asia,Chennai,Outdoor,Terrex,Male,44,Wholesale,Premium Consumer,Cash on Delivery,Summer Sale,1.0,149.84,30.0,104.89,77.2,27.69,5,No,Completed,40,3,207,95371.65,2364.88
ORD-102385,1970-01-01 05:00:45.934,CUST-10813,India,South Asia,Chennai,Training,Dropset,Male,36,Marketplace,Consumer,Bank Transfer,Summer Sale,2.0,64.19,10.0,115.54,91.76,23.78,4,No,Completed,45,2,626,74595.95,4360.68
ORD-102386,1970-01-01 05:00:45.580,CUST-10421,Pakistan,South Asia,Rawalpindi,Outdoor,Agravic,Male,45,Marketplace,Consumer,Debit Card,New Year Sale,1.0,205.74,50.0,102.87,99.58,3.29,5,No,Completed,34,4,935,61787.89,284.63
ORD-102387,1970-01-01 05:00:44.976,CUST-10081,Uae,Middle East,Sharjah,Football,Predator,Male,43,Mobile App,Consumer,Credit Card,Summer Sale,1.0,122.15,15.0,103.83,64.96,38.87,4,No,Completed,31,3,502,48031.3,3107.66
ORD-102388,1970-01-01 05:00:45.497,CUST-10218,Germany,Europe,Hamburg,Lifestyle,Superstar,Unisex,36,Mobile App,Business,Bank Transfer,No Campaign,1.0,101.64,20.0,81.31,69.15,12.16,1,No,Completed,48,4,129,18203.28,4344.05
ORD-102389,1970-01-01 05:00:45.249,CUST-10610,Uae,Middle East,Sharjah,Training,Everyday,Unisex,42,Online Store,Premium Consumer,Cash on Delivery,Sports Event,1.0,127.09,20.0,101.67,87.8,13.87,5,No,Completed,31,3,671,96220.59,301.1
ORD-102390,1970-01-01 05:00:45.344,CUST-10577,Usa,North America,Houston,Outdoor,Ridgewalker,Female,43,Retail Store,Consumer,Credit Card,Summer Sale,2.0,208.86,10.0,375.95,207.11,168.84,3,No,Completed,48,3,0,1281.91,2531.9
ORD-102391,1970-01-01 05:00:44.969,CUST-10213,Australia,Oceania,Brisbane,Basketball,Dame,Unisex,36,Mobile App,Premium Consumer,Credit Card,New Year Sale,1.0,137.53,15.0,116.9,60.41,56.49,3,No,Completed,54,2,785,69401.87,2986.23
ORD-102392,1970-01-01 05:00:45.011,CUST-10524,Australia,Oceania,Brisbane,Running,Adizero,Unisex,38,Wholesale,Business,Bank Transfer,No Campaign,1.0,158.78,0.0,158.78,95.21,63.57,4,Yes,Returned,34,5,486,50990.71,1035.44
ORD-102393,1970-01-01 05:00:45.115,CUST-10698,Uk,Europe,London,Football,Predator,Unisex,40,Mobile App,Premium Consumer,Credit Card,No Campaign,2.0,68.98,5.0,131.06,57.23,73.83,5,No,Completed,42,4,447,90306.9,1337.25
ORD-102394,1970-01-01 05:00:45.620,CUST-10869,Germany,Europe,Hamburg,Lifestyle,Campus,Male,42,Retail Store,Premium Consumer,Debit Card,Summer Sale,2.0,120.35,0.0,240.7,159.01,81.69,3,No,Completed,55,2,671,38379.38,3949.41
ORD-102395,1970-01-01 05:00:44.993,CUST-10076,India,South Asia,Bangalore,Running,Duramo,Female,40,Retail Store,Consumer,Cash on Delivery,Summer Sale,1.0,180.33,5.0,171.31,81.56,89.75,4,No,Completed,34,2,776,31823.830668193106,2880.25
ORD-102396,1970-01-01 05:00:45.901,CUST-10855,Australia,Oceania,Melbourne,Outdoor,Terrex,Female,38,Marketplace,Premium Consumer,Digital Wallet,Sports Event,3.0,87.38,0.0,262.14,187.1,75.04,3,No,Completed,40,2,822,74362.77,1647.32
ORD-102397,1970-01-01 05:00:45.329,CUST-10418,Pakistan,South Asia,Lahore,Lifestyle,Gazelle,Female,38,Marketplace,Premium Consumer,Credit Card,New Year Sale,2.0,109.55,5.0,208.14,130.54,77.6,5,Yes,Returned,61,5,322,5232.87,3847.3
ORD-102398,1970-01-01 05:00:45.484,CUST-10427,Germany,Europe,Munich,Outdoor,Ridgewalker,Female,43,Mobile App,Consumer,Digital Wallet,Summer Sale,3.0,246.29,10.0,664.98,341.03,323.95,5,No,Completed,29,5,759,5920.29,3758.91
ORD-102399,1970-01-01 05:00:44.932,CUST-10257,Saudi Arabia,Middle East,Jeddah,Basketball,Own The Game,Male,36,Retail Store,Business,Digital Wallet,No Campaign,1.0,174.35,15.0,148.2,104.31,43.89,4,No,Cancelled,56,3,23,21561.44,1792.47
ORD-102400,1970-01-01 05:00:45.692,CUST-10027,Uk,Europe,Manchester,Running,Adizero,Unisex,44,Online Store,Consumer,Digital Wallet,No Campaign,1.0,186.82,15.0,158.8,104.06,54.74,3,No,Completed,63,5,376,15069.25,2494.37
ORD-102401,1970-01-01 05:00:45.033,CUST-10647,Usa,North America,Houston,Running,Solarboost,Male,36,Mobile App,Premium Consumer,Debit Card,Eid Campaign,1.0,84.0,5.0,79.8,44.53,35.27,4,No,Completed,37,10,778,1141.13,3356.14
ORD-102402,1970-01-01 05:00:45.191,CUST-10459,Pakistan,South Asia,Rawalpindi,Basketball,D.O.N. Issue,Unisex,38,Mobile App,Premium Consumer,Credit Card,New Year Sale,1.0,116.5,15.0,99.02,83.54,15.48,4,No,Cancelled,45,10,155,62487.49,1781.92
ORD-102403,1970-01-01 05:00:45.016,CUST-10277,India,South Asia,Kolkata,Running,Adizero,Male,40,Online Store,Business,Debit Card,Sports Event,1.0,112.42,30.0,78.69,79.12,-0.43,5,No,Completed,18,14,271,79695.83,3182.15
ORD-102404,1970-01-01 05:00:45.204,CUST-10335,Pakistan,South Asia,Rawalpindi,Football,Copa,Unisex,44,Marketplace,Consumer,Debit Card,Eid Campaign,1.0,91.16,10.0,82.04,56.9,25.14,5,No,Cancelled,22,5,92,95732.94,1330.26
ORD-102405,1970-01-01 05:00:45.677,CUST-10003,Germany,Europe,Berlin,Lifestyle,Superstar,Male,40,Mobile App,Consumer,Credit Card,New Year Sale,1.0,56.65,5.0,53.82,24.79,29.03,3,No,Completed,62,2,872,44369.58,1530.9
ORD-102406,1970-01-01 05:00:45.876,CUST-10331,Usa,North America,Chicago,Running,Adizero,Female,44,Marketplace,Premium Consumer,Cash on Delivery,Sports Event,1.0,189.23,5.0,179.77,100.24,79.53,4,No,Completed,57,1,523,28332.21,1622.3
ORD-102407,1970-01-01 05:00:45.512,CUST-10007,Uae,Middle East,Sharjah,Running,Solarboost,Unisex,38,Marketplace,Premium Consumer,Debit Card,New Year Sale,2.0,209.65,9.05,419.3,173.34,245.96,4,No,Pending,51,5,749,86458.29,4686.67
ORD-102408,1970-01-01 05:00:45.174,CUST-10478,India,South Asia,Kolkata,Running,Ultraboost,Unisex,43,Marketplace,Business,Cash on Delivery,New Year Sale,2.0,117.47,10.0,211.45,135.18,76.27,4,No,Completed,60,3,120,84517.36,4184.99
ORD-102409,1970-01-01 05:00:45.603,CUST-10183,Saudi Arabia,Middle East,Jeddah,Basketball,Dame,Female,40,Retail Store,Business,Cash on Delivery,No Campaign,2.0,103.45,15.0,175.86,133.55,42.31,5,No,Completed,52,3,451,62671.9,2869.31
ORD-102410,1970-01-01 05:00:45.034,CUST-10556,India,South Asia,Bangalore,Training,Rapidmove,Unisex,43,Mobile App,Consumer,Debit Card,No Campaign,2.0,115.14,5.0,218.77,151.5,67.27,4,No,Completed,47,1,601,27678.33,2862.97
ORD-102411,1970-01-01 05:00:45.561,CUST-10425,India,South Asia,Kolkata,Training,Powerlift,Female,36,Mobile App,Consumer,Cash on Delivery,Eid Campaign,1.0,147.16,15.0,125.09,76.8,48.29,3,No,Cancelled,57,5,899,90897.5,375.12
ORD-102412,1970-01-01 05:00:44.959,CUST-10187,Uae,Middle East,Dubai,Training,Rapidmove,Male,42,Online Store,Premium Consumer,Bank Transfer,Black Friday,2.0,146.66,5.0,278.65,193.74,84.91,1,No,Completed,37,3,586,18250.93,3282.59
ORD-102413,1970-01-01 05:00:45.334,CUST-10691,Pakistan,South Asia,Lahore,Running,Solarboost,Male,44,Retail Store,Business,Credit Card,Eid Campaign,1.0,200.84,0.0,200.84,119.56,81.28,1,No,Completed,45,2,321,4842.83,1707.79
ORD-102414,1970-01-01 05:00:45.793,CUST-10760,Australia,Oceania,Sydney,Running,Solarboost,Female,45,Mobile App,Business,Credit Card,Black Friday,1.0,164.24,15.0,139.6,90.75,48.85,5,No,Completed,40,3,30,79763.52,3100.27
ORD-102415,1970-01-01 05:00:45.545,CUST-10471,Uae,Middle East,Dubai,Football,Copa,Male,42,Wholesale,Premium Consumer,Cash on Delivery,Eid Campaign,1.0,131.67,10.0,118.5,65.07,53.43,3,No,Completed,54,10,951,56584.08,4217.15
ORD-102416,1970-01-01 05:00:45.468,CUST-10760,Uk,Europe,Birmingham,Running,Duramo,Unisex,42,Retail Store,Consumer,Cash on Delivery,Sports Event,1.0,85.54,10.0,76.99,50.76,26.23,4,No,Completed,19,3,433,25023.55,322.94
ORD-102417,1970-01-01 05:00:45.580,CUST-10775,Australia,Oceania,Sydney,Lifestyle,Samba,Female,38,Wholesale,Business,Credit Card,Sports Event,1.0,70.15,30.0,49.1,39.8,9.3,3,No,Completed,40,4,706,67254.12,3074.61
ORD-102418,1970-01-01 05:00:45.755,CUST-10881,Usa,North America,Los Angeles,Training,Everyday,Female,42,Mobile App,Consumer,Bank Transfer,Summer Sale,1.0,74.86,0.0,74.86,36.5,38.36,4,No,Completed,49,3,600,54988.10194976237,2864.58
ORD-102419,1970-01-01 05:00:45.467,CUST-10723,Saudi Arabia,Middle East,Dammam,Basketball,Own The Game,Unisex,45,Mobile App,Premium Consumer,Bank Transfer,No Campaign,1.0,97.76,0.0,97.76,55.2,42.56,3,No,Completed,22,2,609,84532.32,1113.16
ORD-102420,1970-01-01 05:00:45.027,CUST-10258,Germany,Europe,Berlin,Outdoor,Five Ten,Male,44,Mobile App,Business,Credit Card,New Year Sale,1.0,95.53,10.0,85.98,66.32,19.66,3,No,Completed,30,3,128,28571.54,3267.52
ORD-102421,1970-01-01 05:00:45.132,CUST-10385,Uk,Europe,Birmingham,Football,Predator,Male,40,Online Store,Business,Cash on Delivery,No Campaign,1.0,120.39,10.0,108.35,79.78,28.57,3,No,Completed,58,5,452,3045.95,2818.69
ORD-102422,1970-01-01 05:00:45.315,CUST-10840,Australia,Oceania,Sydney,Football,X Crazyfast,Unisex,44,Retail Store,Business,Debit Card,No Campaign,2.0,141.22,30.0,197.71,193.76,3.95,5,Yes,Returned,58,6,806,51248.86,3859.87
ORD-102423,1970-01-01 05:00:45.008,CUST-10436,Usa,North America,Houston,Basketball,Dame,Male,40,Marketplace,Consumer,Debit Card,Eid Campaign,1.0,129.3,10.0,116.37,78.38,37.99,3,No,Cancelled,25,4,435,85679.82,642.03
ORD-102424,1970-01-01 05:00:45.455,CUST-10143,Australia,Oceania,Sydney,Training,Powerlift,Female,44,Retail Store,Business,Debit Card,Summer Sale,1.0,108.01,0.0,108.01,65.45,42.56,4,No,Completed,39,3,606,21178.22,2273.68
ORD-102425,1970-01-01 05:00:45.022,CUST-10486,Germany,Europe,Munich,Outdoor,Ridgewalker,Male,40,Online Store,Business,Credit Card,No Campaign,1.0,244.84,10.0,220.36,98.42,121.94,4,No,Completed,21,5,675,42401.98,4989.87
ORD-102426,1970-01-01 05:00:45.313,CUST-10120,Pakistan,South Asia,Karachi,Running,Duramo,Male,45,Marketplace,Premium Consumer,Debit Card,Summer Sale,1.0,137.07,5.0,130.22,83.49,46.73,5,No,Cancelled,42,3,506,26013.86,3477.48
ORD-102427,1970-01-01 05:00:46.002,CUST-10612,Uk,Europe,London,Training,Dropset,Unisex,36,Mobile App,Premium Consumer,Cash on Delivery,No Campaign,1.0,108.22,20.0,86.58,43.73,42.85,5,No,Completed,44,2,962,1829.58,3453.06
ORD-102428,1970-01-01 05:00:45.186,CUST-10606,Germany,Europe,Munich,Basketball,Dame,Male,44,Marketplace,Premium Consumer,Bank Transfer,Sports Event,1.0,138.67,15.0,117.87,76.15,41.72,5,No,Completed,48,5,741,89903.15,1657.57
ORD-102429,1970-01-01 05:00:45.181,CUST-10112,India,South Asia,Delhi,Football,X Crazyfast,Male,43,Marketplace,Consumer,Debit Card,Sports Event,2.0,161.71,0.0,323.42,178.24,145.18,2,No,Completed,46,5,651,13937.8,560.05
ORD-102430,1970-01-01 05:00:45.235,CUST-10632,Uae,Middle East,Dubai,Football,F50,Female,44,Mobile App,Premium Consumer,Debit Card,Summer Sale,1.0,136.18,10.0,122.56,70.46,52.1,5,No,Completed,35,3,316,76793.33,4752.52
ORD-102431,1970-01-01 05:00:45.742,CUST-10154,India,South Asia,Chennai,Training,Dropset,Female,44,Online Store,Premium Consumer,Credit Card,Summer Sale,1.0,53.05,0.0,53.05,25.03,28.02,4,No,Completed,36,4,463,34987.02,616.81
ORD-102432,1970-01-01 05:00:45.702,CUST-10324,Germany,Europe,Berlin,Running,Adizero,Female,42,Retail Store,Business,Bank Transfer,Black Friday,1.0,175.21,15.0,148.93,80.54,68.39,3,No,Completed,25,6,327,28129.35,4964.26
ORD-102433,1970-01-01 05:00:45.100,CUST-10333,Uae,Middle East,Sharjah,Outdoor,Agravic,Male,44,Marketplace,Business,Credit Card,Summer Sale,1.0,122.96,20.0,98.37,86.61,11.76,4,No,Completed,28,1,906,94132.37,716.33
ORD-102434,1970-01-01 05:00:45.816,CUST-10526,Australia,Oceania,Melbourne,Basketball,D.O.N. Issue,Female,38,Retail Store,Premium Consumer,Digital Wallet,Eid Campaign,1.0,122.24,15.0,103.9,78.36,25.54,3,No,Completed,34,2,108,65891.35,937.45
ORD-102435,1970-01-01 05:00:45.807,CUST-10203,Uae,Middle East,Dubai,Basketball,D.O.N. Issue,Male,38,Retail Store,Business,Digital Wallet,No Campaign,-1.0,82.6,15.0,70.21,54.53,15.68,3,No,Completed,44,3,525,68848.8,1611.0
ORD-102436,1970-01-01 05:00:45.464,CUST-10143,Germany,Europe,Munich,Outdoor,Five Ten,Unisex,38,Marketplace,Business,Digital Wallet,No Campaign,1.0,178.27,10.0,160.44,120.36,40.08,4,Yes,Returned,49,3,474,76085.47,2610.64
ORD-102437,1970-01-01 05:00:45.354,CUST-10725,Germany,Europe,Berlin,Lifestyle,Superstar,Unisex,42,Wholesale,Business,Bank Transfer,Sports Event,1.0,97.81,10.0,88.03,59.2,28.83,3,No,Completed,32,2,977,34422.87,3972.97
ORD-102438,1970-01-01 05:00:45.085,CUST-10369,Australia,Oceania,Sydney,Outdoor,Agravic,Unisex,45,Mobile App,Consumer,Bank Transfer,Sports Event,1.0,189.57,20.0,151.66,87.38,64.28,4,No,Completed,47,5,949,56584.62,4857.94
ORD-102439,1970-01-01 05:00:45.504,CUST-10500,Germany,Europe,Hamburg,Basketball,D.O.N. Issue,Unisex,42,Retail Store,Premium Consumer,Digital Wallet,Black Friday,2.0,110.93,5.0,210.77,149.96,60.81,4,No,Completed,61,5,391,27387.22,1858.24
ORD-102440,1970-01-01 05:00:45.382,CUST-10520,Saudi Arabia,Middle East,Dammam,Football,X Crazyfast,Female,43,Online Store,Consumer,Credit Card,No Campaign,1.0,114.46,5.0,108.74,53.15,55.59,4,Yes,Returned,32,3,672,83536.88,200.02
ORD-102441,1970-01-01 05:00:45.601,CUST-10538,India,South Asia,Kolkata,Outdoor,Terrex,Female,45,Marketplace,Consumer,Cash on Delivery,No Campaign,1.0,92.74,8.37,83.47,43.61,39.86,4,No,Completed,33,3,643,60131.08,3121.73
ORD-102442,1970-01-01 05:00:45.300,CUST-10240,Pakistan,South Asia,Faisalabad,Outdoor,Terrex,Female,40,Retail Store,Consumer,Bank Transfer,New Year Sale,1.0,207.29,20.0,165.83,98.92,66.91,5,Yes,Returned,56,4,112,24718.98,3582.87
ORD-102443,1970-01-01 05:00:45.280,CUST-10798,Uk,Europe,Birmingham,Training,Everyday,Male,42,Mobile App,Business,Digital Wallet,Sports Event,1.0,77.2,10.0,69.48,53.07,16.41,4,No,Completed,52,5,285,90025.96,2047.48
ORD-102444,1970-01-01 05:00:45.190,CUST-10293,Australia,Oceania,Sydney,Running,Adizero,Female,45,Wholesale,Business,Digital Wallet,No Campaign,1.0,212.89,0.0,212.89,107.79,105.1,2,No,Completed,32,6,851,58293.58,999.03
ORD-102445,1970-01-01 05:00:45.065,CUST-10647,Germany,Europe,Munich,Outdoor,Agravic,Unisex,36,Mobile App,Business,Credit Card,Sports Event,2.0,189.41,0.0,378.82,232.78,146.04,4,No,Cancelled,62,4,605,49755.54,1599.48
ORD-102446,1970-01-01 05:00:45.684,CUST-10809,Saudi Arabia,Middle East,Jeddah,Outdoor,Agravic,Female,44,Wholesale,Business,Bank Transfer,Black Friday,1.0,146.41,20.0,117.13,59.95,57.18,4,No,Cancelled,36,2,346,3931.51,3313.42
ORD-102447,1970-01-01 05:00:45.982,CUST-10371,Usa,North America,Houston,Running,Solarboost,Unisex,44,Wholesale,Premium Consumer,Bank Transfer,Eid Campaign,1.0,103.21,5.0,98.05,66.43,31.62,4,No,Completed,47,4,600,91025.3,2521.5
ORD-102448,1970-01-01 05:00:44.934,CUST-10360,Saudi Arabia,Middle East,Dammam,Outdoor,Ridgewalker,Female,40,Retail Store,Premium Consumer,Credit Card,No Campaign,1.0,86.67,10.0,78.0,43.77,34.23,3,No,Completed,27,3,821,95251.25,3742.78
ORD-102449,1970-01-01 05:00:45.781,CUST-10709,Pakistan,South Asia,Lahore,Lifestyle,Gazelle,Female,43,Retail Store,Consumer,Credit Card,No Campaign,1.0,156.31,10.0,140.68,82.71,57.97,5,No,Completed,62,1,645,56478.56,1169.03
ORD-102450,1970-01-01 05:00:45.847,CUST-10382,Germany,Europe,Hamburg,Basketball,Dame,Unisex,43,Marketplace,Premium Consumer,Digital Wallet,Sports Event,1.0,141.9,15.0,120.62,95.02,25.6,5,No,Completed,19,4,260,44530.08,4225.73
ORD-102451,1970-01-01 05:00:45.661,CUST-10102,Usa,North America,Houston,Basketball,Dame,Female,38,Retail Store,Premium Consumer,Digital Wallet,No Campaign,1.0,136.62,20.0,109.3,61.47,47.83,3,No,Completed,38,2,717,36276.72,863.84
ORD-102452,1970-01-01 05:00:45.034,CUST-10471,Uk,Europe,Manchester,Running,Ultraboost,Unisex,44,Marketplace,Business,Digital Wallet,New Year Sale,1.0,81.46,5.0,77.39,34.83,42.56,3,No,Completed,59,2,306,27170.77,1716.59
ORD-102453,1970-01-01 05:00:45.658,CUST-10496,Uae,Middle East,Dubai,Basketball,D.O.N. Issue,Female,43,Marketplace,Premium Consumer,Cash on Delivery,No Campaign,1.0,175.8,10.0,158.22,103.7,54.52,4,No,Completed,25,3,909,57665.67,2996.92
ORD-102454,1970-01-01 05:00:45.546,CUST-10282,Uae,Middle East,Abu Dhabi,Football,Copa,Male,45,Wholesale,Business,Digital Wallet,Black Friday,2.0,100.53,30.0,140.74,92.02,48.72,4,No,Completed,59,3,33,13245.46,3710.63
ORD-102455,1970-01-01 05:00:45.339,CUST-10870,Pakistan,South Asia,Rawalpindi,Football,X Crazyfast,Female,45,Mobile App,Consumer,Bank Transfer,Summer Sale,1.0,131.07,0.0,131.07,53.44,77.63,4,No,Completed,29,3,168,91957.77,1404.29
ORD-102456,1970-01-01 05:00:45.057,CUST-10366,Germany,Europe,Munich,Training,Dropset,Male,42,Mobile App,Consumer,Credit Card,New Year Sale,1.0,131.99,9.58,118.79,65.75,53.04,2,No,Cancelled,41,3,344,18007.89,4745.79
ORD-102457,1970-01-01 05:00:45.361,CUST-10206,Uk,Europe,Birmingham,Basketball,Harden,Unisex,43,Online Store,Consumer,Credit Card,Sports Event,1.0,82.72,0.0,82.72,35.5,47.22,4,No,Cancelled,32,4,934,74678.57,3559.95
ORD-102458,1970-01-01 05:00:46.022,CUST-10026,Germany,Europe,Berlin,Outdoor,Terrex,Male,44,Online Store,Consumer,Cash on Delivery,Sports Event,1.0,206.08,3.78,206.08,106.96,99.12,5,No,Completed,56,2,145,31035.33,1166.61
ORD-102459,1970-01-01 05:00:45.062,CUST-10792,Pakistan,South Asia,Rawalpindi,Lifestyle,Superstar,Female,44,Wholesale,Premium Consumer,Debit Card,Black Friday,1.0,63.48,15.0,53.96,37.52,16.44,5,No,Cancelled,44,4,531,22994.07,3656.25
ORD-102460,1970-01-01 05:00:45.151,CUST-10610,Germany,Europe,Berlin,Football,Copa,Female,43,Wholesale,Premium Consumer,Bank Transfer,No Campaign,1.0,116.12,10.0,104.51,72.05,32.46,4,No,Completed,34,4,618,56007.98,3512.04
ORD-102461,1970-01-01 05:00:45.877,CUST-10249,Uk,Europe,London,Basketball,D.O.N. Issue,Male,43,Mobile App,Premium Consumer,Bank Transfer,No Campaign,2.0,84.23,20.0,134.77,101.5,33.27,5,No,Completed,33,6,647,76629.94,3788.15
ORD-102462,1970-01-01 05:00:45.441,CUST-10448,Germany,Europe,Hamburg,Training,Powerlift,Male,42,Wholesale,Business,Bank Transfer,No Campaign,2.0,124.55,15.0,211.74,119.8,91.94,5,No,Pending,30,3,537,44778.70002623132,4587.82
ORD-102463,1970-01-01 05:00:44.929,CUST-10084,Uae,Middle East,Dubai,Outdoor,Five Ten,Unisex,44,Marketplace,Consumer,Credit Card,No Campaign,1.0,99.47,15.0,84.55,62.15,22.4,3,No,Completed,56,5,245,23758.76,3587.41
ORD-102464,1970-01-01 05:00:45.607,CUST-10425,India,South Asia,Kolkata,Basketball,Harden,Female,36,Mobile App,Consumer,Cash on Delivery,Summer Sale,1.0,121.53,2.96,115.45,61.01,54.44,5,Yes,Returned,64,4,340,33384.98,1824.36
ORD-102465,1970-01-01 05:00:45.828,CUST-10700,Pakistan,South Asia,Faisalabad,Football,Predator,Female,44,Wholesale,Premium Consumer,Digital Wallet,Black Friday,2.0,97.05,15.0,164.98,102.77,62.21,2,No,Completed,41,3,666,86948.8,3973.54
ORD-102466,1970-01-01 05:00:45.063,CUST-10787,Germany,Europe,Hamburg,Running,Solarboost,Female,44,Wholesale,Business,Debit Card,Summer Sale,1.0,199.8,0.0,199.8,116.89,82.91,4,No,Completed,28,7,927,72462.75,3509.72
ORD-102467,1970-01-01 05:00:45.582,CUST-10181,Pakistan,South Asia,Rawalpindi,Lifestyle,Gazelle,Female,45,Marketplace,Consumer,Bank Transfer,Eid Campaign,1.0,56.77,20.0,45.42,28.94,16.48,3,No,Completed,63,4,553,71413.04,2913.87
ORD-102468,1970-01-01 05:00:45.271,CUST-10622,Uae,Middle East,Abu Dhabi,Football,X Crazyfast,Male,42,Wholesale,Premium Consumer,Bank Transfer,Black Friday,1.0,125.4,30.0,87.78,60.54,27.24,4,No,Completed,44,3,689,27256.06,1833.78
ORD-102469,1970-01-01 05:00:45.911,CUST-10137,Uae,Middle East,Abu Dhabi,Training,Rapidmove,Unisex,42,Online Store,Premium Consumer,Debit Card,Sports Event,1.0,113.24,0.0,113.24,70.63,42.61,2,No,Completed,42,5,80,79304.43,4613.14
ORD-102470,1970-01-01 05:00:45.299,CUST-10855,Pakistan,South Asia,Rawalpindi,Training,Rapidmove,Male,38,Marketplace,Consumer,Bank Transfer,No Campaign,2.0,42.36,15.0,72.01,50.92,21.09,5,No,Completed,64,10,688,36162.57,2612.5
ORD-102471,1970-01-01 05:00:45.530,CUST-10016,Australia,Oceania,Sydney,Lifestyle,Gazelle,Female,42,Marketplace,Business,Cash on Delivery,Eid Campaign,1.0,144.9,10.0,130.41,58.77,71.64,4,No,Completed,33,7,704,40438.36,3177.71
ORD-102472,1970-01-01 05:00:45.409,CUST-10615,Pakistan,South Asia,Rawalpindi,Training,Powerlift,Female,40,Retail Store,Business,Digital Wallet,No Campaign,4.0,44.81,15.0,152.35,77.37,74.98,3,No,Completed,23,14,190,29112.33,2135.28
ORD-102473,1970-01-01 05:00:45.237,CUST-10544,Australia,Oceania,Sydney,Lifestyle,Samba,Male,44,Wholesale,Consumer,Credit Card,Sports Event,1.0,140.74,5.0,133.7,56.83,76.87,5,No,Completed,47,2,282,12578.33,3926.0
ORD-102474,1970-01-01 05:00:45.844,CUST-10705,Usa,North America,New York,Basketball,Dame,Unisex,45,Marketplace,Premium Consumer,Digital Wallet,No Campaign,1.0,168.17,15.0,142.94,113.16,29.78,4,No,Completed,36,3,757,58144.832993107324,1771.09
ORD-102475,1970-01-01 05:00:45.071,CUST-10417,Germany,Europe,Hamburg,Outdoor,Agravic,Female,43,Mobile App,Premium Consumer,Cash on Delivery,Summer Sale,1.0,179.5,15.0,152.57,93.48,59.09,3,No,Completed,23,3,611,2185.48,4072.11
ORD-102476,1970-01-01 05:00:45.853,CUST-10002,India,South Asia,Mumbai,Lifestyle,Samba,Female,45,Online Store,Premium Consumer,Bank Transfer,No Campaign,2.0,73.68,20.0,117.89,104.58,13.31,5,No,Completed,23,3,970,45863.07,628.91
ORD-102477,1970-01-01 05:00:45.546,CUST-10087,Germany,Europe,Munich,Training,Dropset,Unisex,43,Retail Store,Premium Consumer,Bank Transfer,Summer Sale,1.0,97.97,10.0,88.17,69.82,18.35,4,No,Completed,33,2,488,72638.14,3573.91
ORD-102478,1970-01-01 05:00:45.768,CUST-10467,Uk,Europe,London,Lifestyle,Superstar,Unisex,36,Retail Store,Consumer,Digital Wallet,Eid Campaign,2.0,150.23,20.0,240.37,147.68,92.69,5,No,Completed,38,5,34,96094.13,2436.72
ORD-102479,1970-01-01 05:00:45.744,CUST-10720,India,South Asia,Delhi,Football,X Crazyfast,Male,38,Wholesale,Consumer,Cash on Delivery,No Campaign,1.0,109.78,0.0,109.78,63.98,45.8,4,No,Completed,52,5,293,8322.01,3523.89
ORD-102480,1970-01-01 05:00:45.243,CUST-10338,India,South Asia,Kolkata,Lifestyle,Samba,Unisex,45,Wholesale,Business,Digital Wallet,Sports Event,1.0,125.82,0.0,125.82,77.08,48.74,3,No,Completed,45,4,805,28488.43,2703.84
ORD-102481,1970-01-01 05:00:44.981,CUST-10780,India,South Asia,Chennai,Lifestyle,Gazelle,Male,43,Mobile App,Business,Bank Transfer,No Campaign,1.0,156.01,0.0,156.01,88.19,67.82,4,No,Completed,46,3,41,49666.04,758.1
ORD-102482,1970-01-01 05:00:45.197,CUST-10683,India,South Asia,Mumbai,Running,Duramo,Male,38,Wholesale,Business,Debit Card,Eid Campaign,2.0,111.53,30.0,156.14,159.22,-3.08,4,Yes,Returned,53,4,169,17453.6,2437.26
ORD-102483,1970-01-01 05:00:45.974,CUST-10339,Saudi Arabia,Middle East,Dammam,Football,Copa,Female,44,Wholesale,Premium Consumer,Credit Card,Summer Sale,1.0,88.8,20.0,71.04,51.43,19.61,3,No,Completed,46,5,944,59170.67205213579,4826.34
ORD-102484,1970-01-01 05:00:45.932,CUST-10769,Germany,Europe,Munich,Running,Duramo,Female,45,Wholesale,Premium Consumer,Bank Transfer,Sports Event,4.0,187.11,5.0,711.02,464.08,246.94,4,No,Completed,18,4,568,45505.65,3798.72
ORD-102485,1970-01-01 05:00:45.652,CUST-10305,Saudi Arabia,Middle East,Dammam,Football,Copa,Female,36,Mobile App,Premium Consumer,Debit Card,Sports Event,3.0,76.75,5.0,218.74,134.17,84.57,4,Yes,Returned,49,4,867,58282.69,1570.93
ORD-102486,1970-01-01 05:00:45.132,CUST-10480,India,South Asia,Bangalore,Football,X Crazyfast,Female,42,Online Store,Business,Cash on Delivery,Eid Campaign,1.0,115.91,10.0,104.32,68.49,35.83,4,Yes,Returned,41,2,565,82110.67,4726.16
ORD-102487,1970-01-01 05:00:45.118,CUST-10553,Pakistan,South Asia,Rawalpindi,Basketball,Harden,Female,42,Wholesale,Premium Consumer,Cash on Delivery,No Campaign,1.0,150.92,5.0,143.37,100.5,42.87,3,No,Completed,39,3,393,99781.44,3916.84
ORD-102488,1970-01-01 05:00:45.969,CUST-10463,Pakistan,South Asia,Rawalpindi,Basketball,Dame,Male,38,Online Store,Premium Consumer,Credit Card,Black Friday,1.0,177.28,0.0,177.28,98.8,78.48,2,No,Completed,40,2,187,77539.94,1885.79
ORD-102489,1970-01-01 05:00:45.239,CUST-10223,Australia,Oceania,Sydney,Running,Ultraboost,Unisex,42,Online Store,Consumer,Digital Wallet,New Year Sale,2.0,172.67,0.0,345.34,246.35,98.99,4,No,Completed,54,1,295,22523.37,3057.51
ORD-102490,1970-01-01 05:00:45.732,CUST-10662,Australia,Oceania,Sydney,Running,Solarboost,Unisex,38,Online Store,Business,Digital Wallet,Eid Campaign,1.0,85.91,10.0,77.32,60.97,16.35,4,No,Completed,51,4,384,74923.82,2190.76
ORD-102491,1970-01-01 05:00:45.218,CUST-10138,Australia,Oceania,Sydney,Lifestyle,Samba,Unisex,44,Marketplace,Premium Consumer,Digital Wallet,New Year Sale,1.0,50.76,0.0,50.76,35.3,15.46,5,No,Completed,64,3,887,53946.79,573.78
ORD-102492,1970-01-01 05:00:45.895,CUST-10868,Uk,Europe,Birmingham,Basketball,Own The Game,Female,36,Retail Store,Premium Consumer,Digital Wallet,Black Friday,1.0,82.73,10.0,74.46,47.77,26.69,5,No,Completed,56,10,597,45355.55,4049.54
ORD-102493,1970-01-01 05:00:45.373,CUST-10768,Pakistan,South Asia,Karachi,Running,Duramo,Unisex,42,Mobile App,Consumer,Digital Wallet,New Year Sale,1.0,110.87,0.0,110.87,59.18,51.69,5,Yes,Returned,55,4,63,93604.99,1036.28
ORD-102494,1970-01-01 05:00:45.947,CUST-10878,Saudi Arabia,Middle East,Jeddah,Running,Solarboost,Female,40,Wholesale,Business,Debit Card,No Campaign,1.0,161.89,10.0,145.7,108.26,37.44,3,No,Completed,48,2,80,70358.21,2344.39
ORD-102495,1970-01-01 05:00:45.969,CUST-10618,Australia,Oceania,Melbourne,Football,Predator,Unisex,38,Online Store,Consumer,Bank Transfer,No Campaign,1.0,59.88,10.0,53.89,27.38,26.51,4,No,Cancelled,50,2,779,68328.46,3542.93
ORD-102496,1970-01-01 05:00:45.550,CUST-10129,Germany,Europe,Hamburg,Lifestyle,Campus,Male,42,Retail Store,Consumer,Cash on Delivery,No Campaign,1.0,97.72,10.0,87.95,66.64,21.31,4,No,Completed,58,2,184,1669.72,4667.85
ORD-102497,1970-01-01 05:00:45.068,CUST-10124,Usa,North America,Houston,Outdoor,Agravic,Unisex,44,Wholesale,Consumer,Bank Transfer,Eid Campaign,-1.0,240.75,10.0,216.68,150.42,66.26,3,No,Cancelled,23,4,460,86574.61,407.36
ORD-102498,1970-01-01 05:00:45.351,CUST-10093,Usa,North America,Chicago,Running,Duramo,Female,43,Mobile App,Business,Cash on Delivery,Eid Campaign,1.0,115.6,20.0,92.48,70.36,22.12,3,No,Completed,24,7,344,79433.4,2026.84
ORD-102499,1970-01-01 05:00:45.634,CUST-10863,Uae,Middle East,Sharjah,Outdoor,Terrex,Unisex,42,Wholesale,Premium Consumer,Credit Card,Sports Event,1.0,246.25,30.0,172.38,123.68,48.7,4,No,Completed,55,3,537,30244.72,3111.77
ORD-102500,1970-01-01 05:00:45.796,CUST-10369,Australia,Oceania,Sydney,Basketball,D.O.N. Issue,Female,36,Marketplace,Consumer,Debit Card,Summer Sale,1.0,106.04,15.0,90.13,58.06,32.07,3,No,Completed,38,3,237,29565.28,3918.62
ORD-102501,1970-01-01 05:00:45.755,CUST-10621,India,South Asia,Kolkata,Lifestyle,Samba,Unisex,38,Marketplace,Consumer,Debit Card,Black Friday,1.0,77.22,10.0,69.5,52.76,16.74,3,No,Pending,20,2,295,5821.11,4612.56
ORD-102502,1970-01-01 05:00:45.718,CUST-10085,Uk,Europe,London,Outdoor,Five Ten,Male,44,Wholesale,Consumer,Digital Wallet,Eid Campaign,1.0,224.54,10.0,202.09,112.72,89.37,5,No,Pending,18,5,877,5560.21,102.44
ORD-102503,1970-01-01 05:00:45.183,CUST-10776,Uk,Europe,Birmingham,Running,Adizero,Female,44,Retail Store,Consumer,Credit Card,Summer Sale,3.0,144.89,15.0,369.47,235.13,134.34,5,No,Completed,58,4,486,67025.15,3176.04
ORD-102504,1970-01-01 05:00:44.987,CUST-10296,Usa,North America,Houston,Outdoor,Agravic,Unisex,40,Online Store,Business,Debit Card,Eid Campaign,1.0,225.64,0.0,225.64,135.06,90.58,4,No,Completed,40,2,368,19030.64,133.99
ORD-102505,1970-01-01 05:00:45.179,CUST-10472,Usa,North America,Houston,Training,Rapidmove,Female,43,Mobile App,Consumer,Credit Card,Summer Sale,1.0,103.56,10.0,93.2,58.87,34.33,4,Yes,Returned,19,4,298,92393.01,3957.55
ORD-102506,1970-01-01 05:00:45.419,CUST-10704,Germany,Europe,Munich,Outdoor,Five Ten,Male,36,Retail Store,Consumer,Debit Card,Sports Event,1.0,127.7,10.0,114.93,83.34,31.59,4,No,Completed,27,14,736,84319.24,833.37
ORD-102507,1970-01-01 05:00:45.075,CUST-10518,Saudi Arabia,Middle East,Riyadh,Basketball,D.O.N. Issue,Unisex,44,Mobile App,Business,Debit Card,Eid Campaign,1.0,84.91,0.0,84.91,45.37,39.54,5,No,Completed,29,4,839,35214.07,4483.64
ORD-102508,1970-01-01 05:00:45.119,CUST-10047,Australia,Oceania,Melbourne,Basketball,D.O.N. Issue,Female,38,Marketplace,Consumer,Cash on Delivery,Black Friday,1.0,114.31,15.0,97.16,55.21,41.95,4,No,Completed,53,3,908,38316.82,860.11
ORD-102509,1970-01-01 05:00:45.528,CUST-10046,Usa,North America,New York,Running,Solarboost,Male,40,Retail Store,Consumer,Cash on Delivery,No Campaign,1.0,100.73,0.0,100.73,52.56,48.17,4,No,Completed,53,2,89,33064.02,3845.21
ORD-102510,1970-01-01 05:00:45.665,CUST-10550,Australia,Oceania,Sydney,Basketball,Own The Game,Female,38,Mobile App,Consumer,Credit Card,New Year Sale,1.0,86.25,3.41,73.31,38.48,34.83,3,No,Completed,32,14,439,9693.29,1517.59
ORD-102511,1970-01-01 05:00:45.189,CUST-10534,Usa,North America,Houston,Football,F50,Male,38,Wholesale,Business,Cash on Delivery,Sports Event,1.0,71.24,0.0,71.24,31.78,39.46,4,No,Completed,19,4,528,3627.3,2830.54
ORD-102512,1970-01-01 05:00:45.656,CUST-10218,Usa,North America,Los Angeles,Lifestyle,Campus,Unisex,40,Mobile App,Business,Digital Wallet,Eid Campaign,2.0,146.39,15.0,248.86,196.3,52.56,5,Yes,Returned,42,3,87,52094.39038237566,3081.33
ORD-102513,1970-01-01 05:00:45.019,CUST-10535,Uk,Europe,London,Running,Solarboost,Male,45,Marketplace,Consumer,Debit Card,Sports Event,2.0,155.28,10.0,279.5,211.58,67.92,4,No,Completed,49,2,23,94332.49,1113.13
ORD-102514,1970-01-01 05:00:45.353,CUST-10117,Germany,Europe,Munich,Basketball,D.O.N. Issue,Female,44,Wholesale,Premium Consumer,Digital Wallet,Summer Sale,2.0,116.41,30.0,162.97,164.28,-1.31,2,No,Completed,46,10,331,91766.31,1563.61
ORD-102515,1970-01-01 05:00:44.928,CUST-10254,Uae,Middle East,Abu Dhabi,Lifestyle,Gazelle,Female,42,Retail Store,Consumer,Cash on Delivery,No Campaign,1.0,142.41,30.0,99.69,81.51,18.18,3,No,Pending,60,2,734,81078.95,626.79
ORD-102516,1970-01-01 05:00:45.692,CUST-10878,Uk,Europe,Birmingham,Training,Dropset,Female,44,Wholesale,Consumer,Debit Card,Black Friday,2.0,144.88,5.0,275.27,157.08,118.19,2,No,Completed,61,1,57,33943.212315342476,125.92
ORD-102517,1970-01-01 05:00:45.864,CUST-10179,India,South Asia,Mumbai,Running,Solarboost,Unisex,44,Wholesale,Premium Consumer,Debit Card,No Campaign,2.0,111.48,10.0,200.66,135.85,64.81,5,No,Completed,56,1,463,85694.13,1273.39
ORD-102518,1970-01-01 05:00:45.519,CUST-10630,Uae,Middle East,Dubai,Outdoor,Terrex,Male,42,Marketplace,Consumer,Digital Wallet,Eid Campaign,1.0,224.23,0.0,224.23,144.73,79.5,4,No,Completed,43,7,188,51749.32,2628.41
ORD-102519,1970-01-01 05:00:45.979,CUST-10262,Usa,North America,Los Angeles,Training,Dropset,Male,45,Marketplace,Business,Credit Card,No Campaign,2.0,94.47,20.0,151.15,112.12,39.03,5,No,Completed,59,5,463,18425.93,3596.63
ORD-102520,1970-01-01 05:00:45.425,CUST-10649,India,South Asia,Delhi,Outdoor,Five Ten,Female,42,Wholesale,Consumer,Cash on Delivery,No Campaign,3.0,169.21,0.0,-1000.0,278.03,229.6,4,No,Completed,24,2,221,68574.95,3988.44
ORD-102521,1970-01-01 05:00:45.814,CUST-10881,India,South Asia,Chennai,Basketball,Harden,Unisex,43,Retail Store,Business,Credit Card,No Campaign,1.0,108.09,30.0,75.66,75.12,0.54,5,No,Completed,42,4,923,92104.28,441.85
ORD-102522,1970-01-01 05:00:45.861,CUST-10376,Australia,Oceania,Sydney,Lifestyle,Samba,Male,43,Wholesale,Premium Consumer,Digital Wallet,Black Friday,1.0,94.67,10.0,85.2,67.05,18.15,3,No,Pending,48,3,962,2450.71,1434.82
ORD-102523,1970-01-01 05:00:45.035,CUST-10423,Uae,Middle East,Abu Dhabi,Basketball,Own The Game,Unisex,45,Online Store,Consumer,Digital Wallet,New Year Sale,2.0,71.82,5.0,136.46,100.06,36.4,3,No,Completed,62,5,352,25518.68,3874.1
ORD-102524,1970-01-01 05:00:45.689,CUST-10381,Saudi Arabia,Middle East,Jeddah,Football,Predator,Male,42,Online Store,Premium Consumer,Credit Card,No Campaign,1.0,77.39,15.0,65.78,47.58,18.2,5,No,Completed,62,3,50,26911.1,2456.26
ORD-102525,1970-01-01 05:00:45.305,CUST-10034,Uae,Middle East,Sharjah,Football,Predator,Female,42,Marketplace,Business,Credit Card,Sports Event,1.0,119.57,15.0,101.63,54.82,46.81,3,No,Completed,30,3,87,10354.43,992.72
ORD-102526,1970-01-01 05:00:45.517,CUST-10229,Germany,Europe,Hamburg,Football,X Crazyfast,Male,38,Marketplace,Consumer,Credit Card,Eid Campaign,1.0,71.5,10.0,64.35,41.77,22.58,3,No,Pending,22,2,221,22936.68,2021.85
ORD-102527,1970-01-01 05:00:45.138,CUST-10144,Usa,North America,Chicago,Training,Dropset,Male,44,Marketplace,Business,Bank Transfer,New Year Sale,1.0,78.24,20.0,62.59,34.81,27.78,2,No,Completed,64,2,487,38706.22,1423.17
ORD-102528,1970-01-01 05:00:45.749,CUST-10667,Uae,Middle East,Abu Dhabi,Running,Ultraboost,Male,42,Wholesale,Consumer,Debit Card,Summer Sale,2.0,198.21,10.0,356.78,284.65,72.13,5,No,Completed,34,2,859,94013.62,348.2
ORD-102529,1970-01-01 05:00:44.991,CUST-10894,Uae,Middle East,Abu Dhabi,Basketball,D.O.N. Issue,Male,40,Retail Store,Business,Debit Card,No Campaign,1.0,91.19,10.0,82.07,63.81,18.26,4,No,Completed,37,1,878,86096.44,3841.77
ORD-102530,1970-01-01 05:00:44.983,CUST-10352,Germany,Europe,Berlin,Training,Powerlift,Unisex,36,Online Store,Consumer,Debit Card,Black Friday,1.0,137.8,21.13,96.46,77.73,18.73,5,No,Pending,23,1,166,94627.62,1529.3
ORD-102531,1970-01-01 05:00:45.133,CUST-10062,Uk,Europe,London,Football,X Crazyfast,Male,40,Marketplace,Consumer,Bank Transfer,Eid Campaign,1.0,54.89,12.05,54.89,37.9,16.99,5,No,Completed,29,5,705,12496.89,4731.14
ORD-102532,1970-01-01 05:00:45.425,CUST-10337,India,South Asia,Kolkata,Football,X Crazyfast,Female,42,Mobile App,Business,Cash on Delivery,Black Friday,1.0,91.03,5.0,86.48,42.82,43.66,3,No,Completed,64,5,972,3290.82,4451.81
ORD-102533,1970-01-01 05:00:45.307,CUST-10423,Uae,Middle East,Sharjah,Football,Copa,Female,44,Marketplace,Business,Digital Wallet,Eid Campaign,1.0,72.71,10.0,65.44,44.49,20.95,4,No,Completed,21,2,100,11433.37,3609.76
ORD-102534,1970-01-01 05:00:45.975,CUST-10449,Pakistan,South Asia,Faisalabad,Football,Copa,Female,42,Marketplace,Consumer,Credit Card,Sports Event,1.0,161.96,5.0,153.86,115.0,38.86,4,No,Completed,28,4,713,91472.42,1700.51
ORD-102535,1970-01-01 05:00:45.856,CUST-10058,Germany,Europe,Hamburg,Football,F50,Unisex,44,Retail Store,Premium Consumer,Bank Transfer,New Year Sale,1.0,122.09,0.0,122.09,58.92,63.17,5,No,Completed,43,5,423,38922.964957794975,1471.63
ORD-102536,1970-01-01 05:00:45.402,CUST-10449,Germany,Europe,Munich,Football,F50,Male,38,Marketplace,Business,Debit Card,Eid Campaign,1.0,73.56,20.0,58.85,48.32,10.53,3,No,Completed,40,1,524,57477.35,2428.83
ORD-102537,1970-01-01 05:00:45.062,CUST-10751,Usa,North America,Chicago,Basketball,Dame,Female,43,Retail Store,Premium Consumer,Debit Card,Sports Event,3.0,128.34,15.0,327.27,269.79,57.48,4,No,Completed,31,2,146,23144.45,1837.55
ORD-102538,1970-01-01 05:00:45.779,CUST-10122,Pakistan,South Asia,Islamabad,Lifestyle,Superstar,Male,44,Mobile App,Premium Consumer,Debit Card,Summer Sale,2.0,51.92,0.0,103.84,63.39,40.45,4,No,Completed,27,4,261,2553.22,4515.68
ORD-102539,1970-01-01 05:00:45.253,CUST-10281,Usa,North America,Chicago,Lifestyle,Campus,Female,44,Mobile App,Premium Consumer,Cash on Delivery,Sports Event,1.0,55.75,50.0,27.88,36.31,-8.43,3,No,Completed,41,3,145,8919.82,705.13
ORD-102540,1970-01-01 05:00:45.762,CUST-10201,Saudi Arabia,Middle East,Dammam,Basketball,Harden,Unisex,45,Marketplace,Business,Debit Card,Summer Sale,1.0,104.98,15.0,89.23,59.52,29.71,3,No,Completed,33,4,487,71124.8,3649.89
ORD-102541,1970-01-01 05:00:45.938,CUST-10276,Uk,Europe,London,Football,F50,Male,44,Online Store,Premium Consumer,Digital Wallet,No Campaign,1.0,149.66,20.0,119.73,67.97,51.76,3,No,Completed,61,4,520,18645.46,3093.39
ORD-102542,1970-01-01 05:00:45.783,CUST-10831,Uae,Middle East,Dubai,Outdoor,Five Ten,Unisex,38,Retail Store,Premium Consumer,Cash on Delivery,Summer Sale,1.0,108.3,5.0,102.88,47.96,54.92,4,No,Completed,35,1,80,55967.30756871867,4050.88
ORD-102543,1970-01-01 05:00:45.951,CUST-10282,Uk,Europe,Birmingham,Training,Everyday,Female,42,Wholesale,Consumer,Digital Wallet,No Campaign,3.0,60.97,30.0,128.04,111.73,16.31,2,Yes,Returned,24,4,579,38037.02,2758.19
ORD-102544,1970-01-01 05:00:45.533,CUST-10064,Usa,North America,Houston,Outdoor,Ridgewalker,Unisex,42,Wholesale,Business,Bank Transfer,Sports Event,1.0,81.52,30.0,57.06,36.23,20.83,4,No,Completed,58,2,821,65895.54,3184.75
ORD-102545,1970-01-01 05:00:45.652,CUST-10278,India,South Asia,Mumbai,Training,Dropset,Unisex,45,Online Store,Consumer,Digital Wallet,New Year Sale,1.0,110.53,30.0,77.37,58.7,18.67,4,No,Completed,31,3,125,47202.55,4817.43
ORD-102546,1970-01-01 05:00:45.108,CUST-10592,Saudi Arabia,Middle East,Riyadh,Outdoor,Five Ten,Male,36,Mobile App,Consumer,Digital Wallet,Summer Sale,1.0,231.79,5.0,220.2,109.18,111.02,5,No,Completed,29,5,561,94488.72,550.61
ORD-102547,1970-01-01 05:00:45.267,CUST-10310,Usa,North America,New York,Running,Duramo,Male,44,Wholesale,Business,Digital Wallet,Eid Campaign,1.0,156.16,50.0,78.08,81.95,-3.87,4,No,Completed,51,5,581,43701.13,613.84
ORD-102548,1970-01-01 05:00:45.718,CUST-10488,Pakistan,South Asia,Islamabad,Lifestyle,Gazelle,Unisex,42,Online Store,Consumer,Credit Card,Black Friday,1.0,71.2,5.0,67.64,40.43,27.21,4,No,Completed,57,3,138,20313.53,2028.68
ORD-102549,1970-01-01 05:00:45.832,CUST-10536,Usa,North America,Houston,Football,Copa,Male,42,Marketplace,Consumer,Bank Transfer,Sports Event,2.0,75.79,10.0,136.42,77.45,58.97,5,No,Completed,30,2,950,53846.21,2416.39
ORD-102550,1970-01-01 05:00:45.632,CUST-10602,Uae,Middle East,Abu Dhabi,Training,Everyday,Male,42,Wholesale,Consumer,Digital Wallet,Summer Sale,1.0,128.83,10.0,115.95,86.53,29.42,4,No,Completed,34,5,885,45363.52,1079.37
ORD-102551,1970-01-01 05:00:45.736,CUST-10332,Uk,Europe,London,Running,Adizero,Female,45,Online Store,Business,Credit Card,Summer Sale,1.0,172.16,6.68,146.34,73.34,73.0,4,No,Completed,43,3,681,78820.26,505.07
ORD-102552,1970-01-01 05:00:45.525,CUST-10481,Usa,North America,Houston,Outdoor,Five Ten,Male,43,Mobile App,Business,Credit Card,Eid Campaign,1.0,176.32,10.0,158.69,78.53,80.16,4,No,Pending,26,10,601,93544.56,208.66
ORD-102553,1970-01-01 05:00:45.378,CUST-10775,Saudi Arabia,Middle East,Dammam,Football,Copa,Male,38,Online Store,Premium Consumer,Credit Card,Summer Sale,2.0,70.34,10.0,126.61,85.42,41.19,4,No,Completed,24,3,138,83711.38,3846.5
ORD-102554,1970-01-01 05:00:45.159,CUST-10211,Germany,Europe,Munich,Lifestyle,Samba,Unisex,42,Wholesale,Business,Cash on Delivery,Sports Event,1.0,72.26,0.0,72.26,42.09,30.17,4,No,Completed,43,2,71,39209.45,2476.78
ORD-102555,1970-01-01 05:00:45.390,CUST-10492,Pakistan,South Asia,Karachi,Running,Adizero,Male,44,Retail Store,Premium Consumer,Digital Wallet,Eid Campaign,2.0,89.0,15.0,151.3,100.09,51.21,5,Yes,Returned,26,3,244,22003.55,4232.68
ORD-102556,1970-01-01 05:00:46.019,CUST-10030,Saudi Arabia,Middle East,Dammam,Outdoor,Agravic,Female,36,Wholesale,Business,Cash on Delivery,No Campaign,1.0,198.69,15.0,168.89,128.84,40.05,3,No,Completed,26,3,578,91491.65,1868.1
ORD-102557,1970-01-01 05:00:45.937,CUST-10099,Pakistan,South Asia,Rawalpindi,Running,Duramo,Male,36,Online Store,Premium Consumer,Bank Transfer,No Campaign,1.0,183.96,10.0,165.56,92.19,73.37,4,No,Completed,29,2,641,38901.0,3546.89
ORD-102558,1970-01-01 05:00:45.506,CUST-10531,India,South Asia,Kolkata,Training,Dropset,Male,38,Online Store,Consumer,Cash on Delivery,Sports Event,1.0,46.34,14.7,39.39,24.04,15.35,4,Yes,Returned,59,3,209,77135.56,2493.75
ORD-102559,1970-01-01 05:00:46.011,CUST-10235,Uae,Middle East,Sharjah,Running,Adizero,Female,43,Online Store,Premium Consumer,Bank Transfer,No Campaign,1.0,158.01,0.0,158.01,73.22,84.79,4,No,Completed,44,2,193,98957.97,3099.14
ORD-102560,1970-01-01 05:00:45.431,CUST-10441,India,South Asia,Bangalore,Lifestyle,Samba,Male,38,Retail Store,Premium Consumer,Bank Transfer,Sports Event,1.0,134.77,5.0,128.03,81.42,46.61,4,No,Cancelled,26,3,537,57955.55,1913.96
ORD-102561,1970-01-01 05:00:45.246,CUST-10317,Germany,Europe,Berlin,Basketball,Dame,Male,42,Retail Store,Consumer,Digital Wallet,No Campaign,2.0,124.19,20.0,198.7,138.55,60.15,2,No,Completed,39,3,331,48248.11,497.73
ORD-102562,1970-01-01 05:00:45.921,CUST-10598,Australia,Oceania,Brisbane,Lifestyle,Samba,Male,42,Wholesale,Premium Consumer,Credit Card,No Campaign,1.0,149.99,0.0,149.99,85.82,64.17,5,No,Completed,47,14,510,70137.14,4742.13
ORD-102563,1970-01-01 05:00:45.103,CUST-10477,Germany,Europe,Munich,Training,Dropset,Male,42,Retail Store,Business,Credit Card,New Year Sale,1.0,120.83,15.0,102.71,85.58,17.13,4,No,Completed,44,4,292,19796.13,4196.84
ORD-102564,1970-01-01 05:00:45.548,CUST-10116,Uk,Europe,Manchester,Running,Adizero,Unisex,36,Retail Store,Business,Bank Transfer,Sports Event,1.0,115.74,5.0,109.95,61.95,48.0,5,No,Completed,28,3,729,61472.3202443666,1628.27
ORD-102565,1970-01-01 05:00:45.171,CUST-10352,India,South Asia,Mumbai,Basketball,D.O.N. Issue,Unisex,44,Marketplace,Premium Consumer,Debit Card,Eid Campaign,1.0,144.08,0.0,144.08,87.8,56.28,4,No,Completed,59,4,35,31576.91,4797.64
ORD-102566,1970-01-01 05:00:45.820,CUST-10649,India,South Asia,Chennai,Lifestyle,Gazelle,Unisex,42,Mobile App,Premium Consumer,Cash on Delivery,Eid Campaign,1.0,68.26,50.0,34.13,28.93,5.2,4,No,Completed,28,4,527,16840.67,1572.39
ORD-102567,1970-01-01 05:00:45.416,CUST-10771,Saudi Arabia,Middle East,Dammam,Lifestyle,Samba,Male,36,Mobile App,Premium Consumer,Bank Transfer,No Campaign,3.0,104.25,10.0,281.48,127.04,154.44,5,No,Completed,25,6,77,61208.59,2270.65
ORD-102568,1970-01-01 05:00:45.273,CUST-10738,Usa,North America,Houston,Running,Solarboost,Male,40,Online Store,Premium Consumer,Cash on Delivery,No Campaign,1.0,97.28,10.0,87.55,52.09,35.46,5,No,Completed,44,2,833,57782.76,3800.16
ORD-102569,1970-01-01 05:00:45.095,CUST-10485,India,South Asia,Bangalore,Outdoor,Ridgewalker,Male,42,Online Store,Premium Consumer,Bank Transfer,Sports Event,1.0,140.39,10.0,126.35,85.23,41.12,5,No,Completed,63,4,20,76239.76,1614.12
ORD-102570,1970-01-01 05:00:45.722,CUST-10071,Usa,North America,New York,Outdoor,Ridgewalker,Female,45,Marketplace,Premium Consumer,Cash on Delivery,Summer Sale,1.0,174.94,10.0,157.45,84.89,72.56,4,Yes,Returned,58,3,646,87360.53,1690.09
ORD-102571,1970-01-01 05:00:45.565,CUST-10116,Germany,Europe,Berlin,Football,F50,Male,40,Marketplace,Premium Consumer,Digital Wallet,Sports Event,1.0,162.28,0.0,162.28,84.94,77.34,3,No,Completed,58,3,244,22427.41,2109.4
ORD-102572,1970-01-01 05:00:45.492,CUST-10775,India,South Asia,Kolkata,Outdoor,Five Ten,Unisex,42,Mobile App,Premium Consumer,Bank Transfer,Black Friday,1.0,199.43,5.0,189.46,100.05,89.41,5,No,Completed,19,4,394,37704.79456083435,2395.11
ORD-102573,1970-01-01 05:00:45.683,CUST-10300,Saudi Arabia,Middle East,Riyadh,Running,Ultraboost,Unisex,42,Mobile App,Premium Consumer,Cash on Delivery,Sports Event,2.0,117.25,0.0,234.5,104.14,130.36,3,No,Completed,45,1,695,37054.82,705.72
ORD-102574,1970-01-01 05:00:45.672,CUST-10200,Usa,North America,Chicago,Football,Copa,Male,40,Mobile App,Business,Credit Card,Eid Campaign,1.0,127.16,10.0,114.44,77.13,37.31,3,No,Completed,58,4,683,63066.16,185.71
ORD-102575,1970-01-01 05:00:45.199,CUST-10476,Uae,Middle East,Sharjah,Training,Rapidmove,Female,43,Marketplace,Consumer,Cash on Delivery,Eid Campaign,1.0,113.32,16.7,96.32,70.87,25.45,2,Yes,Returned,40,4,53,85098.88,4603.87
ORD-102576,1970-01-01 05:00:45.014,CUST-10812,Pakistan,South Asia,Rawalpindi,Training,Dropset,Female,44,Online Store,Consumer,Credit Card,Eid Campaign,2.0,73.5,15.0,124.95,103.33,21.62,4,Yes,Returned,38,2,92,74756.91228110401,1830.62
ORD-102577,1970-01-01 05:00:45.009,CUST-10668,Usa,North America,Houston,Football,Copa,Male,36,Online Store,Business,Digital Wallet,Eid Campaign,1.0,163.52,0.0,163.52,99.69,63.83,5,No,Completed,56,2,952,60295.65,598.27
ORD-102578,1970-01-01 05:00:45.132,CUST-10898,Pakistan,South Asia,Faisalabad,Outdoor,Agravic,Male,45,Retail Store,Consumer,Digital Wallet,Eid Campaign,1.0,134.86,15.0,114.63,57.71,56.92,5,No,Completed,46,2,825,41624.588363837545,3819.94
ORD-102579,1970-01-01 05:00:45.176,CUST-10658,Uae,Middle East,Abu Dhabi,Football,Predator,Unisex,38,Retail Store,Consumer,Debit Card,New Year Sale,1.0,154.59,5.0,146.86,96.22,50.64,4,No,Completed,54,4,292,79162.44,1545.8
ORD-102580,1970-01-01 05:00:45.244,CUST-10036,Uae,Middle East,Abu Dhabi,Football,X Crazyfast,Male,38,Marketplace,Premium Consumer,Cash on Delivery,No Campaign,1.0,75.85,20.0,60.68,40.47,20.21,1,Yes,Returned,39,3,375,36935.98162021952,990.15
ORD-102581,1970-01-01 05:00:44.992,CUST-10097,Saudi Arabia,Middle East,Riyadh,Basketball,Dame,Female,38,Online Store,Business,Bank Transfer,Black Friday,1.0,117.65,0.0,117.65,53.57,64.08,3,No,Completed,37,3,175,77078.37,4816.79
ORD-102582,1970-01-01 05:00:45.394,CUST-10783,Australia,Oceania,Melbourne,Lifestyle,Samba,Male,38,Retail Store,Premium Consumer,Credit Card,Black Friday,1.0,56.2,0.0,56.2,24.44,31.76,4,Yes,Returned,37,3,189,29150.34,4610.66
ORD-102583,1970-01-01 05:00:45.225,CUST-10028,Saudi Arabia,Middle East,Riyadh,Basketball,Own The Game,Unisex,45,Wholesale,Consumer,Credit Card,Eid Campaign,1.0,77.11,0.0,77.11,55.41,21.7,1,No,Completed,35,3,757,70583.45,618.15
ORD-102584,1970-01-01 05:00:45.929,CUST-10600,Uk,Europe,Birmingham,Running,Solarboost,Male,44,Wholesale,Consumer,Credit Card,Summer Sale,1.0,88.2,10.0,79.38,55.48,23.9,5,No,Pending,33,4,806,60777.68,4506.5
ORD-102585,1970-01-01 05:00:45.541,CUST-10762,Pakistan,South Asia,Rawalpindi,Running,Ultraboost,Unisex,44,Marketplace,Consumer,Cash on Delivery,No Campaign,2.0,201.29,15.0,342.19,180.83,161.36,3,No,Completed,22,3,987,45939.71,4465.25
ORD-102586,1970-01-01 05:00:45.464,CUST-10456,Germany,Europe,Munich,Football,Predator,Female,45,Mobile App,Premium Consumer,Cash on Delivery,Sports Event,1.0,144.66,30.0,101.26,66.6,34.66,5,No,Completed,20,4,191,38145.2,3208.44
ORD-102587,1970-01-01 05:00:45.285,CUST-10167,Uae,Middle East,Dubai,Lifestyle,Samba,Unisex,45,Wholesale,Business,Debit Card,No Campaign,1.0,52.08,30.0,36.46,22.61,13.85,5,No,Completed,19,3,615,33494.2,2695.72
ORD-102588,1970-01-01 05:00:45.946,CUST-10267,Usa,North America,New York,Football,Copa,Unisex,42,Mobile App,Business,Bank Transfer,No Campaign,1.0,130.62,0.0,130.62,69.53,61.09,5,Yes,Returned,33,2,67,1462.6,1165.45
ORD-102589,1970-01-01 05:00:45.837,CUST-10193,Uae,Middle East,Dubai,Running,Adizero,Male,43,Wholesale,Business,Credit Card,Black Friday,1.0,212.03,10.0,190.83,95.42,95.41,4,No,Cancelled,19,5,323,17371.08,694.78
ORD-102590,1970-01-01 05:00:45.632,CUST-10163,Germany,Europe,Munich,Lifestyle,Campus,Female,44,Online Store,Business,Cash on Delivery,No Campaign,1.0,126.95,0.0,126.95,73.73,53.22,3,No,Completed,27,1,154,6368.33,3071.21
ORD-102591,1970-01-01 05:00:45.027,CUST-10874,Pakistan,South Asia,Islamabad,Training,Rapidmove,Female,40,Wholesale,Business,Bank Transfer,Eid Campaign,2.0,93.42,20.0,149.47,79.4,70.07,5,No,Completed,46,3,453,84911.58,4127.59
ORD-102592,1970-01-01 05:00:45.026,CUST-10316,Pakistan,South Asia,Faisalabad,Training,Dropset,Female,43,Mobile App,Consumer,Debit Card,Eid Campaign,1.0,106.77,5.0,101.43,49.75,51.68,3,No,Completed,27,2,225,86078.84,3474.35
ORD-102593,1970-01-01 05:00:45.015,CUST-10825,Uk,Europe,London,Basketball,Own The Game,Female,42,Retail Store,Premium Consumer,Digital Wallet,No Campaign,1.0,177.0,15.0,150.45,93.87,56.58,2,No,Completed,60,5,232,84696.24,985.92
ORD-102594,1970-01-01 05:00:45.539,CUST-10163,Saudi Arabia,Middle East,Dammam,Training,Dropset,Unisex,36,Retail Store,Premium Consumer,Debit Card,Sports Event,1.0,58.33,15.0,49.58,35.07,14.51,1,No,Completed,64,3,507,81883.02,1521.09
ORD-102595,1970-01-01 05:00:45.325,CUST-10816,Pakistan,South Asia,Faisalabad,Lifestyle,Campus,Unisex,43,Wholesale,Business,Debit Card,Sports Event,1.0,85.86,10.0,77.27,49.72,27.55,3,No,Cancelled,23,1,103,22522.38,2777.45
ORD-102596,1970-01-01 05:00:45.544,CUST-10248,Usa,North America,Houston,Basketball,Dame,Male,40,Marketplace,Consumer,Bank Transfer,Black Friday,1.0,84.03,10.0,75.63,37.0,38.63,4,No,Completed,21,1,465,49432.72,3162.46
ORD-102597,1970-01-01 05:00:45.440,CUST-10676,Uae,Middle East,Dubai,Football,X Crazyfast,Male,44,Wholesale,Consumer,Credit Card,Black Friday,1.0,79.67,15.0,67.72,40.26,27.46,2,No,Completed,44,2,827,90830.46,454.04
ORD-102598,1970-01-01 05:00:45.557,CUST-10490,India,South Asia,Delhi,Training,Powerlift,Unisex,38,Marketplace,Consumer,Digital Wallet,New Year Sale,1.0,50.17,30.0,35.12,26.92,8.2,5,No,Completed,56,5,427,76098.29,3108.85
ORD-102599,1970-01-01 05:00:45.572,CUST-10189,India,South Asia,Chennai,Basketball,Dame,Male,36,Mobile App,Consumer,Digital Wallet,New Year Sale,1.0,169.78,5.0,161.29,69.38,91.91,4,Yes,Returned,62,5,751,681.12,3707.97
ORD-102600,1970-01-01 05:00:45.495,CUST-10045,Usa,North America,Los Angeles,Running,Adizero,Female,44,Online Store,Consumer,Debit Card,Summer Sale,3.0,180.31,15.0,459.79,351.33,108.46,3,No,Completed,36,14,925,46212.94,988.65
ORD-102601,1970-01-01 05:00:45.523,CUST-10721,Uae,Middle East,Dubai,Lifestyle,Campus,Male,42,Online Store,Premium Consumer,Bank Transfer,Summer Sale,2.0,113.24,10.0,203.83,130.43,73.4,3,No,Completed,53,2,992,1561.68,1306.47
ORD-102602,1970-01-01 05:00:45.499,CUST-10287,Usa,North America,New York,Football,Predator,Male,43,Mobile App,Consumer,Bank Transfer,New Year Sale,1.0,93.85,10.0,84.46,50.85,33.61,1,No,Completed,22,1,441,28425.77,1368.59
ORD-102603,1970-01-01 05:00:45.130,CUST-10143,India,South Asia,Chennai,Training,Powerlift,Female,40,Wholesale,Consumer,Debit Card,No Campaign,2.0,130.95,5.06,235.71,126.54,109.17,2,No,Completed,31,3,723,54872.74029229135,4705.07
ORD-102604,1970-01-01 05:00:45.877,CUST-10877,Uk,Europe,London,Running,Duramo,Male,38,Marketplace,Business,Debit Card,New Year Sale,1.0,201.64,5.0,191.56,81.74,109.82,4,No,Completed,42,2,125,89343.48,2094.38
ORD-102605,1970-01-01 05:00:45.356,CUST-10696,Uae,Middle East,Abu Dhabi,Training,Rapidmove,Male,43,Retail Store,Consumer,Cash on Delivery,No Campaign,1.0,132.63,0.0,132.63,65.44,67.19,5,No,Completed,60,5,634,65611.24,2699.8
ORD-102606,1970-01-01 05:00:45.248,CUST-10077,Saudi Arabia,Middle East,Dammam,Running,Adizero,Male,44,Wholesale,Premium Consumer,Credit Card,Summer Sale,1.0,122.3,20.0,97.84,60.45,37.39,2,No,Completed,19,10,35,36567.21,3649.14
ORD-102607,1970-01-01 05:00:45.122,CUST-10457,Uae,Middle East,Sharjah,Running,Duramo,Unisex,36,Online Store,Business,Debit Card,Sports Event,1.0,183.63,0.0,183.63,104.23,79.4,4,No,Completed,53,3,237,49320.16,1920.16
ORD-102608,1970-01-01 05:00:45.389,CUST-10719,Saudi Arabia,Middle East,Dammam,Football,Copa,Unisex,44,Online Store,Business,Credit Card,No Campaign,1.0,82.28,10.0,74.05,50.44,23.61,5,No,Completed,51,3,241,81830.25,617.22
ORD-102609,1970-01-01 05:00:45.303,CUST-10529,Pakistan,South Asia,Rawalpindi,Outdoor,Terrex,Unisex,42,Mobile App,Consumer,Digital Wallet,Summer Sale,1.0,127.85,5.0,121.46,55.26,66.2,4,No,Completed,58,3,132,30315.73,3306.18
ORD-102610,1970-01-01 05:00:45.502,CUST-10889,Uae,Middle East,Sharjah,Basketball,Own The Game,Female,38,Wholesale,Business,Cash on Delivery,Black Friday,1.0,142.97,15.0,121.52,97.87,23.65,4,No,Completed,47,6,891,61695.96,3369.64
ORD-102611,1970-01-01 05:00:45.219,CUST-10082,Uk,Europe,London,Running,Duramo,Male,44,Marketplace,Business,Debit Card,Summer Sale,1.0,213.01,10.0,191.71,89.31,102.4,3,No,Completed,64,3,226,26593.56,1376.68
ORD-102612,1970-01-01 05:00:45.886,CUST-10845,Saudi Arabia,Middle East,Jeddah,Running,Duramo,Male,38,Marketplace,Premium Consumer,Digital Wallet,Black Friday,1.0,108.88,15.0,92.55,78.25,14.3,1,No,Completed,60,10,402,48256.36,272.62
ORD-102613,1970-01-01 05:00:45.428,CUST-10486,Australia,Oceania,Melbourne,Outdoor,Agravic,Male,38,Wholesale,Premium Consumer,Cash on Delivery,Summer Sale,2.0,202.61,30.0,283.65,267.82,15.83,2,No,Completed,62,4,395,2953.52,3360.23
ORD-102614,1970-01-01 05:00:45.948,CUST-10613,India,South Asia,Chennai,Running,Duramo,Female,43,Marketplace,Consumer,Cash on Delivery,Summer Sale,1.0,158.75,0.0,158.75,109.48,49.27,4,No,Completed,19,4,89,85301.39,3546.79
ORD-102615,1970-01-01 05:00:45.064,CUST-10083,Australia,Oceania,Sydney,Outdoor,Five Ten,Male,38,Wholesale,Consumer,Cash on Delivery,Eid Campaign,2.0,210.68,15.0,358.16,197.95,160.21,5,No,Completed,25,2,254,5310.71,227.72
ORD-102616,1970-01-01 05:00:45.049,CUST-10142,Pakistan,South Asia,Karachi,Training,Dropset,Male,42,Online Store,Business,Credit Card,Eid Campaign,1.0,94.27,15.0,80.13,52.07,28.06,5,Yes,Returned,38,10,955,22823.87,3496.6
ORD-102617,1970-01-01 05:00:44.976,CUST-10413,Australia,Oceania,Sydney,Outdoor,Five Ten,Unisex,44,Mobile App,Consumer,Cash on Delivery,Summer Sale,1.0,103.36,15.0,87.86,70.24,17.62,2,No,Completed,54,4,82,33684.43,4700.75
ORD-102618,1970-01-01 05:00:45.922,CUST-10046,Uae,Middle East,Dubai,Football,X Crazyfast,Unisex,42,Wholesale,Consumer,Credit Card,Summer Sale,1.0,128.09,10.0,115.28,62.43,52.85,5,No,Completed,38,4,499,62703.53,976.05
ORD-102619,1970-01-01 05:00:45.976,CUST-10415,Usa,North America,Chicago,Outdoor,Agravic,Female,42,Mobile App,Consumer,Credit Card,Black Friday,1.0,196.6,0.0,196.6,119.84,76.76,2,No,Completed,51,3,650,72143.33,2654.49
ORD-102620,1970-01-01 05:00:45.321,CUST-10185,Uae,Middle East,Dubai,Lifestyle,Campus,Male,36,Retail Store,Premium Consumer,Cash on Delivery,No Campaign,1.0,87.56,0.0,87.56,48.52,39.04,4,No,Completed,43,1,308,8504.88,3514.2
ORD-102621,1970-01-01 05:00:45.351,CUST-10588,Uae,Middle East,Dubai,Football,Predator,Female,43,Marketplace,Business,Bank Transfer,Eid Campaign,3.0,105.4,5.0,300.39,186.76,113.63,4,No,Completed,43,2,531,4824.82,1227.39
ORD-102622,1970-01-01 05:00:45.186,CUST-10887,Usa,North America,Houston,Lifestyle,Gazelle,Unisex,44,Online Store,Premium Consumer,Bank Transfer,Summer Sale,2.0,125.85,12.68,201.36,178.05,23.31,4,No,Completed,57,2,840,79999.49,3782.59
ORD-102623,1970-01-01 05:00:45.073,CUST-10737,Australia,Oceania,Melbourne,Training,Everyday,Male,45,Retail Store,Consumer,Credit Card,No Campaign,1.0,137.77,15.0,117.1,63.23,53.87,4,No,Completed,45,14,83,71360.57,4353.63
ORD-102624,1970-01-01 05:00:45.721,CUST-10419,Uk,Europe,Manchester,Outdoor,Terrex,Male,38,Mobile App,Premium Consumer,Debit Card,Eid Campaign,1.0,180.27,5.0,171.26,128.86,42.4,2,No,Pending,45,90,26,83239.26,4091.3
ORD-102625,1970-01-01 05:00:45.057,CUST-10512,Australia,Oceania,Sydney,Football,Copa,Male,40,Marketplace,Premium Consumer,Cash on Delivery,Summer Sale,1.0,52.78,5.0,50.14,23.58,26.56,4,No,Completed,31,5,569,67815.56,1368.6
ORD-102626,1970-01-01 05:00:45.730,CUST-10434,Saudi Arabia,Middle East,Jeddah,Training,Everyday,Female,38,Mobile App,Premium Consumer,Bank Transfer,Eid Campaign,1.0,92.33,15.0,78.48,65.28,13.2,4,No,Completed,39,5,378,75225.72,4040.66
ORD-102627,1970-01-01 05:00:45.254,CUST-10606,Uk,Europe,London,Lifestyle,Superstar,Female,44,Marketplace,Consumer,Credit Card,Black Friday,2.0,73.73,7.49,103.22,62.4,40.82,4,No,Completed,58,3,900,38214.32,2125.38
ORD-102628,1970-01-01 05:00:45.571,CUST-10637,Usa,North America,Houston,Outdoor,Ridgewalker,Male,40,Wholesale,Premium Consumer,Cash on Delivery,Eid Campaign,2.0,95.59,5.0,181.62,86.82,94.8,4,No,Completed,37,2,329,59223.34,1405.67
ORD-102629,1970-01-01 05:00:45.038,CUST-10170,Germany,Europe,Munich,Running,Adizero,Male,44,Mobile App,Business,Digital Wallet,Summer Sale,2.0,121.0,15.0,205.7,168.53,37.17,4,No,Completed,51,1,392,80636.54,923.06
ORD-102630,1970-01-01 05:00:44.971,CUST-10692,Saudi Arabia,Middle East,Dammam,Outdoor,Agravic,Female,38,Marketplace,Business,Cash on Delivery,Summer Sale,1.0,151.12,10.0,136.01,88.35,47.66,5,Yes,Returned,59,7,216,17625.69,4554.01
ORD-102631,1970-01-01 05:00:45.543,CUST-10519,India,South Asia,Chennai,Football,Predator,Unisex,42,Online Store,Consumer,Debit Card,Summer Sale,1.0,104.28,30.0,73.0,64.51,8.49,5,No,Completed,22,1,844,42570.88,2191.8
ORD-102632,1970-01-01 05:00:44.939,CUST-10406,Uk,Europe,Manchester,Training,Rapidmove,Female,44,Wholesale,Premium Consumer,Debit Card,Black Friday,1.0,64.02,5.0,60.82,38.03,22.79,4,No,Completed,55,4,380,68376.27245755517,4342.08
ORD-102633,1970-01-01 05:00:45.033,CUST-10637,India,South Asia,Chennai,Lifestyle,Campus,Male,42,Retail Store,Business,Bank Transfer,New Year Sale,1.0,139.85,0.0,139.85,92.16,47.69,3,No,Completed,54,4,636,53497.34,881.77
ORD-102634,1970-01-01 05:00:45.854,CUST-10282,Uae,Middle East,Sharjah,Running,Solarboost,Unisex,40,Retail Store,Consumer,Digital Wallet,Sports Event,1.0,179.33,0.0,179.33,116.94,62.39,4,No,Completed,49,3,799,68324.92,3858.27
ORD-102635,1970-01-01 05:00:45.479,CUST-10774,Uae,Middle East,Abu Dhabi,Outdoor,Terrex,Male,43,Mobile App,Premium Consumer,Digital Wallet,No Campaign,2.0,152.18,20.0,243.49,205.29,38.2,3,No,Pending,56,10,711,29640.48,639.07
ORD-102636,1970-01-01 05:00:45.376,CUST-10220,Usa,North America,Los Angeles,Football,F50,Unisex,43,Retail Store,Consumer,Credit Card,No Campaign,2.0,75.14,0.0,150.28,80.01,70.27,5,No,Completed,46,2,949,22279.997679231124,186.07
ORD-102637,1970-01-01 05:00:45.027,CUST-10853,Uae,Middle East,Dubai,Football,Predator,Unisex,45,Marketplace,Business,Cash on Delivery,Summer Sale,1.0,86.67,0.0,86.67,55.31,31.36,4,No,Completed,50,5,940,3400.01,4975.74
ORD-102638,1970-01-01 05:00:45.346,CUST-10641,Usa,North America,Los Angeles,Basketball,Harden,Female,38,Wholesale,Premium Consumer,Credit Card,New Year Sale,2.0,99.87,30.0,139.82,101.37,38.45,5,No,Completed,29,4,507,94306.73,460.33
ORD-102639,1970-01-01 05:00:45.948,CUST-10587,Uae,Middle East,Sharjah,Outdoor,Five Ten,Unisex,38,Retail Store,Premium Consumer,Credit Card,Black Friday,1.0,238.7,50.0,119.35,121.1,-1.75,4,No,Completed,28,10,282,94481.73,2361.55
ORD-102640,1970-01-01 05:00:45.817,CUST-10891,Uk,Europe,Birmingham,Lifestyle,Campus,Male,36,Wholesale,Premium Consumer,Digital Wallet,Black Friday,2.0,87.33,5.0,165.93,84.43,81.5,5,No,Completed,27,7,213,21522.59,4404.09
ORD-102641,1970-01-01 05:00:45.225,CUST-10250,Pakistan,South Asia,Islamabad,Running,Adizero,Unisex,42,Online Store,Business,Debit Card,Black Friday,2.0,108.83,0.0,217.66,130.98,86.68,4,No,Completed,20,2,155,15172.83,4114.96
ORD-102642,1970-01-01 05:00:45.085,CUST-10524,Pakistan,South Asia,Lahore,Outdoor,Terrex,Female,44,Mobile App,Consumer,Digital Wallet,Black Friday,2.0,147.85,11.06,295.7,156.26,139.44,3,No,Completed,46,3,529,2304.91,2408.76
ORD-102643,1970-01-01 05:00:45.370,CUST-10092,Pakistan,South Asia,Rawalpindi,Lifestyle,Samba,Unisex,45,Wholesale,Business,Credit Card,Black Friday,1.0,125.07,0.0,125.07,54.42,70.65,4,No,Pending,23,6,854,23510.06,3093.16
ORD-102644,1970-01-01 05:00:45.052,CUST-10666,Uk,Europe,Manchester,Outdoor,Terrex,Male,44,Retail Store,Consumer,Cash on Delivery,Eid Campaign,1.0,96.47,0.0,96.47,38.66,57.81,2,No,Completed,63,2,616,33767.97,3185.56
ORD-102645,1970-01-01 05:00:45.082,CUST-10701,Usa,North America,Los Angeles,Lifestyle,Campus,Female,42,Wholesale,Business,Credit Card,Black Friday,1.0,103.86,5.0,98.67,48.98,49.69,3,No,Completed,32,5,158,24503.64,638.14
ORD-102646,1970-01-01 05:00:45.865,CUST-10009,Saudi Arabia,Middle East,Dammam,Training,Everyday,Female,45,Online Store,Consumer,Credit Card,New Year Sale,4.0,142.9,20.0,457.28,332.5,124.78,3,No,Completed,22,4,40,28947.41534614934,1496.03
ORD-102647,1970-01-01 05:00:45.984,CUST-10604,Pakistan,South Asia,Islamabad,Running,Duramo,Female,44,Mobile App,Consumer,Digital Wallet,Eid Campaign,1.0,197.18,15.0,167.6,129.93,37.67,3,No,Completed,20,4,801,75068.33,1574.82
ORD-102648,1970-01-01 05:00:45.003,CUST-10756,Uk,Europe,London,Running,Ultraboost,Female,38,Mobile App,Business,Bank Transfer,Sports Event,1.0,117.53,3.75,117.53,51.48,66.05,4,No,Cancelled,48,4,504,8560.91,1952.83
ORD-102649,1970-01-01 05:00:45.819,CUST-10703,Saudi Arabia,Middle East,Riyadh,Training,Dropset,Male,42,Wholesale,Premium Consumer,Digital Wallet,New Year Sale,1.0,40.12,10.0,36.11,26.69,9.42,2,No,Completed,49,5,518,69883.5,1442.2
ORD-102650,1970-01-01 05:00:45.889,CUST-10307,Usa,North America,Houston,Running,Ultraboost,Female,42,Wholesale,Business,Bank Transfer,Summer Sale,1.0,96.94,15.0,82.4,54.37,28.03,4,No,Completed,42,5,4,52298.22,1332.34
ORD-102651,1970-01-01 05:00:45.061,CUST-10046,Saudi Arabia,Middle East,Jeddah,Football,F50,Male,42,Online Store,Premium Consumer,Bank Transfer,Summer Sale,2.0,101.49,20.0,162.38,122.43,39.95,1,No,Completed,62,5,20,13650.53,1838.45
ORD-102652,1970-01-01 05:00:45.657,CUST-10658,Germany,Europe,Munich,Football,Copa,Unisex,38,Wholesale,Premium Consumer,Digital Wallet,Black Friday,1.0,173.63,10.0,156.27,93.91,62.36,5,No,Completed,62,14,645,74083.78,1958.21
ORD-102653,1970-01-01 05:00:45.683,CUST-10785,Australia,Oceania,Sydney,Outdoor,Ridgewalker,Female,42,Retail Store,Business,Bank Transfer,New Year Sale,1.0,240.19,0.0,240.19,121.69,118.5,1,No,Completed,32,3,940,9061.53,2487.4
ORD-102654,1970-01-01 05:00:45.721,CUST-10842,Uae,Middle East,Abu Dhabi,Basketball,Harden,Unisex,40,Online Store,Premium Consumer,Digital Wallet,Black Friday,1.0,96.03,15.0,81.63,60.47,21.16,4,No,Completed,22,3,631,18126.49,950.32
ORD-102655,1970-01-01 05:00:45.475,CUST-10515,Pakistan,South Asia,Faisalabad,Running,Solarboost,Male,45,Mobile App,Business,Debit Card,No Campaign,1.0,131.18,10.0,118.06,83.4,34.66,5,No,Completed,43,3,241,37080.126980103916,3962.85
ORD-102656,1970-01-01 05:00:45.982,CUST-10400,Saudi Arabia,Middle East,Jeddah,Running,Adizero,Male,38,Mobile App,Consumer,Digital Wallet,Eid Campaign,2.0,114.94,0.0,229.88,145.9,83.98,5,No,Completed,32,7,930,93933.82,4317.27
ORD-102657,1970-01-01 05:00:45.449,CUST-10388,Usa,North America,Chicago,Lifestyle,Gazelle,Male,42,Online Store,Consumer,Cash on Delivery,Summer Sale,1.0,79.69,5.0,75.71,51.47,24.24,5,No,Completed,41,2,105,69966.52,1316.01
ORD-102658,1970-01-01 05:00:45.145,CUST-10339,Germany,Europe,Berlin,Basketball,Own The Game,Male,45,Mobile App,Consumer,Credit Card,No Campaign,1.0,124.42,15.0,105.76,82.21,23.55,4,No,Completed,29,4,342,41422.95,704.17
ORD-102659,1970-01-01 05:00:45.862,CUST-10062,Australia,Oceania,Sydney,Football,Predator,Unisex,40,Mobile App,Premium Consumer,Digital Wallet,Eid Campaign,1.0,52.09,20.0,41.67,28.63,13.04,5,No,Completed,52,3,642,82309.31,3639.33
ORD-102660,1970-01-01 05:00:45.214,CUST-10497,India,South Asia,Mumbai,Running,Solarboost,Male,44,Wholesale,Premium Consumer,Debit Card,No Campaign,1.0,76.34,0.0,76.34,33.65,42.69,4,Yes,Returned,20,7,416,21987.96,4628.8
ORD-102661,1970-01-01 05:00:45.096,CUST-10895,Pakistan,South Asia,Karachi,Running,Duramo,Male,36,Retail Store,Business,Cash on Delivery,Summer Sale,1.0,149.77,0.0,149.77,89.27,60.5,5,No,Pending,61,7,37,93143.78,272.23
ORD-102662,1970-01-01 05:00:45.928,CUST-10481,Saudi Arabia,Middle East,Riyadh,Basketball,Dame,Unisex,36,Marketplace,Business,Digital Wallet,Sports Event,2.0,77.44,15.0,131.65,104.95,26.7,5,No,Completed,26,5,598,69851.23,170.74
ORD-102663,1970-01-01 05:00:45.801,CUST-10169,Australia,Oceania,Sydney,Training,Dropset,Unisex,44,Online Store,Premium Consumer,Cash on Delivery,Sports Event,1.0,126.16,15.0,107.24,57.57,49.67,5,Yes,Returned,42,2,335,56178.27,998.78
ORD-102664,1970-01-01 05:00:45.751,CUST-10202,Usa,North America,Houston,Basketball,Own The Game,Female,44,Online Store,Business,Bank Transfer,Sports Event,2.0,71.58,15.0,121.69,75.82,45.87,5,No,Completed,38,1,472,79567.52,3455.48
ORD-102665,1970-01-01 05:00:45.325,CUST-10167,Usa,North America,Chicago,Lifestyle,Gazelle,Female,36,Online Store,Business,Cash on Delivery,Summer Sale,1.0,114.61,5.0,108.88,51.34,57.54,5,Yes,Returned,21,2,112,64655.71,4827.43
ORD-102666,1970-01-01 05:00:45.704,CUST-10416,Uae,Middle East,Sharjah,Basketball,Harden,Unisex,42,Retail Store,Premium Consumer,Bank Transfer,Summer Sale,1.0,157.27,10.0,141.54,81.22,60.32,3,No,Completed,54,3,250,88767.37,3776.87
ORD-102667,1970-01-01 05:00:45.082,CUST-10510,Uae,Middle East,Abu Dhabi,Football,Predator,Male,36,Mobile App,Consumer,Cash on Delivery,No Campaign,2.0,100.01,15.0,170.02,134.47,35.55,2,No,Completed,39,2,911,83000.69,2907.86
ORD-102668,1970-01-01 05:00:45.789,CUST-10718,Uk,Europe,London,Training,Powerlift,Male,42,Mobile App,Business,Bank Transfer,No Campaign,1.0,65.33,15.0,55.53,37.45,18.08,5,No,Completed,25,3,344,20184.14,3532.69
ORD-102669,1970-01-01 05:00:45.123,CUST-10629,India,South Asia,Delhi,Basketball,D.O.N. Issue,Male,43,Retail Store,Premium Consumer,Credit Card,No Campaign,1.0,71.29,30.0,49.9,32.36,17.54,5,No,Completed,34,2,873,24346.55,1230.42
ORD-102670,1970-01-01 05:00:45.641,CUST-10113,Pakistan,South Asia,Rawalpindi,Football,F50,Unisex,42,Marketplace,Premium Consumer,Cash on Delivery,New Year Sale,1.0,163.43,20.0,130.74,104.4,26.34,4,No,Completed,27,5,70,6977.19,3473.9
ORD-102671,1970-01-01 05:00:45.378,CUST-10051,Australia,Oceania,Sydney,Lifestyle,Gazelle,Female,45,Wholesale,Business,Debit Card,Black Friday,1.0,106.9,10.0,96.21,71.09,25.12,3,No,Completed,58,5,263,22409.79,1675.08
ORD-102672,1970-01-01 05:00:45.147,CUST-10709,Australia,Oceania,Melbourne,Running,Adizero,Unisex,43,Mobile App,Business,Credit Card,Black Friday,2.0,104.85,0.0,209.7,105.8,103.9,4,No,Cancelled,53,2,898,34677.14,1189.87
ORD-102673,1970-01-01 05:00:45.720,CUST-10192,Usa,North America,Chicago,Football,F50,Unisex,42,Retail Store,Consumer,Debit Card,No Campaign,1.0,132.17,10.0,118.95,58.99,59.96,5,No,Completed,41,10,580,3368.32,1259.12
ORD-102674,1970-01-01 05:00:45.761,CUST-10133,Australia,Oceania,Melbourne,Outdoor,Ridgewalker,Female,40,Wholesale,Consumer,Cash on Delivery,No Campaign,1.0,181.79,10.0,163.61,110.06,53.55,5,No,Completed,55,2,383,31838.77,3372.16
ORD-102675,1970-01-01 05:00:45.947,CUST-10113,Germany,Europe,Hamburg,Basketball,Harden,Male,44,Online Store,Consumer,Credit Card,Sports Event,1.0,151.0,0.0,151.0,69.53,81.47,4,No,Completed,56,2,766,77268.81,3859.41
ORD-102676,1970-01-01 05:00:45.028,CUST-10068,Uae,Middle East,Dubai,Running,Duramo,Female,43,Online Store,Premium Consumer,Credit Card,New Year Sale,1.0,209.19,20.0,167.35,150.09,17.26,5,No,Completed,36,2,786,84112.6,2950.83
ORD-102677,1970-01-01 05:00:45.500,CUST-10828,Pakistan,South Asia,Karachi,Lifestyle,Campus,Male,44,Online Store,Premium Consumer,Debit Card,Sports Event,1.0,79.95,15.0,67.96,52.71,15.25,3,No,Completed,32,14,390,1382.89,412.89
ORD-102678,1970-01-01 05:00:45.407,CUST-10262,Pakistan,South Asia,Islamabad,Outdoor,Ridgewalker,Female,42,Mobile App,Business,Debit Card,No Campaign,1.0,82.69,0.0,82.69,37.35,45.34,2,No,Completed,21,3,597,1211.13,286.25
ORD-102679,1970-01-01 05:00:45.004,CUST-10171,India,South Asia,Kolkata,Running,Ultraboost,Male,38,Wholesale,Business,Debit Card,No Campaign,3.0,174.03,15.0,443.78,312.66,131.12,4,No,Completed,49,7,729,15057.56,1164.12
ORD-102680,1970-01-01 05:00:44.934,CUST-10497,Australia,Oceania,Melbourne,Lifestyle,Samba,Unisex,36,Retail Store,Business,Debit Card,Black Friday,1.0,150.57,5.9,150.57,88.32,62.25,4,No,Completed,38,2,561,87321.42,1503.7
ORD-102681,1970-01-01 05:00:45.295,CUST-10119,Uk,Europe,Birmingham,Running,Solarboost,Unisex,36,Wholesale,Business,Debit Card,No Campaign,1.0,106.22,0.0,106.22,76.11,30.11,4,No,Completed,47,5,472,47193.17,2083.62
ORD-102682,1970-01-01 05:00:45.835,CUST-10275,Uk,Europe,Manchester,Outdoor,Ridgewalker,Female,38,Retail Store,Premium Consumer,Digital Wallet,Summer Sale,1.0,174.82,10.0,157.34,81.98,75.36,1,No,Completed,45,3,510,98298.76,472.54
ORD-102683,1970-01-01 05:00:45.214,CUST-10405,Pakistan,South Asia,Karachi,Lifestyle,Samba,Unisex,43,Wholesale,Consumer,Cash on Delivery,New Year Sale,2.0,116.49,15.0,198.03,143.42,54.61,5,No,Completed,64,5,133,88789.48,3653.28
ORD-102684,1970-01-01 05:00:45.864,CUST-10319,Uk,Europe,London,Training,Everyday,Female,42,Online Store,Consumer,Credit Card,Black Friday,1.0,53.66,20.0,42.93,25.07,17.86,5,No,Completed,64,10,388,89067.75,3586.34
ORD-102685,1970-01-01 05:00:44.944,CUST-10421,Saudi Arabia,Middle East,Dammam,Outdoor,Ridgewalker,Female,44,Retail Store,Business,Digital Wallet,New Year Sale,1.0,221.38,5.0,210.31,121.98,88.33,1,Yes,Returned,57,7,741,13283.4,1798.72
ORD-102686,1970-01-01 05:00:45.182,CUST-10011,Uk,Europe,Birmingham,Football,Predator,Female,40,Mobile App,Business,Debit Card,Eid Campaign,1.0,152.1,15.0,129.28,66.53,62.75,4,No,Completed,41,5,60,60624.91067862922,2858.71
ORD-102687,1970-01-01 05:00:44.985,CUST-10629,Usa,North America,New York,Outdoor,Agravic,Female,44,Mobile App,Premium Consumer,Credit Card,New Year Sale,1.0,190.53,15.0,161.95,114.11,47.84,4,No,Cancelled,19,1,763,99362.26,594.49
ORD-102688,1970-01-01 05:00:45.183,CUST-10549,Australia,Oceania,Brisbane,Training,Rapidmove,Male,45,Retail Store,Premium Consumer,Debit Card,Eid Campaign,4.0,98.3,5.0,373.54,215.99,157.55,4,No,Completed,20,4,741,15329.9,2134.57
ORD-102689,1970-01-01 05:00:45.739,CUST-10478,Germany,Europe,Hamburg,Running,Ultraboost,Male,44,Mobile App,Consumer,Bank Transfer,Summer Sale,1.0,152.41,30.0,106.69,68.87,37.82,5,No,Completed,56,2,469,57636.23,4302.07
ORD-102690,1970-01-01 05:00:45.817,CUST-10219,Uae,Middle East,Abu Dhabi,Training,Rapidmove,Unisex,38,Online Store,Business,Debit Card,Eid Campaign,1.0,112.31,10.0,101.08,61.16,39.92,4,No,Completed,53,3,350,34755.86,3337.05
ORD-102691,1970-01-01 05:00:45.592,CUST-10614,Usa,North America,Houston,Running,Duramo,Male,45,Wholesale,Business,Bank Transfer,New Year Sale,1.0,163.53,30.0,114.47,101.72,12.75,4,No,Completed,20,5,57,39091.88,609.32
ORD-102692,1970-01-01 05:00:45.422,CUST-10514,Pakistan,South Asia,Islamabad,Training,Everyday,Unisex,45,Online Store,Consumer,Cash on Delivery,Black Friday,1.0,120.46,0.0,120.46,54.08,66.38,5,No,Completed,29,2,917,89133.85,4253.13
ORD-102693,1970-01-01 05:00:45.238,CUST-10387,Australia,Oceania,Melbourne,Training,Rapidmove,Female,44,Mobile App,Premium Consumer,Credit Card,New Year Sale,1.0,103.08,15.0,87.62,60.61,27.01,4,No,Completed,56,3,184,58996.31,3435.41
ORD-102694,1970-01-01 05:00:46.016,CUST-10485,Saudi Arabia,Middle East,Dammam,Lifestyle,Campus,Female,36,Online Store,Business,Cash on Delivery,No Campaign,1.0,157.23,20.0,125.78,88.33,37.45,4,No,Completed,35,4,202,75998.25,2319.98
ORD-102695,1970-01-01 05:00:45.602,CUST-10502,Australia,Oceania,Melbourne,Running,Duramo,Unisex,42,Wholesale,Consumer,Debit Card,New Year Sale,1.0,131.36,30.0,91.95,80.19,11.76,3,No,Completed,49,3,31,67486.82,3491.25
ORD-102696,1970-01-01 05:00:45.117,CUST-10706,Germany,Europe,Hamburg,Training,Everyday,Unisex,44,Online Store,Business,Credit Card,Black Friday,2.0,62.84,20.0,100.54,78.58,21.96,2,No,Completed,59,2,656,53137.06,946.82
ORD-102697,1970-01-01 05:00:45.666,CUST-10602,Usa,North America,New York,Running,Ultraboost,Male,40,Marketplace,Premium Consumer,Bank Transfer,Sports Event,1.0,86.87,0.0,86.87,54.19,32.68,5,Yes,Returned,41,3,953,79275.26,2797.38
ORD-102698,1970-01-01 05:00:45.933,CUST-10335,Uae,Middle East,Abu Dhabi,Lifestyle,Superstar,Unisex,44,Online Store,Business,Debit Card,Sports Event,1.0,105.62,10.0,95.06,73.3,21.76,4,No,Completed,60,4,168,97087.92,3127.84
ORD-102699,1970-01-01 05:00:44.963,CUST-10287,Pakistan,South Asia,Lahore,Football,X Crazyfast,Male,40,Marketplace,Business,Credit Card,No Campaign,2.0,123.44,5.0,234.54,170.6,63.94,4,No,Completed,40,90,21,96698.55,4645.95
ORD-102700,1970-01-01 05:00:45.937,CUST-10307,Usa,North America,Chicago,Outdoor,Terrex,Male,36,Mobile App,Business,Bank Transfer,Black Friday,1.0,109.93,0.0,109.93,71.02,38.91,4,No,Pending,63,2,847,79050.47,427.77
ORD-102701,1970-01-01 05:00:45.392,CUST-10670,Uae,Middle East,Dubai,Football,X Crazyfast,Female,42,Online Store,Business,Bank Transfer,No Campaign,2.0,102.08,20.0,163.33,114.1,49.23,1,No,Completed,64,10,809,38235.0879697882,1936.44
ORD-102702,1970-01-01 05:00:44.954,CUST-10740,Usa,North America,Houston,Football,Predator,Unisex,38,Online Store,Consumer,Cash on Delivery,Summer Sale,1.0,176.92,15.0,150.38,121.17,29.21,5,Yes,Returned,22,1,78,16734.32,4690.39
ORD-102703,1970-01-01 05:00:45.211,CUST-10495,Usa,North America,Chicago,Outdoor,Five Ten,Unisex,44,Marketplace,Consumer,Digital Wallet,Sports Event,1.0,145.32,15.0,123.52,67.14,56.38,4,No,Completed,34,4,135,4924.82,1164.38
ORD-102704,1970-01-01 05:00:45.940,CUST-10892,Uk,Europe,Birmingham,Running,Solarboost,Male,44,Marketplace,Premium Consumer,Bank Transfer,Black Friday,2.0,138.92,5.0,263.95,137.58,126.37,4,No,Completed,43,3,301,23528.77,4084.68
ORD-102705,1970-01-01 05:00:45.450,CUST-10395,Usa,North America,New York,Outdoor,Five Ten,Unisex,38,Wholesale,Premium Consumer,Debit Card,Black Friday,2.0,131.92,0.0,263.84,127.93,135.91,4,No,Completed,34,3,687,34355.67,107.87
ORD-102706,1970-01-01 05:00:45.375,CUST-10293,Uk,Europe,Manchester,Basketball,Dame,Female,38,Marketplace,Premium Consumer,Digital Wallet,New Year Sale,1.0,164.71,0.0,164.71,97.54,67.17,5,No,Completed,46,4,882,13420.04,226.83
ORD-102707,1970-01-01 05:00:45.475,CUST-10793,Usa,North America,Los Angeles,Basketball,Harden,Female,38,Retail Store,Business,Cash on Delivery,No Campaign,2.0,154.77,10.0,278.59,149.94,128.65,4,No,Completed,25,4,386,22864.15,1705.35
ORD-102708,1970-01-01 05:00:45.779,CUST-10013,Usa,North America,Houston,Outdoor,Ridgewalker,Male,43,Mobile App,Premium Consumer,Bank Transfer,Black Friday,1.0,237.86,5.0,225.97,98.45,127.52,4,Yes,Returned,53,3,588,8812.77,3865.67
ORD-102709,1970-01-01 05:00:45.870,CUST-10284,Saudi Arabia,Middle East,Jeddah,Football,Predator,Female,45,Mobile App,Consumer,Bank Transfer,New Year Sale,1.0,71.14,15.0,60.47,32.97,27.5,5,No,Completed,43,5,541,52605.86,610.3
ORD-102710,1970-01-01 05:00:45.763,CUST-10822,Uk,Europe,Birmingham,Football,X Crazyfast,Unisex,42,Marketplace,Premium Consumer,Debit Card,Sports Event,1.0,175.22,5.0,166.46,93.93,72.53,5,No,Cancelled,32,0,283,13068.66,1975.98
ORD-102711,1970-01-01 05:00:44.991,CUST-10244,Usa,North America,Chicago,Lifestyle,Campus,Male,44,Marketplace,Consumer,Cash on Delivery,Sports Event,1.0,87.58,15.0,74.44,44.97,29.47,4,Yes,Returned,60,4,328,74405.48,744.19
ORD-102712,1970-01-01 05:00:46.016,CUST-10741,Pakistan,South Asia,Rawalpindi,Lifestyle,Gazelle,Female,38,Retail Store,Business,Credit Card,No Campaign,1.0,96.43,15.0,81.97,65.71,16.26,5,No,Completed,57,3,459,33598.65,1195.61
ORD-102713,1970-01-01 05:00:45.279,CUST-10384,Australia,Oceania,Brisbane,Football,Copa,Male,36,Mobile App,Premium Consumer,Debit Card,Sports Event,1.0,102.3,0.0,102.3,45.02,57.28,5,No,Completed,62,5,152,67370.24,2564.67
ORD-102714,1970-01-01 05:00:45.479,CUST-10007,Australia,Oceania,Sydney,Football,Copa,Male,36,Retail Store,Business,Credit Card,No Campaign,1.0,177.6,5.0,168.72,89.65,79.07,5,No,Completed,23,4,932,88310.68,1663.78
ORD-102715,1970-01-01 05:00:45.646,CUST-10544,Usa,North America,New York,Football,Copa,Female,36,Retail Store,Business,Credit Card,Black Friday,2.0,82.26,20.0,131.62,90.28,41.34,3,No,Completed,47,1,724,9058.65,1138.37
ORD-102716,1970-01-01 05:00:45.119,CUST-10185,Germany,Europe,Munich,Running,Adizero,Male,42,Retail Store,Consumer,Debit Card,Eid Campaign,2.0,153.87,5.0,292.35,190.71,101.64,4,No,Completed,20,4,690,98905.58,2028.14
ORD-102717,1970-01-01 05:00:45.385,CUST-10494,Uk,Europe,Manchester,Outdoor,Ridgewalker,Unisex,42,Retail Store,Consumer,Credit Card,No Campaign,1.0,153.63,5.0,145.95,95.82,50.13,3,No,Completed,60,7,806,64701.71,3535.17
ORD-102718,1970-01-01 05:00:44.986,CUST-10629,Uae,Middle East,Abu Dhabi,Football,Copa,Male,43,Marketplace,Consumer,Digital Wallet,No Campaign,1.0,145.47,5.0,138.2,91.78,46.42,2,No,Completed,57,2,486,5809.91,685.15
ORD-102719,1970-01-01 05:00:45.705,CUST-10225,Uae,Middle East,Dubai,Lifestyle,Superstar,Unisex,42,Online Store,Business,Credit Card,New Year Sale,1.0,146.71,10.0,132.04,64.86,67.18,4,No,Completed,27,3,594,31743.22,2450.01
ORD-102720,1970-01-01 05:00:46.009,CUST-10793,Germany,Europe,Berlin,Training,Powerlift,Unisex,42,Marketplace,Premium Consumer,Cash on Delivery,No Campaign,1.0,122.05,0.0,122.05,53.39,68.66,5,No,Completed,48,4,711,54655.78007784119,1446.13
ORD-102721,1970-01-01 05:00:45.010,CUST-10592,Uk,Europe,Birmingham,Outdoor,Five Ten,Unisex,38,Wholesale,Consumer,Cash on Delivery,No Campaign,1.0,165.84,20.0,132.67,119.04,13.63,5,No,Completed,33,2,997,59825.24,1955.24
ORD-102722,1970-01-01 05:00:45.631,CUST-10503,India,South Asia,Bangalore,Training,Everyday,Female,42,Mobile App,Business,Credit Card,Eid Campaign,2.0,78.5,10.0,141.3,94.57,46.73,4,No,Completed,24,4,834,29078.63,4125.62
ORD-102723,1970-01-01 05:00:45.147,CUST-10475,Uae,Middle East,Abu Dhabi,Training,Powerlift,Female,42,Retail Store,Premium Consumer,Cash on Delivery,Eid Campaign,1.0,68.3,10.0,61.47,35.85,25.62,2,No,Completed,24,1,981,94079.21,4655.68
ORD-102724,1970-01-01 05:00:45.577,CUST-10121,India,South Asia,Chennai,Football,Predator,Female,43,Retail Store,Premium Consumer,Cash on Delivery,No Campaign,1.0,96.16,15.0,81.74,48.84,32.9,4,No,Pending,50,6,640,78831.63,1290.59
ORD-102725,1970-01-01 05:00:45.979,CUST-10449,Uae,Middle East,Abu Dhabi,Training,Dropset,Unisex,38,Wholesale,Business,Digital Wallet,No Campaign,1.0,60.11,15.36,48.09,36.74,11.35,5,No,Completed,19,5,805,73686.08,3186.86
ORD-102726,1970-01-01 05:00:45.795,CUST-10228,Uae,Middle East,Sharjah,Running,Ultraboost,Male,38,Wholesale,Premium Consumer,Debit Card,No Campaign,1.0,184.72,20.0,147.78,77.29,70.49,4,No,Completed,49,7,947,88898.5,3415.72
ORD-102727,1970-01-01 05:00:45.078,CUST-10641,Saudi Arabia,Middle East,Jeddah,Lifestyle,Campus,Unisex,44,Online Store,Premium Consumer,Cash on Delivery,No Campaign,1.0,98.09,0.0,98.09,52.98,45.11,4,No,Completed,26,3,190,77093.1,4228.18
ORD-102728,1970-01-01 05:00:45.183,CUST-10818,Germany,Europe,Hamburg,Outdoor,Ridgewalker,Unisex,43,Mobile App,Consumer,Credit Card,Summer Sale,1.0,183.96,30.0,128.77,123.97,4.8,4,No,Completed,31,1,51,29030.47,4505.31
ORD-102729,1970-01-01 05:00:46.014,CUST-10707,Saudi Arabia,Middle East,Dammam,Basketball,Harden,Unisex,36,Marketplace,Business,Cash on Delivery,No Campaign,1.0,64.71,30.0,45.3,31.09,14.21,3,No,Completed,40,3,594,58596.66,2393.16
ORD-102730,1970-01-01 05:00:45.044,CUST-10783,Uk,Europe,London,Outdoor,Ridgewalker,Female,42,Mobile App,Premium Consumer,Cash on Delivery,No Campaign,1.0,221.37,15.0,188.16,108.13,80.03,3,No,Completed,34,4,340,84307.47,4914.62
ORD-102731,1970-01-01 05:00:45.413,CUST-10237,Uae,Middle East,Dubai,Lifestyle,Gazelle,Male,44,Retail Store,Premium Consumer,Cash on Delivery,Black Friday,1.0,106.7,0.0,106.7,51.24,55.46,4,No,Completed,31,7,699,18494.39,4857.06
ORD-102732,1970-01-01 05:00:45.305,CUST-10877,Australia,Oceania,Brisbane,Training,Rapidmove,Unisex,38,Online Store,Business,Cash on Delivery,Black Friday,1.0,149.45,15.0,127.03,103.34,23.69,5,No,Completed,58,6,524,59820.30787157138,2581.69
ORD-102733,1970-01-01 05:00:45.456,CUST-10307,Pakistan,South Asia,Karachi,Outdoor,Agravic,Male,45,Retail Store,Business,Cash on Delivery,Summer Sale,1.0,194.52,20.0,155.62,92.97,62.65,4,No,Cancelled,59,4,730,16318.14,2755.96
ORD-102734,1970-01-01 05:00:45.387,CUST-10189,Usa,North America,New York,Lifestyle,Campus,Male,40,Wholesale,Premium Consumer,Digital Wallet,No Campaign,1.0,127.04,20.0,101.63,61.56,40.07,4,No,Completed,45,5,16,19828.4,3371.97
ORD-102735,1970-01-01 05:00:45.762,CUST-10277,India,South Asia,Mumbai,Basketball,D.O.N. Issue,Unisex,38,Mobile App,Business,Debit Card,Eid Campaign,1.0,129.71,0.0,129.71,65.04,64.67,4,No,Completed,19,10,241,10771.47,1931.7
ORD-102736,1970-01-01 05:00:45.364,CUST-10627,Germany,Europe,Munich,Running,Duramo,Unisex,38,Mobile App,Consumer,Bank Transfer,No Campaign,1.0,138.31,30.0,96.82,82.89,13.93,5,No,Completed,51,6,339,83844.09,3344.02
ORD-102737,1970-01-01 05:00:45.395,CUST-10165,Pakistan,South Asia,Rawalpindi,Outdoor,Five Ten,Male,40,Online Store,Business,Bank Transfer,Summer Sale,1.0,175.82,20.0,140.66,92.44,48.22,5,No,Completed,37,4,669,81922.66,2620.0
ORD-102738,1970-01-01 05:00:45.586,CUST-10243,Usa,North America,Houston,Lifestyle,Samba,Male,44,Mobile App,Premium Consumer,Credit Card,No Campaign,1.0,92.86,0.0,92.86,48.01,44.85,2,No,Completed,35,4,677,15561.21,273.64
ORD-102739,1970-01-01 05:00:45.925,CUST-10025,Germany,Europe,Berlin,Football,F50,Female,44,Marketplace,Business,Bank Transfer,Sports Event,2.0,144.03,10.0,259.25,165.34,93.91,5,No,Completed,23,3,650,70700.95,4278.37
ORD-102740,1970-01-01 05:00:45.042,CUST-10871,India,South Asia,Bangalore,Basketball,Harden,Female,42,Online Store,Consumer,Debit Card,No Campaign,1.0,103.4,10.0,93.06,46.51,46.55,4,No,Completed,49,5,410,62884.07,4708.18
ORD-102741,1970-01-01 05:00:45.993,CUST-10810,Uae,Middle East,Dubai,Outdoor,Five Ten,Unisex,44,Wholesale,Business,Credit Card,No Campaign,1.0,125.78,0.0,125.78,50.32,75.46,4,No,Completed,39,5,293,27981.33,228.52
ORD-102742,1970-01-01 05:00:45.040,CUST-10171,Uk,Europe,London,Outdoor,Agravic,Unisex,42,Wholesale,Premium Consumer,Digital Wallet,Eid Campaign,3.0,242.46,5.0,691.01,397.91,293.1,4,No,Completed,44,2,27,23123.16,3967.38
ORD-102743,1970-01-01 05:00:45.484,CUST-10317,Pakistan,South Asia,Lahore,Football,Predator,Unisex,42,Marketplace,Premium Consumer,Digital Wallet,Sports Event,4.0,121.67,15.0,413.68,259.4,154.28,5,No,Completed,33,3,409,25433.29,1990.48
ORD-102744,1970-01-01 05:00:45.226,CUST-10273,Germany,Europe,Berlin,Basketball,D.O.N. Issue,Female,45,Wholesale,Consumer,Credit Card,No Campaign,1.0,127.59,0.0,127.59,55.63,71.96,5,No,Pending,32,5,358,73197.75,2969.6
ORD-102745,1970-01-01 05:00:45.841,CUST-10464,Saudi Arabia,Middle East,Riyadh,Lifestyle,Gazelle,Male,36,Marketplace,Consumer,Debit Card,Summer Sale,1.0,54.72,30.0,38.3,36.87,1.43,4,No,Completed,55,4,672,74475.11416394425,2549.98
ORD-102746,1970-01-01 05:00:45.132,CUST-10611,Uk,Europe,Birmingham,Training,Dropset,Female,40,Retail Store,Consumer,Credit Card,No Campaign,1.0,88.88,5.0,84.44,58.26,26.18,4,No,Completed,48,4,415,28156.95,2801.42
ORD-102747,1970-01-01 05:00:45.282,CUST-10617,Uae,Middle East,Dubai,Basketball,Harden,Unisex,42,Online Store,Business,Digital Wallet,New Year Sale,1.0,117.81,20.0,94.25,72.97,21.28,3,No,Completed,58,4,181,2736.87,2526.41
ORD-102748,1970-01-01 05:00:45.382,CUST-10830,India,South Asia,Chennai,Outdoor,Five Ten,Male,42,Wholesale,Business,Credit Card,Sports Event,1.0,130.92,15.0,111.28,62.7,48.58,4,No,Completed,37,4,920,90869.53,4281.54
ORD-102749,1970-01-01 05:00:44.952,CUST-10804,Australia,Oceania,Melbourne,Football,F50,Unisex,45,Wholesale,Business,Cash on Delivery,Sports Event,1.0,140.36,13.16,119.31,94.1,25.21,3,No,Completed,44,4,791,64188.71019799936,3449.18
ORD-102750,1970-01-01 05:00:45.304,CUST-10453,Australia,Oceania,Sydney,Training,Rapidmove,Male,36,Marketplace,Consumer,Credit Card,Black Friday,2.0,62.38,5.0,118.52,62.24,56.28,4,No,Completed,20,3,935,47541.98,2121.92
ORD-102751,1970-01-01 05:00:44.945,CUST-10789,India,South Asia,Mumbai,Running,Duramo,Male,43,Retail Store,Premium Consumer,Bank Transfer,Black Friday,1.0,187.07,0.0,187.07,109.05,78.02,4,No,Completed,33,10,666,94321.23,3473.99
ORD-102752,1970-01-01 05:00:45.140,CUST-10384,Pakistan,South Asia,Rawalpindi,Outdoor,Agravic,Male,44,Online Store,Business,Cash on Delivery,No Campaign,1.0,87.13,10.0,-1000.0,59.03,19.39,5,No,Completed,21,4,813,29706.46,4828.73
ORD-102753,1970-01-01 05:00:45.469,CUST-10696,India,South Asia,Bangalore,Lifestyle,Samba,Female,44,Marketplace,Premium Consumer,Bank Transfer,Eid Campaign,1.0,115.45,15.0,98.13,59.02,39.11,5,No,Completed,60,6,725,67633.15,493.51
ORD-102754,1970-01-01 05:00:45.631,CUST-10795,Uae,Middle East,Abu Dhabi,Lifestyle,Superstar,Female,38,Wholesale,Consumer,Digital Wallet,Eid Campaign,1.0,113.73,20.0,90.98,79.25,11.73,3,No,Completed,26,2,339,30862.46,2001.64
ORD-102755,1970-01-01 05:00:45.826,CUST-10250,Australia,Oceania,Melbourne,Running,Adizero,Unisex,38,Wholesale,Business,Digital Wallet,Summer Sale,1.0,174.22,15.0,148.09,100.38,47.71,4,No,Completed,32,3,352,31799.96,4365.22
ORD-102756,1970-01-01 05:00:45.747,CUST-10002,Usa,North America,New York,Football,Copa,Male,43,Mobile App,Premium Consumer,Bank Transfer,Summer Sale,1.0,163.46,10.0,147.11,87.28,59.83,1,Yes,Returned,63,4,68,84548.56,3721.37
ORD-102757,1970-01-01 05:00:45.939,CUST-10071,Pakistan,South Asia,Karachi,Basketball,Dame,Female,38,Retail Store,Business,Bank Transfer,Eid Campaign,-1.0,95.53,11.21,85.98,62.12,23.86,4,No,Completed,42,3,476,78808.68,4681.15
ORD-102758,1970-01-01 05:00:45.213,CUST-10803,Uk,Europe,London,Running,Adizero,Unisex,44,Mobile App,Consumer,Cash on Delivery,Black Friday,1.0,119.27,15.0,101.38,77.53,23.85,3,No,Completed,46,2,324,29763.69,295.07
ORD-102759,1970-01-01 05:00:45.939,CUST-10014,Usa,North America,Houston,Training,Powerlift,Male,42,Online Store,Premium Consumer,Credit Card,No Campaign,1.0,75.98,10.0,68.38,48.59,19.79,1,No,Completed,21,3,493,8598.26,4327.6
ORD-102760,1970-01-01 05:00:45.537,CUST-10285,Australia,Oceania,Sydney,Training,Dropset,Unisex,38,Marketplace,Consumer,Cash on Delivery,New Year Sale,2.0,45.52,10.0,81.94,64.95,16.99,4,No,Completed,47,3,294,36079.62,3979.81
ORD-102761,1970-01-01 05:00:46.016,CUST-10724,Saudi Arabia,Middle East,Dammam,Running,Duramo,Female,42,Mobile App,Premium Consumer,Digital Wallet,No Campaign,1.0,182.38,5.0,173.26,96.08,77.18,4,Yes,Returned,56,2,208,76125.72,4093.69
ORD-102762,1970-01-01 05:00:45.699,CUST-10597,Uk,Europe,Birmingham,Training,Everyday,Unisex,43,Wholesale,Business,Digital Wallet,No Campaign,1.0,76.16,0.0,76.16,32.84,43.32,3,No,Completed,22,4,156,10504.16,3026.59
ORD-102763,1970-01-01 05:00:44.933,CUST-10554,Saudi Arabia,Middle East,Riyadh,Training,Powerlift,Female,45,Retail Store,Premium Consumer,Bank Transfer,Sports Event,1.0,42.9,0.0,42.9,23.0,19.9,3,No,Completed,48,3,74,67374.04,354.39
ORD-102764,1970-01-01 05:00:45.088,CUST-10742,Saudi Arabia,Middle East,Jeddah,Training,Powerlift,Unisex,40,Retail Store,Business,Bank Transfer,No Campaign,1.0,83.15,6.81,83.15,43.39,39.76,5,No,Completed,63,5,853,89031.44,2741.74
ORD-102765,1970-01-01 05:00:45.712,CUST-10812,Uae,Middle East,Abu Dhabi,Training,Dropset,Unisex,42,Marketplace,Consumer,Credit Card,No Campaign,2.0,91.27,10.0,164.29,116.05,48.24,3,No,Completed,37,4,286,18333.1,2097.98
ORD-102766,1970-01-01 05:00:45.119,CUST-10362,Pakistan,South Asia,Lahore,Training,Powerlift,Unisex,44,Retail Store,Consumer,Bank Transfer,Summer Sale,1.0,93.57,10.0,84.21,39.08,45.13,4,No,Completed,59,3,230,86289.33,2682.5
ORD-102767,1970-01-01 05:00:45.989,CUST-10757,Uk,Europe,London,Training,Dropset,Male,38,Wholesale,Consumer,Digital Wallet,Sports Event,1.0,147.84,0.0,147.84,104.74,43.1,1,No,Cancelled,64,3,576,5610.71,3727.45
ORD-102768,1970-01-01 05:00:45.910,CUST-10390,Usa,North America,Chicago,Outdoor,Terrex,Unisex,44,Wholesale,Business,Bank Transfer,Sports Event,1.0,207.4,10.0,186.66,85.5,101.16,3,Yes,Returned,25,7,270,66854.59,3020.21
ORD-102769,1970-01-01 05:00:45.510,CUST-10759,Uk,Europe,Birmingham,Lifestyle,Superstar,Unisex,44,Wholesale,Business,Credit Card,Black Friday,1.0,158.46,15.0,134.69,96.85,37.84,4,No,Completed,19,7,82,79208.37,1533.56
ORD-102770,1970-01-01 05:00:45.931,CUST-10871,Uae,Middle East,Dubai,Football,Predator,Male,44,Wholesale,Premium Consumer,Cash on Delivery,Eid Campaign,1.0,116.83,15.0,99.31,76.11,23.2,5,No,Completed,46,3,585,44754.23,3037.59
ORD-102771,1970-01-01 05:00:46.021,CUST-10660,Germany,Europe,Hamburg,Lifestyle,Samba,Male,36,Mobile App,Consumer,Digital Wallet,Summer Sale,1.0,87.65,5.0,83.27,51.44,31.83,2,No,Completed,45,4,264,20771.01,507.38
ORD-102772,1970-01-01 05:00:45.120,CUST-10687,Germany,Europe,Munich,Training,Powerlift,Male,38,Retail Store,Business,Digital Wallet,No Campaign,1.0,46.72,10.0,42.05,20.26,21.79,3,No,Cancelled,51,10,268,92510.59,126.29
ORD-102773,1970-01-01 05:00:45.775,CUST-10810,Germany,Europe,Berlin,Training,Powerlift,Female,38,Wholesale,Premium Consumer,Debit Card,Eid Campaign,1.0,112.11,0.0,112.11,65.57,46.54,2,No,Completed,40,14,887,2486.9,2067.49
ORD-102774,1970-01-01 05:00:46.003,CUST-10823,India,South Asia,Mumbai,Running,Adizero,Unisex,36,Mobile App,Business,Debit Card,Sports Event,1.0,126.24,0.0,126.24,88.18,38.06,4,No,Completed,48,1,300,55729.59,3810.21
ORD-102775,1970-01-01 05:00:44.953,CUST-10405,Pakistan,South Asia,Faisalabad,Running,Adizero,Male,38,Mobile App,Premium Consumer,Debit Card,Sports Event,1.0,151.36,15.0,128.66,85.64,43.02,5,No,Completed,48,4,89,37598.52,4130.91
ORD-102776,1970-01-01 05:00:45.381,CUST-10860,Uae,Middle East,Sharjah,Running,Duramo,Male,43,Online Store,Consumer,Credit Card,Eid Campaign,1.0,71.51,15.0,60.78,37.41,23.37,4,No,Completed,47,5,901,46375.19,2794.21
ORD-102777,1970-01-01 05:00:45.019,CUST-10483,Germany,Europe,Munich,Basketball,D.O.N. Issue,Unisex,36,Retail Store,Premium Consumer,Debit Card,New Year Sale,1.0,117.78,10.0,106.0,59.81,46.19,4,No,Completed,56,2,359,53888.22,4353.23
ORD-102778,1970-01-01 05:00:45.687,CUST-10044,Germany,Europe,Hamburg,Outdoor,Agravic,Female,45,Retail Store,Premium Consumer,Digital Wallet,Summer Sale,1.0,204.62,10.0,184.16,98.54,85.62,5,No,Completed,40,5,299,53707.49,716.98
ORD-102779,1970-01-01 05:00:45.497,CUST-10232,India,South Asia,Mumbai,Football,F50,Unisex,40,Retail Store,Premium Consumer,Cash on Delivery,No Campaign,1.0,118.57,0.0,118.57,75.28,43.29,4,No,Completed,55,3,1,20760.55,4824.12
ORD-102780,1970-01-01 05:00:45.304,CUST-10587,Australia,Oceania,Melbourne,Basketball,D.O.N. Issue,Unisex,38,Marketplace,Premium Consumer,Digital Wallet,No Campaign,2.0,64.51,10.0,116.12,83.53,32.59,3,No,Completed,62,3,412,68130.38,4616.63
ORD-102781,1970-01-01 05:00:45.311,CUST-10118,India,South Asia,Chennai,Outdoor,Ridgewalker,Male,38,Wholesale,Premium Consumer,Debit Card,New Year Sale,2.0,240.58,10.0,433.04,211.19,221.85,5,No,Completed,46,3,175,2405.25,3036.26
ORD-102782,1970-01-01 05:00:45.127,CUST-10711,Uk,Europe,London,Basketball,Dame,Unisex,45,Marketplace,Premium Consumer,Debit Card,No Campaign,1.0,154.9,10.0,139.41,97.15,42.26,4,No,Completed,23,3,124,2607.82,387.74
ORD-102783,1970-01-01 05:00:45.034,CUST-10023,Germany,Europe,Hamburg,Training,Powerlift,Male,36,Mobile App,Business,Digital Wallet,New Year Sale,1.0,100.62,20.0,80.5,50.23,30.27,5,No,Completed,48,3,779,48109.49,2325.59
ORD-102784,1970-01-01 05:00:45.804,CUST-10604,Germany,Europe,Munich,Lifestyle,Samba,Unisex,44,Marketplace,Business,Bank Transfer,Eid Campaign,1.0,142.64,5.0,135.51,86.41,49.1,4,Yes,Returned,48,7,726,54419.34,978.44
ORD-102785,1970-01-01 05:00:44.992,CUST-10874,Uae,Middle East,Sharjah,Outdoor,Agravic,Unisex,38,Online Store,Premium Consumer,Digital Wallet,Sports Event,1.0,141.43,14.84,120.22,93.13,27.09,5,No,Completed,64,4,881,27851.5,3179.28
ORD-102786,1970-01-01 05:00:45.784,CUST-10605,Saudi Arabia,Middle East,Jeddah,Basketball,D.O.N. Issue,Unisex,38,Online Store,Consumer,Debit Card,New Year Sale,3.0,116.22,10.0,313.79,195.56,118.23,4,Yes,Returned,22,2,578,55391.72,1030.83
ORD-102787,1970-01-01 05:00:45.854,CUST-10304,Australia,Oceania,Sydney,Football,F50,Female,40,Online Store,Premium Consumer,Debit Card,Sports Event,1.0,60.87,0.0,60.87,40.91,19.96,4,No,Completed,47,2,177,51852.87,2460.81
ORD-102788,1970-01-01 05:00:45.552,CUST-10477,Uk,Europe,London,Running,Adizero,Unisex,40,Retail Store,Business,Cash on Delivery,No Campaign,1.0,132.54,0.0,132.54,74.78,57.76,2,No,Completed,18,3,778,35247.45,1107.57
ORD-102789,1970-01-01 05:00:45.430,CUST-10485,Saudi Arabia,Middle East,Dammam,Running,Duramo,Unisex,42,Mobile App,Premium Consumer,Cash on Delivery,No Campaign,1.0,101.06,10.0,90.95,45.52,45.43,5,No,Completed,61,4,4,65351.58,991.04
ORD-102790,1970-01-01 05:00:45.561,CUST-10652,India,South Asia,Mumbai,Lifestyle,Samba,Male,40,Marketplace,Business,Cash on Delivery,Summer Sale,1.0,121.34,10.0,109.21,56.93,52.28,3,No,Completed,31,5,812,95814.75,1314.83
ORD-102791,1970-01-01 05:00:45.428,CUST-10229,Pakistan,South Asia,Islamabad,Football,Copa,Male,44,Mobile App,Premium Consumer,Cash on Delivery,Sports Event,2.0,153.45,0.0,306.9,199.52,107.38,4,No,Cancelled,37,7,713,49334.87,243.06
ORD-102792,1970-01-01 05:00:45.060,CUST-10153,India,South Asia,Bangalore,Running,Duramo,Female,44,Online Store,Business,Bank Transfer,Black Friday,2.0,188.89,5.0,358.89,258.28,100.61,4,No,Completed,35,4,116,78712.05,3608.96
ORD-102793,1970-01-01 05:00:45.646,CUST-10180,India,South Asia,Mumbai,Basketball,Own The Game,Unisex,45,Wholesale,Business,Credit Card,Summer Sale,1.0,76.03,0.0,76.03,53.59,22.44,2,No,Cancelled,46,3,430,75758.1236469052,1602.96
ORD-102794,1970-01-01 05:00:45.564,CUST-10128,Australia,Oceania,Brisbane,Running,Solarboost,Male,44,Marketplace,Consumer,Bank Transfer,No Campaign,1.0,171.61,0.0,171.61,96.69,74.92,4,No,Completed,61,3,389,76314.08,3520.73
ORD-102795,1970-01-01 05:00:45.071,CUST-10605,Uae,Middle East,Dubai,Training,Dropset,Unisex,42,Marketplace,Premium Consumer,Cash on Delivery,No Campaign,1.0,59.16,5.0,56.2,34.04,22.16,5,No,Completed,56,4,847,65066.14,3302.04
ORD-102796,1970-01-01 05:00:44.999,CUST-10487,Uk,Europe,Birmingham,Football,X Crazyfast,Male,42,Mobile App,Premium Consumer,Digital Wallet,Eid Campaign,1.0,165.67,5.0,157.39,67.78,89.61,4,No,Completed,64,4,478,64149.93,423.95
ORD-102797,1970-01-01 05:00:45.270,CUST-10227,Usa,North America,Chicago,Lifestyle,Gazelle,Male,42,Wholesale,Premium Consumer,Credit Card,New Year Sale,1.0,121.55,0.0,121.55,76.72,44.83,5,Yes,Returned,36,4,470,64493.25142092577,1628.97
ORD-102798,1970-01-01 05:00:45.319,CUST-10080,Uk,Europe,Birmingham,Running,Ultraboost,Unisex,36,Wholesale,Consumer,Cash on Delivery,Summer Sale,2.0,81.18,20.0,129.89,114.63,15.26,5,No,Completed,47,3,349,62972.76423243327,2877.62
ORD-102799,1970-01-01 05:00:45.529,CUST-10092,Uk,Europe,London,Outdoor,Ridgewalker,Male,43,Retail Store,Business,Debit Card,Black Friday,1.0,167.99,5.0,159.59,69.54,90.05,5,No,Cancelled,27,1,743,37160.79,4600.17
ORD-102800,1970-01-01 05:00:45.541,CUST-10590,Usa,North America,Los Angeles,Football,X Crazyfast,Male,44,Retail Store,Premium Consumer,Cash on Delivery,No Campaign,2.0,102.14,0.0,204.28,134.19,70.09,3,No,Completed,56,1,83,8765.21,2066.47
ORD-102801,1970-01-01 05:00:45.003,CUST-10314,Usa,North America,Houston,Training,Everyday,Female,44,Retail Store,Premium Consumer,Debit Card,Sports Event,1.0,104.39,10.0,93.95,63.16,30.79,4,No,Completed,26,1,600,72748.94,2573.48
ORD-102802,1970-01-01 05:00:45.602,CUST-10489,Uae,Middle East,Dubai,Training,Powerlift,Male,44,Marketplace,Consumer,Cash on Delivery,No Campaign,1.0,88.97,15.0,75.62,38.44,37.18,4,No,Completed,35,3,226,84464.79,3775.78
ORD-102803,1970-01-01 05:00:45.484,CUST-10026,Germany,Europe,Munich,Football,Copa,Unisex,36,Retail Store,Business,Digital Wallet,New Year Sale,1.0,133.63,0.0,133.63,67.65,65.98,5,No,Completed,36,3,452,40880.43,4036.15
ORD-102804,1970-01-01 05:00:45.356,CUST-10527,Usa,North America,Chicago,Basketball,Dame,Unisex,38,Mobile App,Premium Consumer,Cash on Delivery,No Campaign,1.0,148.97,20.0,119.18,79.78,39.4,5,No,Completed,53,0,446,37280.19222643548,4624.37
ORD-102805,1970-01-01 05:00:45.998,CUST-10004,Uk,Europe,London,Training,Dropset,Male,36,Wholesale,Business,Cash on Delivery,Black Friday,1.0,102.39,10.99,92.15,62.5,29.65,1,No,Cancelled,37,2,110,66035.86,2536.23
ORD-102806,1970-01-01 05:00:45.361,CUST-10006,Uae,Middle East,Abu Dhabi,Lifestyle,Superstar,Female,43,Mobile App,Business,Digital Wallet,Eid Campaign,1.0,118.2,5.0,112.29,83.83,28.46,3,No,Completed,53,3,322,8021.25,1049.81
ORD-102807,1970-01-01 05:00:45.862,CUST-10736,Australia,Oceania,Sydney,Lifestyle,Campus,Female,38,Mobile App,Business,Credit Card,Eid Campaign,1.0,157.36,0.0,157.36,67.4,89.96,5,No,Completed,50,3,942,29737.27,3845.66
ORD-102808,1970-01-01 05:00:45.828,CUST-10224,Pakistan,South Asia,Lahore,Running,Solarboost,Male,36,Retail Store,Business,Cash on Delivery,Sports Event,2.0,154.92,15.0,263.36,181.08,82.28,5,No,Completed,50,2,929,36938.17,715.32
ORD-102809,1970-01-01 05:00:45.730,CUST-10324,Australia,Oceania,Melbourne,Running,Solarboost,Female,43,Mobile App,Business,Cash on Delivery,No Campaign,1.0,159.15,22.08,111.4,78.34,33.06,5,No,Completed,35,14,523,52099.73,2149.88
ORD-102810,1970-01-01 05:00:44.967,CUST-10166,Germany,Europe,Hamburg,Running,Duramo,Male,43,Mobile App,Business,Cash on Delivery,Black Friday,1.0,212.29,12.31,169.83,96.17,73.66,4,No,Completed,33,5,538,47918.64,3178.24
ORD-102811,1970-01-01 05:00:45.351,CUST-10389,Uae,Middle East,Abu Dhabi,Football,Copa,Unisex,43,Wholesale,Business,Cash on Delivery,No Campaign,1.0,130.49,15.0,110.92,73.81,37.11,4,No,Completed,59,5,964,21263.7,3490.1
ORD-102812,1970-01-01 05:00:45.613,CUST-10522,Uk,Europe,Manchester,Basketball,D.O.N. Issue,Female,42,Mobile App,Premium Consumer,Cash on Delivery,No Campaign,1.0,132.91,20.0,106.33,84.98,21.35,4,No,Completed,64,3,104,54308.39,3691.84
ORD-102813,1970-01-01 05:00:45.291,CUST-10516,Uae,Middle East,Sharjah,Outdoor,Agravic,Female,38,Mobile App,Business,Bank Transfer,New Year Sale,1.0,227.1,5.0,215.74,146.7,69.04,5,No,Completed,38,10,85,92623.93,1048.31
ORD-102814,1970-01-01 05:00:45.181,CUST-10394,Uae,Middle East,Abu Dhabi,Basketball,Own The Game,Male,40,Marketplace,Consumer,Debit Card,New Year Sale,2.0,165.43,0.0,330.86,209.59,121.27,3,Yes,Returned,55,5,963,3195.25,4910.08
ORD-102815,1970-01-01 05:00:45.803,CUST-10080,Germany,Europe,Hamburg,Outdoor,Five Ten,Male,43,Marketplace,Business,Credit Card,Sports Event,2.0,97.58,20.0,156.13,118.12,38.01,4,No,Completed,52,3,502,68190.5,974.25
ORD-102816,1970-01-01 05:00:45.427,CUST-10137,Usa,North America,Houston,Football,Copa,Unisex,36,Mobile App,Consumer,Cash on Delivery,No Campaign,1.0,52.1,15.0,44.28,28.95,15.33,4,No,Completed,55,4,505,62658.55,570.76
ORD-102817,1970-01-01 05:00:45.100,CUST-10663,Germany,Europe,Berlin,Football,Predator,Male,40,Mobile App,Business,Bank Transfer,Eid Campaign,1.0,78.56,0.0,78.56,32.69,45.87,4,No,Completed,34,4,884,92480.48,3353.85
ORD-102818,1970-01-01 05:00:44.930,CUST-10879,Germany,Europe,Munich,Running,Adizero,Unisex,45,Marketplace,Consumer,Digital Wallet,Eid Campaign,1.0,136.74,30.0,95.72,68.52,27.2,4,No,Cancelled,60,4,155,64711.82,4559.0
ORD-102819,1970-01-01 05:00:45.899,CUST-10324,Germany,Europe,Berlin,Lifestyle,Superstar,Male,43,Marketplace,Premium Consumer,Debit Card,No Campaign,1.0,144.73,5.0,137.49,102.96,34.53,3,No,Completed,36,5,710,62671.85,2840.98
ORD-102820,1970-01-01 05:00:45.368,CUST-10284,Saudi Arabia,Middle East,Jeddah,Outdoor,Five Ten,Female,44,Retail Store,Business,Bank Transfer,Black Friday,1.0,141.0,20.0,112.8,89.06,23.74,5,No,Completed,57,3,495,77095.66,3017.86
ORD-102821,1970-01-01 05:00:45.427,CUST-10186,Usa,North America,Los Angeles,Lifestyle,Superstar,Male,45,Online Store,Business,Debit Card,Summer Sale,1.0,112.79,15.0,95.87,50.37,45.5,4,No,Cancelled,40,5,940,27146.69,2738.58
ORD-102822,1970-01-01 05:00:45.790,CUST-10696,Saudi Arabia,Middle East,Dammam,Basketball,Own The Game,Female,36,Mobile App,Consumer,Credit Card,Eid Campaign,1.0,130.11,10.0,117.1,68.76,48.34,5,No,Completed,56,2,993,59775.36,309.47
ORD-102823,1970-01-01 05:00:45.871,CUST-10405,Uk,Europe,Manchester,Basketball,Dame,Female,40,Mobile App,Consumer,Digital Wallet,Summer Sale,1.0,102.13,5.0,97.02,72.27,24.75,3,No,Completed,28,7,385,52182.4,3438.43
ORD-102824,1970-01-01 05:00:45.011,CUST-10402,Usa,North America,Houston,Training,Everyday,Female,44,Mobile App,Premium Consumer,Bank Transfer,Black Friday,1.0,96.21,5.0,91.4,52.39,39.01,4,No,Completed,18,2,648,44128.01,1855.18
ORD-102825,1970-01-01 05:00:45.511,CUST-10138,Uk,Europe,Birmingham,Outdoor,Ridgewalker,Unisex,42,Retail Store,Business,Cash on Delivery,Summer Sale,1.0,140.45,5.0,133.43,61.06,72.37,4,No,Completed,54,14,462,8408.97,4684.8
ORD-102826,1970-01-01 05:00:45.446,CUST-10028,Australia,Oceania,Sydney,Outdoor,Five Ten,Male,38,Mobile App,Premium Consumer,Digital Wallet,New Year Sale,1.0,200.32,15.0,170.27,123.85,46.42,3,No,Cancelled,63,4,542,29616.57,1015.27
ORD-102827,1970-01-01 05:00:45.470,CUST-10227,Australia,Oceania,Sydney,Basketball,D.O.N. Issue,Male,44,Mobile App,Premium Consumer,Cash on Delivery,No Campaign,2.0,79.87,0.0,159.74,87.02,72.72,5,No,Completed,42,3,675,28358.18,1580.37
ORD-102828,1970-01-01 05:00:45.645,CUST-10315,Uk,Europe,London,Lifestyle,Superstar,Female,38,Online Store,Premium Consumer,Digital Wallet,Summer Sale,2.0,114.96,5.0,218.42,163.52,54.9,5,No,Completed,49,3,112,72562.97,2573.79
ORD-102829,1970-01-01 05:00:44.993,CUST-10622,Saudi Arabia,Middle East,Dammam,Running,Ultraboost,Unisex,36,Wholesale,Premium Consumer,Credit Card,Eid Campaign,1.0,179.19,5.0,170.23,124.27,45.96,4,No,Completed,40,3,872,67713.48876623355,2439.04
ORD-102830,1970-01-01 05:00:45.963,CUST-10563,Germany,Europe,Munich,Training,Everyday,Male,44,Marketplace,Premium Consumer,Debit Card,New Year Sale,1.0,45.11,0.0,45.11,22.39,22.72,4,Yes,Returned,34,5,782,23463.33,2061.49
ORD-102831,1970-01-01 05:00:45.675,CUST-10581,Germany,Europe,Berlin,Outdoor,Five Ten,Female,40,Retail Store,Business,Debit Card,Eid Campaign,3.0,141.35,10.0,381.64,295.85,85.79,3,No,Completed,47,3,864,7925.08,1640.57
ORD-102832,1970-01-01 05:00:45.002,CUST-10054,Usa,North America,Chicago,Running,Ultraboost,Female,36,Wholesale,Business,Credit Card,No Campaign,1.0,159.61,30.0,111.73,109.34,2.39,5,No,Completed,20,2,445,99995.72,821.21
ORD-102833,1970-01-01 05:00:45.557,CUST-10644,Pakistan,South Asia,Rawalpindi,Outdoor,Ridgewalker,Unisex,42,Mobile App,Consumer,Credit Card,New Year Sale,1.0,193.03,10.0,173.73,117.45,56.28,4,No,Completed,31,3,286,69274.93,4122.52
ORD-102834,1970-01-01 05:00:45.104,CUST-10510,Usa,North America,New York,Basketball,D.O.N. Issue,Unisex,42,Wholesale,Consumer,Digital Wallet,Black Friday,1.0,148.37,5.0,140.95,96.53,44.42,4,No,Completed,56,3,922,88703.85,2298.97
ORD-102835,1970-01-01 05:00:45.565,CUST-10720,Usa,North America,Chicago,Training,Dropset,Female,38,Mobile App,Consumer,Bank Transfer,Sports Event,1.0,124.1,30.0,86.87,58.02,28.85,5,No,Completed,33,3,769,14816.0,2907.49
ORD-102836,1970-01-01 05:00:44.927,CUST-10702,Usa,North America,Houston,Lifestyle,Superstar,Male,44,Wholesale,Premium Consumer,Digital Wallet,Sports Event,1.0,73.86,5.0,70.17,29.6,40.57,5,No,Completed,21,4,200,35685.59258407286,2778.11
ORD-102837,1970-01-01 05:00:44.959,CUST-10464,Usa,North America,Chicago,Lifestyle,Gazelle,Unisex,40,Marketplace,Premium Consumer,Cash on Delivery,New Year Sale,1.0,90.01,20.0,72.01,60.58,11.43,5,No,Completed,49,14,810,81425.71,2919.9
ORD-102838,1970-01-01 05:00:45.492,CUST-10585,Germany,Europe,Hamburg,Running,Ultraboost,Male,42,Retail Store,Consumer,Debit Card,New Year Sale,1.0,91.66,0.0,91.66,60.12,31.54,4,No,Completed,49,6,882,15573.15,3553.72
ORD-102839,1970-01-01 05:00:45.512,CUST-10427,Uae,Middle East,Dubai,Training,Rapidmove,Female,44,Mobile App,Business,Debit Card,New Year Sale,1.0,72.48,10.0,65.23,29.11,36.12,4,No,Completed,55,6,378,16559.72,3183.97
ORD-102840,1970-01-01 05:00:45.064,CUST-10195,Usa,North America,Chicago,Football,X Crazyfast,Male,38,Online Store,Consumer,Credit Card,New Year Sale,1.0,173.16,0.0,173.16,84.58,88.58,5,No,Completed,64,4,512,29897.4,1442.12
ORD-102841,1970-01-01 05:00:45.558,CUST-10131,Usa,North America,Houston,Training,Dropset,Female,44,Retail Store,Consumer,Bank Transfer,New Year Sale,1.0,75.0,10.0,67.5,43.72,23.78,2,No,Completed,49,3,722,22070.35,2813.18
ORD-102842,1970-01-01 05:00:45.951,CUST-10077,India,South Asia,Bangalore,Basketball,Own The Game,Male,44,Mobile App,Premium Consumer,Cash on Delivery,Summer Sale,2.0,146.81,10.0,264.26,126.82,137.44,3,No,Completed,53,3,264,97553.29,1298.11
ORD-102843,1970-01-01 05:00:45.464,CUST-10518,Pakistan,South Asia,Islamabad,Football,Copa,Male,36,Retail Store,Business,Debit Card,New Year Sale,1.0,75.83,30.0,53.08,33.73,19.35,3,No,Completed,41,2,187,36612.91,2985.3
ORD-102844,1970-01-01 05:00:45.658,CUST-10231,Australia,Oceania,Sydney,Outdoor,Ridgewalker,Unisex,43,Mobile App,Premium Consumer,Digital Wallet,No Campaign,150.0,233.93,0.0,233.93,102.5,131.43,1,No,Completed,37,2,897,76249.99,2216.48
ORD-102845,1970-01-01 05:00:45.111,CUST-10595,Uk,Europe,London,Running,Adizero,Female,38,Wholesale,Business,Debit Card,No Campaign,1.0,195.66,10.0,176.09,100.33,75.76,5,No,Completed,31,3,356,80602.55,293.15
ORD-102846,1970-01-01 05:00:45.327,CUST-10041,Uae,Middle East,Abu Dhabi,Basketball,Dame,Female,42,Wholesale,Consumer,Cash on Delivery,Summer Sale,1.0,156.92,20.0,125.54,112.36,13.18,4,No,Completed,21,6,240,38901.12,3696.53
ORD-102847,1970-01-01 05:00:45.170,CUST-10098,Germany,Europe,Munich,Outdoor,Ridgewalker,Unisex,42,Marketplace,Business,Bank Transfer,No Campaign,1.0,194.68,10.0,175.21,86.28,88.93,5,Yes,Returned,23,2,953,68417.26,1445.87
ORD-102848,1970-01-01 05:00:45.276,CUST-10304,Uk,Europe,Birmingham,Outdoor,Terrex,Female,42,Marketplace,Business,Credit Card,No Campaign,2.0,127.12,5.0,241.53,139.09,102.44,3,No,Completed,47,3,192,11226.11,4608.95
ORD-102849,1970-01-01 05:00:45.367,CUST-10592,Australia,Oceania,Sydney,Basketball,Harden,Male,38,Wholesale,Consumer,Cash on Delivery,New Year Sale,1.0,101.11,20.0,80.89,71.57,9.32,5,No,Completed,58,4,109,39997.72,1474.73
ORD-102850,1970-01-01 05:00:45.040,CUST-10691,India,South Asia,Mumbai,Lifestyle,Samba,Unisex,38,Marketplace,Premium Consumer,Debit Card,Black Friday,1.0,68.6,15.0,58.31,29.6,28.71,3,No,Completed,27,3,907,96747.41,4983.45
ORD-102851,1970-01-01 05:00:45.565,CUST-10512,Uae,Middle East,Dubai,Outdoor,Ridgewalker,Male,42,Wholesale,Premium Consumer,Debit Card,No Campaign,1.0,196.87,5.0,187.03,116.72,70.31,5,No,Completed,57,5,950,17268.8,2368.46
ORD-102852,1970-01-01 05:00:45.981,CUST-10504,India,South Asia,Bangalore,Football,Predator,Male,44,Retail Store,Premium Consumer,Credit Card,No Campaign,1.0,88.97,15.0,75.62,55.8,19.82,5,Yes,Returned,26,3,985,38878.27,229.4
ORD-102853,1970-01-01 05:00:45.107,CUST-10555,Uk,Europe,London,Outdoor,Five Ten,Male,38,Marketplace,Business,Cash on Delivery,Black Friday,1.0,168.67,5.0,160.24,120.72,39.52,2,No,Completed,36,3,905,79156.89,473.72
ORD-102854,1970-01-01 05:00:45.583,CUST-10628,Saudi Arabia,Middle East,Riyadh,Running,Ultraboost,Male,42,Online Store,Premium Consumer,Cash on Delivery,No Campaign,3.0,142.24,5.0,405.38,226.45,178.93,4,No,Pending,47,2,498,66709.61,502.23
ORD-102855,1970-01-01 05:00:45.131,CUST-10796,Australia,Oceania,Sydney,Training,Dropset,Unisex,43,Marketplace,Business,Bank Transfer,Black Friday,2.0,142.33,15.0,241.96,185.39,56.57,4,No,Completed,21,3,622,63336.1,375.45
ORD-102856,1970-01-01 05:00:45.760,CUST-10514,Germany,Europe,Hamburg,Basketball,Own The Game,Unisex,43,Retail Store,Business,Cash on Delivery,Black Friday,1.0,65.08,10.0,58.57,39.97,18.6,5,No,Pending,49,7,64,85399.12,1412.17
ORD-102857,1970-01-01 05:00:45.128,CUST-10641,Uk,Europe,London,Running,Adizero,Female,44,Marketplace,Consumer,Credit Card,Eid Campaign,1.0,87.34,0.0,87.34,44.4,42.94,4,No,Completed,27,3,64,3394.84,1690.49
ORD-102858,1970-01-01 05:00:45.137,CUST-10777,Uk,Europe,London,Outdoor,Terrex,Female,38,Mobile App,Business,Digital Wallet,Sports Event,1.0,110.68,10.0,99.61,52.89,46.72,5,No,Completed,59,6,316,77230.85,645.3
ORD-102859,1970-01-01 05:00:46.005,CUST-10749,India,South Asia,Mumbai,Running,Ultraboost,Male,44,Retail Store,Business,Credit Card,Eid Campaign,2.0,124.19,10.0,223.54,161.99,61.55,4,No,Completed,38,3,746,88313.63,2246.84
ORD-102860,1970-01-01 05:00:45.238,CUST-10578,Uae,Middle East,Sharjah,Training,Powerlift,Male,44,Marketplace,Business,Digital Wallet,No Campaign,1.0,43.06,30.0,30.14,19.58,10.56,5,No,Completed,56,3,94,2109.36,1890.22
ORD-102861,1970-01-01 05:00:45.226,CUST-10749,Usa,North America,New York,Lifestyle,Superstar,Unisex,42,Marketplace,Premium Consumer,Bank Transfer,Sports Event,2.0,61.21,15.0,104.06,74.73,29.33,5,No,Cancelled,25,3,458,56116.81,3217.99
ORD-102862,1970-01-01 05:00:44.949,CUST-10414,India,South Asia,Bangalore,Outdoor,Terrex,Unisex,42,Retail Store,Business,Cash on Delivery,Eid Campaign,1.0,153.48,10.0,138.13,82.0,56.13,5,No,Completed,24,4,708,35184.55,1059.74
ORD-102863,1970-01-01 05:00:45.027,CUST-10391,Uae,Middle East,Sharjah,Football,F50,Male,40,Retail Store,Consumer,Credit Card,Sports Event,1.0,158.77,0.0,158.77,104.09,54.68,5,No,Pending,64,3,802,5550.89,4578.53
ORD-102864,1970-01-01 05:00:45.937,CUST-10529,Australia,Oceania,Brisbane,Basketball,Dame,Male,44,Retail Store,Business,Digital Wallet,No Campaign,1.0,148.16,10.0,133.34,87.51,45.83,5,No,Completed,50,6,394,42065.94,2628.35
ORD-102865,1970-01-01 05:00:45.107,CUST-10660,Uae,Middle East,Dubai,Lifestyle,Campus,Female,40,Online Store,Premium Consumer,Bank Transfer,Sports Event,1.0,103.15,10.0,92.84,48.15,44.69,5,Yes,Returned,28,5,195,64581.0,3156.29
ORD-102866,1970-01-01 05:00:45.983,CUST-10246,Pakistan,South Asia,Faisalabad,Outdoor,Ridgewalker,Male,43,Online Store,Premium Consumer,Bank Transfer,No Campaign,1.0,157.8,10.0,142.02,103.63,38.39,5,No,Completed,41,3,549,91941.86,293.65
ORD-102867,1970-01-01 05:00:44.953,CUST-10489,Uae,Middle East,Abu Dhabi,Football,Copa,Female,44,Mobile App,Premium Consumer,Digital Wallet,Eid Campaign,4.0,164.38,10.0,591.77,432.12,159.65,4,No,Completed,64,3,881,62242.78,2839.53
ORD-102868,1970-01-01 05:00:45.453,CUST-10131,Germany,Europe,Berlin,Running,Ultraboost,Unisex,45,Wholesale,Business,Cash on Delivery,Eid Campaign,1.0,152.5,10.0,137.25,67.84,69.41,3,No,Completed,25,3,38,85745.94,1903.69
ORD-102869,1970-01-01 05:00:45.345,CUST-10760,Usa,North America,New York,Outdoor,Agravic,Male,43,Marketplace,Business,Cash on Delivery,Eid Campaign,1.0,124.82,10.0,112.34,62.48,49.86,4,No,Completed,55,1,148,12596.36,4628.44
ORD-102870,1970-01-01 05:00:46.014,CUST-10735,Uae,Middle East,Sharjah,Football,F50,Unisex,44,Mobile App,Premium Consumer,Digital Wallet,Sports Event,2.0,60.93,0.0,121.86,62.79,59.07,4,No,Completed,48,5,375,21446.86,4439.65
ORD-102871,1970-01-01 05:00:45.724,CUST-10276,Saudi Arabia,Middle East,Dammam,Running,Adizero,Male,43,Retail Store,Consumer,Bank Transfer,No Campaign,1.0,171.76,10.0,154.58,88.42,66.16,3,No,Pending,33,2,675,97044.14,3224.48
ORD-102872,1970-01-01 05:00:45.709,CUST-10540,India,South Asia,Delhi,Running,Adizero,Female,44,Wholesale,Premium Consumer,Digital Wallet,No Campaign,1.0,70.96,15.0,60.32,50.13,10.19,4,No,Completed,34,7,365,88796.37,3862.47
ORD-102873,1970-01-01 05:00:45.351,CUST-10063,Pakistan,South Asia,Islamabad,Football,Predator,Male,44,Wholesale,Business,Cash on Delivery,Sports Event,1.0,105.28,0.0,105.28,48.21,57.07,4,No,Completed,33,3,731,23905.08,3258.51
ORD-102874,1970-01-01 05:00:45.520,CUST-10853,Saudi Arabia,Middle East,Jeddah,Lifestyle,Gazelle,Male,38,Marketplace,Premium Consumer,Bank Transfer,Sports Event,1.0,58.04,10.0,52.24,32.41,19.83,4,No,Completed,52,4,455,62286.9,183.14
ORD-102875,1970-01-01 05:00:45.557,CUST-10293,Pakistan,South Asia,Faisalabad,Basketball,Harden,Male,45,Retail Store,Business,Cash on Delivery,No Campaign,1.0,94.21,5.0,89.5,55.1,34.4,5,No,Completed,61,5,275,36581.96,3545.32
ORD-102876,1970-01-01 05:00:45.042,CUST-10256,Usa,North America,Chicago,Training,Powerlift,Unisex,42,Retail Store,Business,Digital Wallet,Eid Campaign,1.0,49.19,0.0,49.19,31.52,17.67,5,No,Completed,61,2,554,47125.55,967.74
ORD-102877,1970-01-01 05:00:45.972,CUST-10080,Pakistan,South Asia,Rawalpindi,Lifestyle,Campus,Female,45,Mobile App,Premium Consumer,Digital Wallet,No Campaign,2.0,59.56,10.0,107.21,65.99,41.22,5,No,Completed,18,4,509,86157.38,3444.6
ORD-102878,1970-01-01 05:00:45.679,CUST-10103,Uae,Middle East,Sharjah,Lifestyle,Gazelle,Unisex,45,Retail Store,Consumer,Bank Transfer,Summer Sale,1.0,74.22,0.0,74.22,32.32,41.9,5,No,Completed,33,4,237,73703.4,151.48
ORD-102879,1970-01-01 05:00:45.242,CUST-10428,Pakistan,South Asia,Karachi,Running,Adizero,Female,38,Online Store,Premium Consumer,Bank Transfer,New Year Sale,1.0,151.02,5.0,143.47,66.87,76.6,4,No,Completed,62,3,404,24225.03,1623.44
ORD-102880,1970-01-01 05:00:45.792,CUST-10798,Germany,Europe,Munich,Training,Everyday,Female,44,Wholesale,Consumer,Bank Transfer,Eid Campaign,1.0,49.3,10.0,44.37,32.29,12.08,3,No,Completed,47,3,162,31941.31,2632.95
ORD-102881,1970-01-01 05:00:45.909,CUST-10682,Uk,Europe,Manchester,Basketball,Harden,Unisex,44,Wholesale,Premium Consumer,Bank Transfer,Eid Campaign,1.0,75.61,5.0,71.83,48.41,23.42,5,No,Completed,31,2,319,29326.19,1732.54
ORD-102882,1970-01-01 05:00:45.400,CUST-10402,Germany,Europe,Munich,Football,Predator,Unisex,42,Online Store,Premium Consumer,Cash on Delivery,Black Friday,1.0,78.92,20.0,63.14,48.97,14.17,5,No,Completed,43,4,618,78175.95,3500.54
ORD-102883,1970-01-01 05:00:45.957,CUST-10604,Germany,Europe,Hamburg,Lifestyle,Gazelle,Unisex,44,Marketplace,Business,Digital Wallet,Black Friday,1.0,98.61,15.0,83.82,67.01,16.81,3,No,Completed,58,3,799,49263.8,2661.28
ORD-102884,1970-01-01 05:00:45.523,CUST-10500,India,South Asia,Mumbai,Outdoor,Terrex,Female,40,Mobile App,Premium Consumer,Cash on Delivery,No Campaign,2.0,241.07,0.0,482.14,266.0,216.14,3,No,Cancelled,52,4,803,95097.07,4802.37
ORD-102885,1970-01-01 05:00:45.796,CUST-10095,India,South Asia,Bangalore,Lifestyle,Superstar,Female,42,Marketplace,Business,Digital Wallet,Black Friday,1.0,125.49,15.0,106.67,75.94,30.73,5,Yes,Returned,25,2,616,81760.37,1853.28
ORD-102886,1970-01-01 05:00:45.819,CUST-10330,Germany,Europe,Munich,Running,Solarboost,Male,43,Mobile App,Business,Bank Transfer,Eid Campaign,1.0,136.8,15.0,116.28,59.28,57.0,5,No,Completed,42,3,68,21513.85,3637.11
ORD-102887,1970-01-01 05:00:45.029,CUST-10307,Saudi Arabia,Middle East,Dammam,Outdoor,Terrex,Male,42,Wholesale,Consumer,Credit Card,No Campaign,1.0,222.28,0.0,222.28,122.78,99.5,5,No,Completed,28,3,108,78701.31,4195.62
ORD-102888,1970-01-01 05:00:45.102,CUST-10139,Usa,North America,Chicago,Football,Predator,Unisex,44,Retail Store,Consumer,Cash on Delivery,Summer Sale,1.0,54.72,20.0,43.78,29.35,14.43,4,No,Completed,57,2,179,50854.9,1342.73
ORD-102889,1970-01-01 05:00:45.367,CUST-10037,Uae,Middle East,Abu Dhabi,Lifestyle,Campus,Unisex,40,Mobile App,Premium Consumer,Digital Wallet,New Year Sale,1.0,96.12,10.0,86.51,45.09,41.42,4,Yes,Returned,58,4,131,25744.16,3795.24
ORD-102890,1970-01-01 05:00:45.819,CUST-10276,Pakistan,South Asia,Rawalpindi,Lifestyle,Campus,Male,38,Online Store,Premium Consumer,Credit Card,Summer Sale,1.0,76.35,30.0,53.44,42.96,10.48,4,No,Completed,55,3,518,36651.51,2027.24
ORD-102891,1970-01-01 05:00:45.074,CUST-10475,Saudi Arabia,Middle East,Dammam,Basketball,D.O.N. Issue,Male,44,Retail Store,Premium Consumer,Bank Transfer,Eid Campaign,2.0,84.42,0.0,168.84,121.21,47.63,3,No,Completed,25,5,993,97226.55,730.76
ORD-102892,1970-01-01 05:00:45.140,CUST-10599,Usa,North America,Chicago,Outdoor,Five Ten,Female,44,Marketplace,Premium Consumer,Credit Card,Black Friday,4.0,249.58,15.0,848.57,621.51,227.06,3,No,Cancelled,50,3,851,48654.16,117.87
ORD-102893,1970-01-01 05:00:45.731,CUST-10026,Saudi Arabia,Middle East,Riyadh,Lifestyle,Gazelle,Unisex,43,Mobile App,Premium Consumer,Digital Wallet,Sports Event,1.0,104.72,0.0,104.72,52.39,52.33,5,No,Completed,30,3,454,72100.78,3744.41
ORD-102894,1970-01-01 05:00:45.025,CUST-10263,Uae,Middle East,Sharjah,Training,Powerlift,Female,42,Mobile App,Business,Cash on Delivery,New Year Sale,1.0,86.28,5.0,81.97,59.49,22.48,2,Yes,Returned,49,4,407,47969.99,1012.6
ORD-102895,1970-01-01 05:00:46.013,CUST-10537,India,South Asia,Bangalore,Running,Adizero,Female,44,Retail Store,Business,Cash on Delivery,Sports Event,1.0,211.82,15.0,180.05,131.57,48.48,5,No,Completed,53,2,660,37469.95,350.85
ORD-102896,1970-01-01 05:00:45.658,CUST-10855,Pakistan,South Asia,Islamabad,Football,Predator,Unisex,42,Wholesale,Consumer,Credit Card,Sports Event,1.0,122.15,6.81,109.94,68.17,41.77,4,No,Completed,26,3,184,79743.79,2536.32
ORD-102897,1970-01-01 05:00:45.582,CUST-10770,Australia,Oceania,Brisbane,Training,Everyday,Male,38,Retail Store,Premium Consumer,Debit Card,Eid Campaign,1.0,73.21,10.0,65.89,48.25,17.64,3,No,Completed,43,2,456,84908.27,1798.82
ORD-102898,1970-01-01 05:00:45.741,CUST-10627,Uk,Europe,Manchester,Football,Copa,Unisex,38,Marketplace,Premium Consumer,Digital Wallet,No Campaign,1.0,138.72,20.0,110.98,77.7,33.28,4,No,Completed,37,7,914,7652.97,3489.85
ORD-102899,1970-01-01 05:00:45.911,CUST-10225,Australia,Oceania,Melbourne,Lifestyle,Samba,Male,38,Wholesale,Business,Credit Card,Eid Campaign,2.0,159.32,0.0,318.64,216.31,102.33,5,No,Completed,24,1,979,28258.27,626.09
ORD-102900,1970-01-01 05:00:45.067,CUST-10507,Australia,Oceania,Sydney,Basketball,Dame,Unisex,44,Marketplace,Consumer,Cash on Delivery,New Year Sale,1.0,140.11,30.0,98.08,84.34,13.74,5,No,Completed,42,2,504,51033.17,750.0
ORD-102901,1970-01-01 05:00:45.132,CUST-10676,Uae,Middle East,Abu Dhabi,Basketball,Harden,Female,45,Retail Store,Business,Debit Card,New Year Sale,1.0,164.21,50.0,82.1,76.39,5.71,4,No,Cancelled,36,5,667,31991.53,2080.13
ORD-102902,1970-01-01 05:00:45.484,CUST-10661,Germany,Europe,Munich,Outdoor,Five Ten,Female,38,Marketplace,Premium Consumer,Cash on Delivery,New Year Sale,1.0,180.68,20.0,144.54,89.56,54.98,4,No,Completed,29,10,927,78466.51,2650.0
ORD-102903,1970-01-01 05:00:45.667,CUST-10400,Pakistan,South Asia,Islamabad,Training,Dropset,Female,44,Retail Store,Business,Cash on Delivery,Summer Sale,1.0,106.48,10.0,95.83,57.53,38.3,4,No,Completed,47,4,509,11915.97,4138.55
ORD-102904,1970-01-01 05:00:45.935,CUST-10628,Usa,North America,New York,Lifestyle,Superstar,Female,43,Wholesale,Consumer,Debit Card,Sports Event,150.0,142.24,5.0,135.13,88.55,46.58,5,No,Completed,63,7,289,79880.93,2969.56
ORD-102905,1970-01-01 05:00:45.037,CUST-10459,Pakistan,South Asia,Faisalabad,Lifestyle,Campus,Female,42,Marketplace,Consumer,Cash on Delivery,Summer Sale,1.0,65.35,15.0,55.55,41.36,14.19,4,No,Completed,41,6,244,61979.7,4522.73
ORD-102906,1970-01-01 05:00:45.882,CUST-10720,Germany,Europe,Berlin,Lifestyle,Superstar,Male,36,Online Store,Consumer,Cash on Delivery,Sports Event,1.0,159.14,5.0,151.18,112.19,38.99,5,No,Cancelled,43,3,783,29292.09,1167.06
ORD-102907,1970-01-01 05:00:45.395,CUST-10566,Uk,Europe,London,Training,Rapidmove,Unisex,44,Retail Store,Business,Credit Card,Sports Event,1.0,140.49,30.0,98.34,99.99,-1.65,2,No,Completed,38,3,37,34773.24,3021.48
ORD-102908,1970-01-01 05:00:45.200,CUST-10004,Uk,Europe,London,Outdoor,Five Ten,Female,42,Mobile App,Business,Cash on Delivery,Eid Campaign,1.0,159.94,10.0,143.95,73.1,70.85,4,No,Completed,26,4,114,18698.47,3310.67
ORD-102909,1970-01-01 05:00:45.628,CUST-10830,Uk,Europe,Manchester,Running,Adizero,Unisex,44,Marketplace,Consumer,Digital Wallet,New Year Sale,1.0,153.12,10.0,137.81,103.29,34.52,4,No,Completed,63,4,497,25631.05,3656.44
ORD-102910,1970-01-01 05:00:45.884,CUST-10471,Germany,Europe,Berlin,Outdoor,Agravic,Unisex,42,Retail Store,Consumer,Debit Card,No Campaign,1.0,167.41,0.0,167.41,73.9,93.51,5,Yes,Returned,50,1,336,44607.578693295116,4944.39
ORD-102911,1970-01-01 05:00:44.963,CUST-10199,Germany,Europe,Hamburg,Basketball,Dame,Male,42,Mobile App,Business,Bank Transfer,Black Friday,2.0,89.1,0.0,178.2,75.03,103.17,4,No,Completed,28,10,458,37900.47,2393.37
ORD-102912,1970-01-01 05:00:45.764,CUST-10177,Australia,Oceania,Melbourne,Basketball,D.O.N. Issue,Male,40,Wholesale,Premium Consumer,Credit Card,Summer Sale,2.0,179.79,30.0,251.71,244.7,7.01,3,No,Completed,59,4,118,68904.67,1909.67
ORD-102913,1970-01-01 05:00:45.364,CUST-10545,Usa,North America,Chicago,Football,X Crazyfast,Female,36,Marketplace,Consumer,Digital Wallet,No Campaign,1.0,120.64,20.0,96.51,63.9,32.61,4,No,Completed,27,6,643,51653.7,4275.81
ORD-102914,1970-01-01 05:00:45.123,CUST-10403,Uk,Europe,Manchester,Training,Rapidmove,Unisex,44,Wholesale,Premium Consumer,Debit Card,Black Friday,2.0,78.63,5.0,149.4,69.57,79.83,4,No,Completed,42,5,55,14957.13,966.28
ORD-102915,1970-01-01 05:00:45.581,CUST-10777,India,South Asia,Kolkata,Lifestyle,Campus,Female,36,Wholesale,Business,Debit Card,Eid Campaign,1.0,55.58,15.0,47.24,23.41,23.83,5,No,Completed,57,3,423,50157.53,281.44
ORD-102916,1970-01-01 05:00:45.002,CUST-10166,Uk,Europe,London,Basketball,Own The Game,Female,36,Retail Store,Business,Digital Wallet,No Campaign,1.0,84.18,0.0,84.18,33.91,50.27,4,Yes,Returned,30,6,119,75768.75,2273.59
ORD-102917,1970-01-01 05:00:45.639,CUST-10454,Pakistan,South Asia,Rawalpindi,Running,Duramo,Unisex,36,Online Store,Consumer,Digital Wallet,Sports Event,1.0,75.89,15.0,64.51,31.88,32.63,5,No,Completed,43,2,49,30118.71,1311.31
ORD-102918,1970-01-01 05:00:45.479,CUST-10836,Pakistan,South Asia,Rawalpindi,Training,Rapidmove,Male,44,Wholesale,Premium Consumer,Bank Transfer,Summer Sale,2.0,49.01,8.27,93.12,57.46,35.66,5,No,Completed,59,3,364,64984.13,2042.97
ORD-102919,1970-01-01 05:00:45.741,CUST-10889,Germany,Europe,Hamburg,Basketball,D.O.N. Issue,Male,38,Marketplace,Business,Debit Card,Sports Event,1.0,70.73,10.0,63.66,47.49,16.17,4,No,Completed,37,5,372,20303.75,4931.81
ORD-102920,1970-01-01 05:00:45.438,CUST-10493,Usa,North America,Chicago,Training,Rapidmove,Male,43,Mobile App,Consumer,Cash on Delivery,Sports Event,1.0,127.08,0.0,127.08,61.83,65.25,2,No,Pending,33,6,935,14002.05,1807.59
ORD-102921,1970-01-01 05:00:45.020,CUST-10299,Germany,Europe,Munich,Outdoor,Five Ten,Male,44,Retail Store,Consumer,Bank Transfer,New Year Sale,2.0,151.75,20.0,242.8,163.31,79.49,4,No,Completed,38,4,361,36342.5,3569.03
ORD-102922,1970-01-01 05:00:45.364,CUST-10530,Saudi Arabia,Middle East,Riyadh,Basketball,D.O.N. Issue,Female,38,Retail Store,Business,Credit Card,No Campaign,1.0,173.18,10.0,155.86,122.57,33.29,4,No,Completed,35,2,81,39225.76,1326.97
ORD-102923,1970-01-01 05:00:45.885,CUST-10731,Uk,Europe,Manchester,Football,Predator,Male,44,Marketplace,Business,Debit Card,Eid Campaign,1.0,70.54,0.0,70.54,43.76,26.78,1,No,Completed,62,6,881,76220.46,1586.77
ORD-102924,1970-01-01 05:00:45.569,CUST-10116,Usa,North America,Houston,Outdoor,Ridgewalker,Unisex,43,Mobile App,Consumer,Cash on Delivery,New Year Sale,1.0,169.9,15.0,144.42,90.36,54.06,4,No,Cancelled,38,5,560,46277.84,1291.46
ORD-102925,1970-01-01 05:00:45.032,CUST-10030,Pakistan,South Asia,Rawalpindi,Football,Predator,Unisex,42,Marketplace,Business,Digital Wallet,Black Friday,1.0,117.56,10.0,105.8,75.44,30.36,4,No,Completed,21,2,47,8582.87,2903.59
ORD-102926,1970-01-01 05:00:45.978,CUST-10766,Uae,Middle East,Dubai,Training,Dropset,Female,40,Mobile App,Consumer,Digital Wallet,No Campaign,1.0,147.5,15.0,125.38,62.34,63.04,5,No,Pending,37,1,645,63582.95,1207.93
ORD-102927,1970-01-01 05:00:45.216,CUST-10169,Uk,Europe,Birmingham,Outdoor,Terrex,Unisex,43,Mobile App,Business,Credit Card,No Campaign,1.0,129.48,20.0,103.58,78.76,24.82,5,No,Completed,23,3,237,47190.7,3619.98
ORD-102928,1970-01-01 05:00:45.328,CUST-10128,Uae,Middle East,Dubai,Outdoor,Ridgewalker,Male,44,Retail Store,Premium Consumer,Debit Card,Eid Campaign,1.0,155.3,9.95,132.0,75.5,56.5,5,No,Completed,41,4,991,33498.5,3433.34
ORD-102929,1970-01-01 05:00:45.227,CUST-10247,India,South Asia,Bangalore,Running,Duramo,Unisex,44,Mobile App,Premium Consumer,Digital Wallet,Black Friday,1.0,83.02,15.0,70.57,42.53,28.04,4,No,Completed,56,3,381,80320.77,2164.22
ORD-102930,1970-01-01 05:00:45.366,CUST-10352,Uk,Europe,London,Training,Everyday,Female,42,Marketplace,Premium Consumer,Credit Card,No Campaign,1.0,111.41,5.0,105.84,49.21,56.63,5,No,Completed,53,10,388,15861.29,225.33
ORD-102931,1970-01-01 05:00:45.101,CUST-10766,India,South Asia,Mumbai,Outdoor,Agravic,Female,44,Retail Store,Business,Credit Card,Sports Event,1.0,147.41,30.0,103.19,67.93,35.26,4,No,Completed,37,7,334,91364.63,210.99
ORD-102932,1970-01-01 05:00:45.349,CUST-10680,Germany,Europe,Hamburg,Football,Predator,Unisex,45,Online Store,Business,Bank Transfer,Summer Sale,1.0,52.69,15.0,44.79,33.62,11.17,3,No,Cancelled,57,4,684,33739.12,2710.75
ORD-102933,1970-01-01 05:00:45.977,CUST-10156,Australia,Oceania,Melbourne,Outdoor,Five Ten,Male,45,Marketplace,Premium Consumer,Credit Card,No Campaign,1.0,90.47,10.0,81.42,54.29,27.13,5,No,Completed,45,3,911,46363.67,4212.07
ORD-102934,1970-01-01 05:00:45.266,CUST-10496,Usa,North America,New York,Outdoor,Ridgewalker,Male,44,Wholesale,Consumer,Debit Card,No Campaign,2.0,85.16,15.0,144.77,96.08,48.69,4,No,Completed,58,4,879,58977.40120355403,3034.48
ORD-102935,1970-01-01 05:00:45.126,CUST-10051,Germany,Europe,Berlin,Basketball,D.O.N. Issue,Male,44,Retail Store,Business,Debit Card,Eid Campaign,1.0,174.68,50.0,87.34,101.91,-14.57,5,No,Completed,63,5,656,76243.36,2234.69
ORD-102936,1970-01-01 05:00:45.967,CUST-10485,Pakistan,South Asia,Faisalabad,Football,Predator,Female,44,Mobile App,Premium Consumer,Credit Card,Sports Event,1.0,156.7,5.0,148.86,94.53,54.33,5,No,Completed,27,2,186,37800.564605967884,4422.38
ORD-102937,1970-01-01 05:00:45.818,CUST-10663,Pakistan,South Asia,Lahore,Training,Rapidmove,Unisex,42,Mobile App,Premium Consumer,Debit Card,Sports Event,1.0,87.65,5.0,83.27,59.47,23.8,5,No,Completed,34,3,119,58040.54,1065.28
ORD-102938,1970-01-01 05:00:45.789,CUST-10766,Germany,Europe,Hamburg,Running,Duramo,Female,38,Mobile App,Consumer,Credit Card,Eid Campaign,1.0,147.11,10.0,132.4,102.92,29.48,5,No,Completed,29,14,695,31381.11,1861.18
ORD-102939,1970-01-01 05:00:45.999,CUST-10432,Uae,Middle East,Sharjah,Running,Solarboost,Female,45,Online Store,Business,Cash on Delivery,No Campaign,1.0,84.89,30.0,59.42,37.72,21.7,3,No,Completed,41,3,356,51094.58,2870.02
ORD-102940,1970-01-01 05:00:45.018,CUST-10377,Usa,North America,Los Angeles,Lifestyle,Gazelle,Unisex,40,Mobile App,Premium Consumer,Cash on Delivery,Eid Campaign,1.0,75.47,10.0,67.92,44.06,23.86,5,No,Completed,35,7,362,74425.42,1529.18
ORD-102941,1970-01-01 05:00:45.883,CUST-10124,Uk,Europe,Manchester,Lifestyle,Superstar,Male,38,Mobile App,Consumer,Cash on Delivery,Sports Event,0.0,54.94,50.0,27.47,31.44,-3.97,5,No,Completed,31,10,590,49869.2,4988.79
ORD-102942,1970-01-01 05:00:45.719,CUST-10006,Saudi Arabia,Middle East,Jeddah,Lifestyle,Samba,Unisex,36,Wholesale,Business,Digital Wallet,Sports Event,2.0,67.09,30.0,93.93,80.76,13.17,4,No,Completed,24,3,162,7566.68,2316.37
ORD-102943,1970-01-01 05:00:45.194,CUST-10219,Pakistan,South Asia,Islamabad,Football,Copa,Unisex,38,Wholesale,Premium Consumer,Credit Card,No Campaign,1.0,169.73,5.0,161.24,96.73,64.51,5,No,Completed,47,10,7,53233.06,353.44
ORD-102944,1970-01-01 05:00:45.131,CUST-10415,India,South Asia,Mumbai,Outdoor,Agravic,Female,45,Retail Store,Business,Digital Wallet,Eid Campaign,3.0,191.73,10.0,517.67,348.19,169.48,5,No,Completed,22,2,610,2900.9,962.81
ORD-102945,1970-01-01 05:00:45.285,CUST-10122,Pakistan,South Asia,Lahore,Training,Everyday,Female,42,Online Store,Business,Debit Card,Sports Event,2.0,118.85,7.25,213.93,148.84,65.09,3,No,Completed,50,2,316,35166.73,2709.16
ORD-102946,1970-01-01 05:00:45.625,CUST-10177,Usa,North America,Los Angeles,Outdoor,Ridgewalker,Female,36,Retail Store,Consumer,Credit Card,Eid Campaign,1.0,176.47,0.0,176.47,95.11,81.36,5,No,Completed,52,3,867,48064.04,2795.28
ORD-102947,1970-01-01 05:00:45.678,CUST-10255,Pakistan,South Asia,Islamabad,Lifestyle,Superstar,Male,36,Retail Store,Business,Debit Card,Summer Sale,1.0,103.26,20.0,82.61,52.67,29.94,5,No,Completed,57,3,26,64645.02,4922.31
ORD-102948,1970-01-01 05:00:45.958,CUST-10772,Germany,Europe,Munich,Lifestyle,Gazelle,Male,38,Online Store,Premium Consumer,Cash on Delivery,Eid Campaign,1.0,54.23,10.0,48.81,34.2,14.61,5,No,Completed,60,2,973,50867.58,3039.84
ORD-102949,1970-01-01 05:00:45.910,CUST-10210,Saudi Arabia,Middle East,Jeddah,Basketball,D.O.N. Issue,Female,38,Mobile App,Business,Debit Card,Sports Event,1.0,64.87,0.0,64.87,30.43,34.44,2,Yes,Returned,47,3,886,15618.71,3366.47
ORD-102950,1970-01-01 05:00:45.260,CUST-10185,Germany,Europe,Hamburg,Running,Ultraboost,Male,44,Online Store,Consumer,Debit Card,New Year Sale,2.0,169.6,30.0,237.44,143.5,93.94,5,No,Completed,34,2,982,38702.25151675665,1147.24
ORD-102951,1970-01-01 05:00:45.603,CUST-10176,Saudi Arabia,Middle East,Jeddah,Football,Predator,Unisex,44,Wholesale,Business,Credit Card,Summer Sale,2.0,102.24,0.0,204.48,110.46,94.02,4,No,Completed,46,3,275,65204.82,623.64
ORD-102952,1970-01-01 05:00:45.131,CUST-10096,Germany,Europe,Munich,Lifestyle,Superstar,Male,38,Mobile App,Business,Credit Card,Summer Sale,1.0,60.8,10.0,54.72,26.55,28.17,5,No,Pending,39,5,824,32038.29,3049.85
ORD-102953,1970-01-01 05:00:45.951,CUST-10155,Pakistan,South Asia,Rawalpindi,Basketball,Own The Game,Male,44,Online Store,Consumer,Cash on Delivery,Sports Event,2.0,123.35,0.0,246.7,170.9,75.8,2,No,Cancelled,59,4,965,96611.0,4337.91
ORD-102954,1970-01-01 05:00:45.117,CUST-10816,Usa,North America,Houston,Running,Solarboost,Female,45,Retail Store,Business,Bank Transfer,New Year Sale,2.0,188.39,5.0,357.94,197.29,160.65,4,No,Completed,34,5,471,88316.47,2978.13
ORD-102955,1970-01-01 05:00:45.844,CUST-10532,Germany,Europe,Munich,Football,X Crazyfast,Unisex,44,Online Store,Business,Digital Wallet,Eid Campaign,3.0,160.75,0.0,482.25,200.99,281.26,4,No,Completed,40,2,790,14777.26,2269.64
ORD-102956,1970-01-01 05:00:45.051,CUST-10890,Australia,Oceania,Sydney,Training,Rapidmove,Female,44,Retail Store,Premium Consumer,Cash on Delivery,Sports Event,2.0,79.58,20.0,127.33,87.25,40.08,5,No,Completed,59,3,867,65715.19,2933.21
ORD-102957,1970-01-01 05:00:45.090,CUST-10329,Australia,Oceania,Brisbane,Outdoor,Ridgewalker,Female,38,Online Store,Consumer,Debit Card,Summer Sale,1.0,112.23,5.0,106.62,47.74,58.88,4,No,Completed,52,1,715,56226.91,2396.98
ORD-102958,1970-01-01 05:00:45.851,CUST-10744,Uk,Europe,Manchester,Lifestyle,Superstar,Female,44,Marketplace,Consumer,Credit Card,Black Friday,3.0,130.99,10.0,353.67,172.4,181.27,5,No,Completed,33,3,897,19684.49,795.22
ORD-102959,1970-01-01 05:00:45.548,CUST-10347,Uk,Europe,Birmingham,Lifestyle,Samba,Female,42,Online Store,Business,Credit Card,Black Friday,1.0,141.32,20.0,113.06,87.41,25.65,4,No,Completed,27,4,922,23730.78,3731.8
ORD-102960,1970-01-01 05:00:45.519,CUST-10773,Usa,North America,Los Angeles,Running,Solarboost,Female,36,Mobile App,Business,Bank Transfer,Black Friday,1.0,145.1,0.0,145.1,58.36,86.74,5,No,Completed,55,4,671,56595.49,2711.89
ORD-102961,1970-01-01 05:00:45.167,CUST-10603,Uk,Europe,London,Training,Rapidmove,Male,36,Mobile App,Business,Digital Wallet,Eid Campaign,2.0,123.53,10.0,222.35,163.85,58.5,2,No,Completed,42,1,476,32468.18,2056.68
ORD-102962,1970-01-01 05:00:45.520,CUST-10733,Uk,Europe,Birmingham,Training,Everyday,Unisex,42,Mobile App,Premium Consumer,Digital Wallet,Summer Sale,1.0,64.76,10.0,58.28,45.53,12.75,3,No,Completed,64,1,177,83565.73,2842.23
ORD-102963,1970-01-01 05:00:45.720,CUST-10620,Australia,Oceania,Brisbane,Football,X Crazyfast,Unisex,42,Marketplace,Business,Cash on Delivery,Black Friday,2.0,67.03,0.0,134.06,90.65,43.41,5,No,Completed,40,3,703,10225.05,1282.01
ORD-102964,1970-01-01 05:00:45.966,CUST-10708,Pakistan,South Asia,Islamabad,Football,Predator,Unisex,43,Wholesale,Premium Consumer,Digital Wallet,No Campaign,1.0,63.13,15.0,53.66,31.47,22.19,4,No,Cancelled,50,5,551,91446.06,2196.99
ORD-102965,1970-01-01 05:00:45.762,CUST-10602,Usa,North America,New York,Training,Powerlift,Male,45,Retail Store,Premium Consumer,Bank Transfer,Eid Campaign,1.0,72.03,5.0,68.43,50.11,18.32,4,No,Completed,33,1,359,84134.98,3149.98
ORD-102966,1970-01-01 05:00:45.829,CUST-10047,Pakistan,South Asia,Faisalabad,Lifestyle,Superstar,Female,42,Mobile App,Consumer,Debit Card,New Year Sale,2.0,126.48,15.0,215.02,136.14,78.88,1,No,Pending,56,4,235,73993.04,1208.35
ORD-102967,1970-01-01 05:00:45.383,CUST-10115,Usa,North America,Houston,Football,F50,Female,40,Mobile App,Consumer,Credit Card,No Campaign,1.0,144.7,5.0,144.7,88.99,55.71,3,No,Completed,41,2,32,26625.44,3770.08
ORD-102968,1970-01-01 05:00:45.179,CUST-10161,Australia,Oceania,Sydney,Football,Copa,Unisex,43,Retail Store,Consumer,Credit Card,Eid Campaign,1.0,153.99,0.0,153.99,70.39,83.6,4,No,Completed,39,7,540,71638.31,2652.95
ORD-102969,1970-01-01 05:00:45.262,CUST-10154,Uae,Middle East,Dubai,Basketball,Harden,Male,42,Online Store,Consumer,Debit Card,New Year Sale,1.0,79.33,20.0,63.46,38.79,24.67,5,No,Completed,38,3,544,44157.59,4322.36
ORD-102970,1970-01-01 05:00:45.703,CUST-10717,Saudi Arabia,Middle East,Riyadh,Basketball,Dame,Female,36,Mobile App,Business,Cash on Delivery,No Campaign,2.0,114.22,0.0,228.44,147.52,80.92,3,No,Completed,46,1,99,31933.887462143975,4251.46
ORD-102971,1970-01-01 05:00:45.743,CUST-10624,Saudi Arabia,Middle East,Dammam,Outdoor,Terrex,Female,40,Retail Store,Premium Consumer,Digital Wallet,New Year Sale,1.0,237.14,15.0,201.57,150.24,51.33,5,No,Completed,44,5,656,31599.16,2523.13
ORD-102972,1970-01-01 05:00:45.552,CUST-10099,Usa,North America,New York,Basketball,Harden,Male,45,Marketplace,Consumer,Digital Wallet,Sports Event,1.0,79.38,10.0,71.44,51.21,20.23,1,No,Completed,52,3,329,83667.86,1057.78
ORD-102973,1970-01-01 05:00:45.469,CUST-10152,Pakistan,South Asia,Islamabad,Running,Duramo,Unisex,45,Marketplace,Premium Consumer,Bank Transfer,Eid Campaign,1.0,104.52,15.0,88.84,49.3,39.54,2,No,Completed,42,6,64,55698.88789561328,3709.54
ORD-102974,1970-01-01 05:00:45.165,CUST-10261,Germany,Europe,Hamburg,Football,Predator,Unisex,45,Online Store,Premium Consumer,Debit Card,Black Friday,2.0,149.37,5.0,283.8,122.59,161.21,3,No,Completed,19,4,121,69300.24,2151.52
ORD-102975,1970-01-01 05:00:46.011,CUST-10525,Germany,Europe,Berlin,Basketball,Harden,Female,42,Mobile App,Premium Consumer,Cash on Delivery,Summer Sale,1.0,166.12,5.0,157.81,81.79,76.02,3,No,Completed,42,4,554,82948.81,3013.67
ORD-102976,1970-01-01 05:00:45.909,CUST-10197,Germany,Europe,Hamburg,Basketball,D.O.N. Issue,Female,45,Wholesale,Business,Digital Wallet,New Year Sale,1.0,109.44,5.0,103.97,54.09,49.88,5,No,Cancelled,38,5,958,64819.6,625.6
ORD-102977,1970-01-01 05:00:45.013,CUST-10490,Usa,North America,Los Angeles,Running,Adizero,Unisex,40,Retail Store,Consumer,Debit Card,No Campaign,1.0,113.73,5.0,108.04,68.1,39.94,4,No,Completed,60,3,884,19603.18,3194.76
ORD-102978,1970-01-01 05:00:45.594,CUST-10315,Australia,Oceania,Brisbane,Running,Ultraboost,Female,43,Retail Store,Business,Bank Transfer,Sports Event,1.0,90.91,10.0,81.82,49.16,32.66,4,Yes,Returned,18,5,720,28855.59,1930.4
ORD-102979,1970-01-01 05:00:46.001,CUST-10618,Uae,Middle East,Abu Dhabi,Lifestyle,Superstar,Male,45,Mobile App,Consumer,Credit Card,Black Friday,1.0,75.63,5.0,71.85,49.54,22.31,3,No,Completed,37,3,475,51733.08,1737.53
ORD-102980,1970-01-01 05:00:45.764,CUST-10119,Uae,Middle East,Dubai,Basketball,Dame,Unisex,38,Mobile App,Business,Bank Transfer,Eid Campaign,1.0,128.61,5.0,122.18,76.82,45.36,4,No,Completed,56,5,741,33280.18,4901.59
ORD-102981,1970-01-01 05:00:45.801,CUST-10882,Uk,Europe,London,Basketball,D.O.N. Issue,Male,42,Retail Store,Business,Bank Transfer,New Year Sale,1.0,141.48,10.0,127.33,90.7,36.63,3,No,Completed,63,4,126,989.18,2218.91
ORD-102982,1970-01-01 05:00:44.966,CUST-10662,Pakistan,South Asia,Islamabad,Training,Dropset,Male,36,Retail Store,Business,Digital Wallet,Black Friday,1.0,56.86,0.0,56.86,27.01,29.85,1,No,Completed,38,4,867,4547.47,3422.39
ORD-102983,1970-01-01 05:00:45.234,CUST-10654,Germany,Europe,Berlin,Outdoor,Terrex,Male,40,Online Store,Consumer,Digital Wallet,Black Friday,2.0,146.8,0.0,293.6,124.26,169.34,4,No,Completed,38,3,185,76892.96,3175.86
ORD-102984,1970-01-01 05:00:45.063,CUST-10220,Uk,Europe,Manchester,Basketball,Dame,Female,45,Mobile App,Business,Debit Card,Sports Event,-1.0,161.78,0.0,161.78,101.65,60.13,4,No,Completed,21,2,748,8828.86,611.09
ORD-102985,1970-01-01 05:00:45.758,CUST-10381,India,South Asia,Chennai,Running,Solarboost,Male,44,Marketplace,Business,Credit Card,No Campaign,2.0,167.44,10.0,301.39,215.72,85.67,5,No,Completed,58,4,90,92838.17,3764.84
ORD-102986,1970-01-01 05:00:45.843,CUST-10381,Germany,Europe,Munich,Football,F50,Female,40,Online Store,Consumer,Digital Wallet,No Campaign,1.0,168.81,5.0,160.37,89.52,70.85,3,No,Completed,42,3,554,44552.28,1683.48
ORD-102987,1970-01-01 05:00:45.525,CUST-10543,Australia,Oceania,Sydney,Lifestyle,Campus,Unisex,42,Retail Store,Consumer,Bank Transfer,Black Friday,1.0,114.19,20.0,91.35,78.08,13.27,5,Yes,Returned,25,2,932,75939.57,4014.8
ORD-102988,1970-01-01 05:00:45.369,CUST-10324,Australia,Oceania,Melbourne,Football,X Crazyfast,Male,36,Mobile App,Consumer,Credit Card,Black Friday,2.0,117.27,15.0,199.36,108.3,91.06,4,No,Completed,62,1,45,12987.71,3077.44
ORD-102989,1970-01-01 05:00:45.396,CUST-10517,Germany,Europe,Berlin,Training,Powerlift,Female,44,Online Store,Premium Consumer,Bank Transfer,Black Friday,2.0,55.6,20.0,88.96,75.17,13.79,4,No,Completed,21,4,24,92687.49,1653.75
ORD-102990,1970-01-01 05:00:44.941,CUST-10518,India,South Asia,Delhi,Lifestyle,Superstar,Female,36,Online Store,Business,Digital Wallet,Eid Campaign,1.0,157.51,5.0,149.63,67.54,82.09,4,No,Completed,37,2,865,3863.98,1845.84
ORD-102991,1970-01-01 05:00:44.983,CUST-10447,Australia,Oceania,Brisbane,Outdoor,Ridgewalker,Male,42,Online Store,Business,Debit Card,No Campaign,1.0,180.72,15.0,153.61,121.98,31.63,4,No,Completed,37,7,706,41131.65930221109,3684.39
ORD-102992,1970-01-01 05:00:45.649,CUST-10208,India,South Asia,Mumbai,Lifestyle,Gazelle,Male,42,Retail Store,Business,Digital Wallet,No Campaign,1.0,139.98,5.0,132.98,66.25,66.73,5,No,Completed,34,5,348,5931.29,2795.29
ORD-102993,1970-01-01 05:00:45.903,CUST-10611,Uk,Europe,Birmingham,Lifestyle,Gazelle,Female,45,Retail Store,Business,Credit Card,Black Friday,1.0,149.84,10.0,134.86,74.59,60.27,4,No,Cancelled,32,1,610,10789.11,3374.92
ORD-102994,1970-01-01 05:00:45.085,CUST-10333,Germany,Europe,Munich,Basketball,D.O.N. Issue,Male,44,Online Store,Premium Consumer,Bank Transfer,Summer Sale,2.0,84.7,15.0,143.99,96.87,47.12,5,No,Completed,52,3,767,48939.75,875.76
ORD-102995,1970-01-01 05:00:45.868,CUST-10150,Pakistan,South Asia,Islamabad,Training,Everyday,Unisex,38,Marketplace,Consumer,Cash on Delivery,New Year Sale,2.0,45.14,0.93,90.28,53.08,37.2,1,No,Completed,19,2,872,78933.51,3956.19
ORD-102996,1970-01-01 05:00:45.251,CUST-10515,Australia,Oceania,Melbourne,Football,F50,Male,42,Wholesale,Consumer,Bank Transfer,New Year Sale,1.0,59.77,0.0,59.77,36.97,22.8,5,No,Completed,24,5,434,28852.31,1669.92
ORD-102997,1970-01-01 05:00:45.291,CUST-10356,Saudi Arabia,Middle East,Dammam,Outdoor,Terrex,Unisex,44,Mobile App,Consumer,Digital Wallet,Sports Event,1.0,100.57,5.0,95.54,56.07,39.47,5,No,Completed,49,3,329,74704.79,3137.32
ORD-102998,1970-01-01 05:00:45.455,CUST-10771,Australia,Oceania,Melbourne,Training,Powerlift,Male,44,Retail Store,Business,Cash on Delivery,No Campaign,1.0,40.28,5.0,38.27,16.76,21.51,5,No,Completed,55,2,884,77519.07,661.93
ORD-102999,1970-01-01 05:00:45.264,CUST-10023,Australia,Oceania,Brisbane,Lifestyle,Superstar,Female,38,Mobile App,Consumer,Cash on Delivery,Eid Campaign,2.0,154.09,0.0,308.18,177.98,130.2,5,No,Completed,59,14,293,90873.59,1674.96
